25456,38479,7091,62294,42215,36366,9194,49817,17363,35956
18108,8886,43155,59353,59785,18970,25492,45521,38195,40685
9983,3044,3539,39822,34767,11088,44713,26244,12542,63495
45289,25444,57120,3162,27732,15151,49748,53352,13424,57821
34670,40971,51690,17340,10935,53418,23260,44629,33698,27379
52414,15154,20491,25237,41705,2850,47502,43749,46243,45180
63092,60931,528,65528,41842,2691,26063,18114,25730,27669
37896,48899,42829,2055,57324,30284,13182,50682,63912,21496
30846,58281,11000,51634,2826,58957,62793,11021,60749,63219
48985,31307,60689,30571,17920,54624,6037,64984,6988,21927
11624,5717,8805,48472,58632,48744,6570,12303,13111,26180
51142,52151,15996,7635,13510,25349,65516,63711,48382,11064
53291,15644,28412,2682,36255,9570,43912,10957,12036,58146
61293,39735,50228,8212,18810,14968,13636,21066,23267,23251
34626,41454,38246,21134,19229,60731,38589,51991,20945,34526
8596,30356,15757,38885,13819,52167,51810,64298,13361,8346
48886,63840,7438,31473,15031,1936,47767,29606,40142,28827
7051,41381,3022,5563,37900,46170,61706,61846,41175,46039
49493,45621,63269,52875,15091,5853,24333,9105,25221,1877
61570,1403,25381,22187,19748,25448,53907,54347,33827,12418
59799,11430,53165,1964,64593,35409,20748,18500,4997,48051
10520,31008,49173,3477,22860,956,36241,11520,39724,30979
54656,41439,24689,25452,13657,42223,31868,10452,50504,4314
14148,39855,42342,20062,43229,63392,2546,56253,2906,30887
49176,20507,20878,9896,439,56703,33818,65502,57461,11786
2239,58202,63845,26917,56284,18970,7437,32739,45915,15648
46559,46126,33972,726,8513,21730,8249,51938,61181,1979
31147,46180,45019,64994,61611,56014,21285,38801,15773,56416
29339,56584,61772,52684,51816,4188,7106,15970,33479,17169
62363,13860,38653,36609,34107,10447,20442,36927,10474,47629
5709,61692,49204,51650,522,44346,44973,936,60739,10867
43485,13643,38872,15998,40761,40225,59989,51259,53152,2159
8349,399,21555,14422,17294,10058,39926,9314,56570,36886
39539,34482,37518,53218,17363,702,56236,37383,55450,56885
1005,11956,43623,50627,46573,64106,41905,7012,49855,9839
32236,26914,5533,21976,49319,12593,88,2550,3951,13086
39723,36133,45124,51123,27169,23733,35501,64401,55528,22280
43569,15917,35055,7734,24895,11691,45087,61877,59419,59060
50250,41527,41121,47112,51320,10529,22872,36731,18097,2831
21346,65243,6109,8749,8451,33925,39827,64219,25926,35409
34716,36284,36,10868,55335,51670,5649,23926,54737,17924
54720,21452,3976,874,30680,20451,9277,50156,15248,14727
60070,11373,31863,4293,4669,53168,29699,16811,41753,7528
9463,45911,52891,41976,50148,35017,56965,15247,12854,57278
4469,57235,10231,54356,28736,14278,1349,45816,39935,32435
5485,34537,11927,13518,9366,11210,50123,60305,35583,49450
1495,19011,7807,25298,780,34923,49653,24612,47654,28721
55045,5674,31657,42709,40490,37437,37239,61298,2268,42969
23323,51255,31261,57973,26380,50887,15098,42172,7148,32944
29053,53905,39000,24880,12659,60009,58950,62201,60257,3748
38014,41927,52872,63656,10028,33479,2445,46311,56711,57152
30987,46265,60653,22351,43302,22267,60202,26882,17388,34269
57881,4083,49542,51450,19496,50145,40433,59064,58976,15139
22425,38572,26941,51669,50148,11296,18435,46431,37063,41436
15068,7948,12137,25041,33287,26850,62501,10492,5096,45859
61515,912,50367,12553,13053,45604,37396,2086,21190,24055
23459,53497,26657,54688,34435,64944,65165,41151,46462,15645
58782,29576,50991,60338,55171,229,41389,51481,2391,58044
3985,17336,9381,39750,27207,18160,12272,36945,13941,35374
30021,14124,19978,2330,39834,24335,4377,8294,25924,170
9589,4782,53426,55256,22161,33472,54225,39879,43888,54361
43885,3642,61133,19049,1591,42074,6923,38515,38237,7614
11859,36509,51799,25965,30114,38033,60498,19709,48366,23229
26984,28156,2368,28104,28476,11315,24171,30237,63058,630
24915,48436,59231,61783,43592,44926,52981,49416,47482,43564
61663,12574,7238,58319,63351,34174,61790,57703,40367,38408
20831,34235,63888,59668,33603,59096,32463,24737,35952,52749
52759,20111,26716,42424,55921,61066,49172,17135,2127,26717
38382,11016,6340,6041,51948,36125,50235,16699,8904,64921
62558,19132,17421,52127,53709,28336,11693,64475,52479,12832
16797,30169,56740,63450,29260,17175,56127,44033,31798,58628
706,17112,17213,29227,16863,31780,25389,10184,40862,55937
46433,35588,19442,15594,40885,37593,18734,54666,31302,46508
62534,60298,60826,32774,56129,9572,61625,24332,1181,26806
53548,27370,14589,7401,54654,41879,45885,58336,20371,35524
62516,32348,10274,26045,56614,962,11743,23619,37109,58408
53853,15754,37004,31556,59628,57739,4225,65006,45308,37627
50917,60195,32850,41099,40215,24265,57840,46308,51533,27870
30417,55476,35559,7983,26224,32413,44207,3414,21759,5198
58051,20771,31167,42337,4056,16154,40666,57479,24117,20207
37835,59266,22827,47625,22010,59483,53605,300,61830,50074
783,17640,36307,2136,26744,4025,4115,919,42938,30439
29415,9102,50531,42374,38549,35018,65503,22514,28906,21318
44814,62730,28819,65333,27468,24641,19207,3417,11972,64468
50464,14830,45247,47973,19826,38568,45667,49646,63820,17773
42052,6338,28008,6328,2510,65283,58089,44952,9048,46334
14814,62649,54402,63292,47718,26377,39943,55448,35142,19650
55788,53553,24787,61900,49548,23342,64396,27540,59527,20532
36951,19116,58207,9190,16010,25492,64686,45437,9452,17036
62544,19510,50108,30304,21660,35354,5120,20691,24579,15106
51874,47013,38372,29574,46252,52179,6175,8789,36381,25873
42817,43345,34057,56373,28886,51812,11298,17252,31798,4188
45916,60076,29511,58994,30353,37514,9568,752,21016,21618
20047,35704,45441,20739,63059,31975,47089,44963,10186,34845
7755,14377,21673,45573,9668,18529,3746,2381,17368,24550
60080,13247,42612,57819,56614,44508,44727,33903,52545,46533
43196,1929,56469,11814,49119,49353,23184,13418,18353,44999
63227,20229,50663,26706,7147,27337,5986,41971,46628,47243
9811,8575,9569,62571,58797,47469,50746,27193,35595,22339
3479,19345,64550,27805,27055,50811,32186,25780,29560,10521
56659,39794,21873,32646,38169,43751,54715,38605,56356,3400
10849,43307,62415,26225,16749,61041,53726,33467,21674,7960
64052,52342,26037,21438,19539,10623,17127,46966,10699,45902
22079,59604,25722,23358,34783,60827,63528,61613,24089,54950
1427,8303,45017,15350,25380,21354,45463,19572,38662,56153
40314,55164,62617,59393,35422,54110,21824,31475,49387,33094
60945,23325,45286,61022,7282,13536,45095,47745,42553,36011
34403,38003,31510,60123,35328,24436,48000,1341,60832,51965
37379,54854,49910,7348,54453,59394,42598,16607,47974,56245
27291,39753,11033,59417,3923,1282,21813,51059,65318,47062
13126,5640,50450,63881,31043,29936,31072,28732,49372,64206
610,23078,220,33870,54417,16560,54669,60025,24787,1945
52476,15030,40591,48928,38031,8342,965,5843,1268,3710
22089,2912,4471,20388,11679,26355,46010,9956,33317,46237
62104,50860,20786,8038,12843,50172,27272,15813,7871,58780
28951,53311,46761,17167,48461,59808,33069,59273,10057,38502
38948,45870,10094,5803,10228,8733,719,7181,535,50078
19741,35179,47644,12024,4207,15867,30266,16627,29825,45203
15264,6632,29963,42132,32241,37324,32494,35854,14994,18903
62628,65484,38201,39910,42325,26037,11828,53557,13950,50609
48294,60313,56370,55603,62653,44666,42605,40977,44364,44803
59463,43055,55602,15610,4884,1278,37856,19767,52631,7361
27167,10400,26241,12007,49803,13813,4637,59351,32095,33493
43987,53686,48059,28670,24241,56062,61772,13731,3209,11140
63067,6054,60985,56496,15053,34678,58685,41430,32422,56827
47001,33565,2313,40555,62601,9613,10241,14877,43719,16486
44247,18430,31305,48200,24301,22626,6706,47624,44760,16521
30651,439,41024,20027,61308,32621,46646,18193,62152,943
47984,35382,18751,62640,58248,56461,56711,13367,45814,20237
18346,3915,20806,44607,53197,53285,18827,8741,37412,2769
58364,40139,9408,33291,56359,6326,38292,34779,31067,11996
35007,62392,58909,59391,742,62228,7464,58302,52525,58880
4465,8538,28312,50787,3666,60668,59814,49941,48069,44700
62660,23645,22003,28043,57204,24279,21212,61979,7523,26864
40347,10181,52050,16352,55549,40651,55861,14566,19548,18463
34114,9652,43549,4158,60936,51524,37951,51125,10320,41618
25743,5559,2332,57179,43914,34701,1977,28649,22145,16310
59478,51439,10314,32097,30021,9126,54808,6034,25591,32111
5000,54089,64886,51597,613,5141,17573,24224,55644,58831
64748,37689,55312,55602,49494,43680,14000,6552,9663,45185
5332,42081,42660,28882,36726,34817,35995,37117,41390,6494
20237,11356,36674,52532,24841,37543,47199,64449,42144,23457
18749,17431,26130,26476,49304,35889,53722,31152,4205,49622
34286,25355,27502,52505,48600,25346,11737,21935,35906,12900
12920,6918,22039,9400,49800,2788,56918,53521,62756,54196
35466,32528,18417,21597,42764,11595,8656,27454,61403,41209
9175,10114,11790,15661,31245,24462,54720,54118,44234,62488
57065,58747,23209,52486,46387,46673,63202,29310,52588,22215
54972,56501,57332,40068,23223,10921,51955,15966,46846,32417
24808,51769,24845,52890,11648,34181,34244,19546,40819,4956
19034,42067,31732,61756,51789,44142,53522,57971,7141,16241
54112,49874,57004,62949,50265,62160,59586,22760,55109,44262
32256,14033,11120,19237,30066,39503,52170,55024,22189,26102
43376,612,40798,62026,38185,50064,55623,11799,55722,42263
12549,61219,47317,14555,37642,26563,14588,865,54235,22886
14659,57080,7202,51291,41946,8928,42368,60253,24058,43921
43930,23015,12218,51421,41931,55283,38353,60265,51485,56609
45239,19756,47877,60937,12818,55134,13018,22667,6769,49601
51246,48116,18765,34444,21546,61381,40215,48050,1316,60195
39814,40887,61331,39004,63575,12129,51842,37874,31397,45585
7170,6628,3685,37951,56104,37534,61249,16922,17223,45887
3131,48719,24480,17135,48411,31042,18865,18073,53684,26080
54347,62852,27092,2118,9655,44071,28424,52611,13538,37899
36163,59830,44363,40544,43927,23683,55577,51284,15989,16185
33736,52800,61863,22001,47615,47131,57604,64726,42525,4291
49376,46539,34514,25504,21955,39332,29367,14309,48536,42187
8506,6366,42168,16185,19577,22460,64942,37151,56703,14956
2470,14017,25094,65455,42280,48310,21313,53823,3630,16834
2328,55773,17421,65421,48347,62078,17154,17005,14749,19357
20162,9984,6437,18755,36588,5015,43793,11914,7620,4783
47261,21210,43812,54903,6055,24272,35101,55934,63945,57206
44248,37841,60544,5260,26939,30730,54462,42609,63985,10839
40487,44227,11648,15222,13505,44245,13033,64844,64822,682
22032,44347,46527,15634,43147,37982,6517,58327,19305,38526
32719,39902,65484,59671,46602,32503,65425,20225,579,4451
47637,11414,64304,39721,59213,5800,22642,36890,37128,15482
138,10703,53746,51067,42450,2905,54168,51871,25305,54656
23430,21271,58115,1391,54461,4576,60865,51675,6964,49053
53933,21060,26124,45339,64471,44965,42451,23036,15204,4850
38733,31253,37522,4101,5674,32257,63076,36022,45793,34253
29567,3627,35759,53815,30093,24481,6501,48788,5659,47818
26446,40361,11437,49818,54952,10899,33587,63883,44960,39672
42752,54671,8492,6996,45009,33855,61815,28361,56909,17256
52059,14760,51774,28547,27906,17332,60969,2631,1154,50629
22521,37087,50238,14175,40025,56782,3748,43626,40762,49699
19156,22666,26944,57697,42943,7210,7182,14459,51198,44025
42957,11739,6662,13268,42366,57769,45799,30000,41968,57012
54871,688,7275,22524,25322,56713,32781,44352,2204,43518
7766,49573,15574,20912,46003,9211,28568,37865,58346,46845
7707,18169,27490,44111,45224,52577,10147,55915,27930,22740
60372,19419,11572,6705,62213,10745,20023,53005,35418,48762
8272,5388,26738,28571,59175,52677,1325,63994,54978,38456
42388,20595,46037,55921,22865,47742,22472,35110,19131,50497
17003,19386,10811,50466,20435,52739,26738,19458,19312,10342
53756,51848,11083,32358,17656,872,18197,21707,23842,32071
25107,52585,2481,55956,42505,6381,46580,51258,52304,57374
5151,53197,64535,39066,52274,38392,65141,6839,36007,60227
5550,26365,62841,33154,18300,40514,21143,35135,20885,61955
17729,49109,40534,6774,29609,58893,32108,55053,52049,22399
49323,37582,64677,1431,2208,22975,40746,18351,26168,36154
6919,62521,39225,5458,15440,22896,7086,36485,35357,34893
36845,58634,726,56807,55456,62064,31875,57753,20361,24278
46312,9244,38943,57713,51276,10275,15362,19069,34207,28665
12635,30949,52401,63045,14917,48110,29142,52301,8105,40827
11410,31474,51039,55038,64664,58975,39765,43669,28042,60752
494,14246,56341,47667,61787,23813,64101,48597,2315,22354
2242,9175,43213,35649,65535,38356,43530,21077,41494,7766
3365,8272,17546,16419,51139,51576,20409,52902,20212,29225
41114,1927,732,57975,12730,60418,11907,18649,20001,65467
61046,43572,37622,43102,41095,19098,52586,56395,24406,60739
18734,32962,32022,20325,25213,6851,28718,49226,32289,45372
46860,34833,48567,6194,16557,56418,51618,54953,57012,63706
27078,27078,9230,31571,41717,63424,30903,8236,26115,55183
19670,47906,12468,38240,15461,25910,47238,43658,27630,30409
60756,2140,56899,60563,28735,12495,42219,40233,20901,62171
32540,23164,14209,63515,54755,61721,39398,55487,44548,22107
29055,47745,39888,12594,47367,47247,59949,56525,14281,17057
1020,31059,16020,53225,32080,49185,64849,51252,11624,13441
12072,24080,15050,29289,50667,50691,45994,7968,9133,15299
22198,58779,23643,8518,8293,46682,38872,11396,28488,4946
43555,17897,55202,30502,29269,51917,56713,35322,32803,4661
26363,53959,22887,48699,31748,35878,6154,23446,40818,53937
10360,55200,17797,52103,50642,46772,6966,39714,38979,28311
20280,50213,10955,20961,16096,42026,17192,22102,52222,43783
19237,28016,34799,41550,60668,269,19032,39409,48551,36484
45448,47689,55063,46820,565,34230,18163,29736,35363,32934
21191,37768,35189,62251,26864,41226,48721,36893,43982,65349
60753,55112,43149,65320,32703,25098,35899,55525,14045,10409
64773,33109,50113,12389,64525,21458,61203,60612,21260,18775
2740,65433,38541,28254,9070,405,53491,10767,29137,11787
20314,22912,21200,63140,14926,33864,42271,11331,32836,40668
16470,40831,30115,48679,34019,8437,4390,33728,2106,4591
37575,24827,9584,55834,34404,898,21743,3918,2069,44381
42377,37132,23140,12999,55463,37227,55211,50697,36247,58553
6490,51317,24554,53407,16214,268,24050,54080,26821,49173
34443,60223,25531,35514,59948,42798,27910,51600,59895,9135
30149,62409,29576,61730,31101,3556,50692,50686,37766,55662
54534,52035,50713,1800,32649,27934,40965,58870,3960,25067
61540,53625,63436,26583,27341,15303,6162,4871,31595,43134
57421,56574,56227,22057,33593,23256,1670,10422,59328,64988
49201,11655,9779,30716,62255,585,2025,42860,55688,32522
63897,54232,35961,48020,6687,37953,34921,44528,58244,62275
35137,60033,47765,37220,53217,21493,31209,49448,64837,18968
61340,14164,22072,60280,42873,51663,5689,30608,18000,2357
40815,33474,44509,58870,57135,52879,52906,40478,32832,10259
42043,22033,30239,48098,1723,27530,14086,44228,62301,65123
49559,35570,62479,37832,63406,57145,54882,16261,18104,29403
14302,41378,49569,32512,54985,24403,33850,28066,22776,10512
31671,47065,22747,21120,41427,51766,41613,30832,6613,52639
46687,23040,49818,28146,64859,16111,9879,62989,10190,25301
24918,1924,18139,30024,42189,8555,50937,44979,35413,22071
55493,1194,34627,46928,38289,14360,26465,53248,6212,1788
29955,50886,3353,20199,6172,32033,7237,46740,16225,51849
58221,55126,24986,35644,35489,37823,59484,26547,46977,44745
546,42661,44379,14576,24278,55488,45813,65368,11491,47917
62955,37209,8901,60536,31759,3243,40604,58843,62790,23667
16982,63202,41963,27671,13787,58014,32976,4323,44490,54144
29014,32847,53850,175,6276,22287,39906,10136,9519,26534
27356,30506,22434,27941,18070,4771,4681,40209,35065,18843
45285,60570,8512,62686,5871,40184,57525,1015,63656,44445
20639,59851,16648,61464,22646,49231,34802,5370,44383,26234
7127,21332,48855,36177,3540,26436,5197,24178,216,7338
39303,62756,64211,31106,53395,28991,30729,41876,53257,15260
6090,6008,57197,49632,8903,34481,97,10616,8045,32029
34380,648,37402,11683,44201,1791,37713,25474,53253,45038
26582,4543,64125,59344,14783,995,49167,62046,54986,60419
24075,19435,52148,40404,26433,9157,3783,64476,45460,9063
20349,34791,29063,44268,10519,30371,4834,41261,21411,49441
53008,64797,16782,31386,31319,3184,33273,45324,35594,5862
32449,17615,52653,12310,19128,31389,60293,28910,19496,5898
32115,63636,51298,44171,28959,28212,61576,42899,3751,17130
49205,34762,48513,29460,40109,5962,53138,24952,22273,50294
17705,11297,18572,4924,13054,47284,35055,21630,8570,29813
43261,24421,1951,29443,31619,60243,36088,12757,63883,20040
42068,1259,47172,19966,29203,42796,29102,53056,51169,63817
47659,53030,10812,5311,8261,21835,28849,27408,59945,29330
30928,21931,24305,14266,8558,21809,40011,4571,26239,34965
33146,38366,2518,7919,31025,48926,22811,11588,33426,4410
56069,35288,20525,12894,10240,19893,11003,51726,65266,3081
11539,60289,38582,57429,33814,30232,45175,64425,8770,39571
59031,54409,40650,7120,59095,24720,37079,57337,29130,46231
18104,20880,4682,15762,53054,46481,62041,46179,29645,33913
14700,58923,21707,55026,56315,37402,53432,50685,11721,44281
22279,8217,30668,41110,33397,19618,49987,50397,33626,23660
45506,13556,36341,62525,2710,39827,63093,3456,8657,15854
64703,53939,34034,48859,60539,15206,45255,4107,3944,39342
1991,46828,59947,44640,50837,12999,53679,55132,10839,22806
41693,44264,60106,64600,6919,24923,21127,21356,26026,15753
59810,23330,57417,20972,30251,33094,56427,44958,60280,28207
15522,13546,21957,20156,11399,39164,9335,50103,20950,48775
54945,36546,16510,22788,50351,17727,9743,61159,22245,21750
30818,5254,41543,37527,22700,53921,31169,41445,36660,50501
57001,45630,63190,49909,56833,32487,63400,37896,34613,9503
39947,49622,21207,32831,47936,12975,8881,17024,2878,51838
54536,25121,9149,44355,61765,50893,60068,52861,26590,39978
14514,8668,61369,58379,61914,52870,38871,56723,25172,20209
26023,33389,12798,12344,29842,61836,40867,6752,39185,44057
29002,24995,2380,30735,15362,18376,59439,19797,36484,12458
55123,5618,5499,47344,27789,32951,29374,43679,23025,9372
41425,48301,26092,30435,45060,5621,57436,42459,6926,50006
60585,37451,37262,18586,1576,11841,55801,532,35439,21124
32729,26953,41009,56491,61537,62725,38686,34550,11910,36878
29351,8902,35297,41236,8370,53827,51903,13796,60305,41788
48667,35172,62854,2075,33957,9014,63489,62586,53131,17368
44392,28989,59024,8429,46534,60522,21531,16321,7487,4432
4267,20999,14450,50181,48524,44747,58845,43188,15081,17723
41693,63488,61678,26525,32999,7088,10020,15966,36988,44540
6511,24339,10760,1514,17229,7681,30625,51140,59870,54812
36925,63707,4295,32909,56624,63795,33485,54121,45928,25081
40653,24099,58892,31915,52474,58197,60531,42900,3115,37011
808,41945,60477,9639,2521,59114,28471,7593,23239,54722
63302,47365,14408,29753,56499,50123,22556,54601,59061,3984
37330,20885,43001,17842,65266,48966,18294,6965,23480,25491
27295,22403,47894,31440,17106,17888,52048,41391,48298,25476
11104,16658,41693,6512,52624,61513,60038,29917,32867,19507
46207,22727,5705,314,35782,42285,34118,44080,65203,44504
50841,640,42089,22658,18520,2593,18734,14611,63527,24451
31367,5198,38266,55129,49132,22210,37317,1446,61809,37664
41197,14832,205,34914,29048,2116,26498,13373,39807,31448
12135,9597,52617,43649,15502,53073,44496,53123,10490,13031
36171,21282,29979,60995,49976,18523,26098,60735,33895,38590
47790,58158,64295,8983,38204,43438,17885,10246,10221,43853
25266,32790,36926,21795,58583,52664,19877,23549,63728,59761
50723,49890,10264,53015,56436,41008,51718,62420,31362,55408
45848,15531,38578,28082,63122,45768,35200,49644,39957,21901
64138,58193,3961,6911,51113,10287,14857,6352,35112,21572
5254,8000,63714,35535,38247,21162,26110,58270,29822,3022
39461,44911,58324,44274,7885,30736,48965,31311,18256,56507
36609,34966,6044,50697,25590,381,14141,42066,59971,48538
54899,46706,48433,53017,47398,59615,53990,23095,55277,50169
31700,64225,21151,48700,26834,6648,53951,7350,16391,30754
28185,61352,63949,9768,6166,23141,13483,43933,6017,14049
32335,2281,55984,33663,10937,55160,20529,37520,20882,43419
27357,21405,53187,61953,10977,18078,60023,15399,508,7675
33858,3809,45621,12264,15808,48416,19152,14950,41530,30200
42846,29834,20475,8417,56839,14158,58416,35323,35583,14731
43776,46844,64795,27077,15671,48456,44004,53947,8851,51447
40401,15831,28506,29176,20259,34376,2408,788,55892,38726
54331,23727,45345,51990,538,1756,11696,39483,6884,51443
60616,4199,46278,11280,8094,56432,26936,10428,43150,57098
22203,63511,23271,56876,55971,56670,22316,694,47536,17363
39482,49916,31725,43663,12708,35607,45688,29726,13091,23254
54213,33729,5864,57277,42960,65027,34394,56726,48883,15597
40038,26711,6972,15823,4255,12112,21960,58161,46862,35494
57453,5346,53807,57144,13770,7250,1078,23961,16015,15977
62479,8813,30563,15450,63599,62114,61039,12560,50764,37205
23282,3647,28241,23359,13561,37155,17741,11501,23725,65531
49961,23289,57837,50186,42379,40916,44258,43883,22137,42080
29917,7447,37883,19864,51903,55324,18970,9650,27694,44694
51292,12811,41096,16098,35558,32079,58328,59736,6249,8443
16546,50337,44657,24103,21464,63888,9776,17217,3017,58073
30132,58628,23376,17105,61026,7416,53037,56530,42913,16945
32662,5047,11318,1765,17953,49693,48415,56812,45374,36446
33288,53256,2879,10752,9644,59659,52219,55030,61850,30856
40725,31850,12380,41053,37252,50826,40886,21538,27520,29953
43477,48274,61894,24491,17532,38241,44776,61012,10594,40266
25083,28394,58081,51758,17847,29651,22939,47274,28125,50103
26299,64237,6555,10413,10067,18838,34622,32268,49726,54801
17875,61008,53555,24668,58082,14588,49428,57909,6191,41096
46365,35762,26731,8465,32215,59574,55421,14717,64180,5660
41771,45153,51063,1066,36586,52929,62322,8309,30021,36433
7699,28650,17354,1391,7448,55178,45611,62916,54921,26959
32539,1033,3909,5623,61596,27649,2504,7680,14931,65005
22945,57948,25448,3125,20347,36127,53369,137,7278,9277
30305,46716,46761,6800,9184,1194,52219,27536,8405,30636
59404,36617,20101,63176,33691,23597,15288,32074,41497,54332
59888,16334,43041,50803,3030,41241,7183,11544,59404,38532
29117,30184,23932,7696,12043,57691,12071,34109,65006,1151
30020,52573,39646,58091,62361,16336,64545,64571,30424,54627
4572,63187,41952,18215,20769,65368,29230,63134,44812,5679
56540,48894,28989,9991,28711,49312,58002,23791,3616,38010
22010,63190,26666,49274,23457,10397,47821,40471,19993,64996
62559,57721,54943,40340,60630,60144,1940,26006,40440,37258
2247,53840,13427,64516,29248,37572,52222,53770,33573,15623
20346,62278,17926,51171,3257,36655,55112,33780,62684,6139
23369,45073,22087,62544,59863,65302,40882,55044,29262,39762
46880,19111,28421,44281,4803,15308,36209,64813,3265,41065
38198,63073,38785,11252,4005,5734,47976,35524,28530,3920
12200,2195,39905,30392,15873,56231,8839,27971,24740,58030
60090,20731,6200,6529,43828,24711,23355,18343,20235,42364
18089,1761,41064,59734,25352,45297,2880,21834,59188,50675
52300,9640,61564,62219,3495,60015,48204,35362,49227,4147
25067,60704,2966,17558,64554,16823,19562,8747,44362,15442
16682,2792,16377,64843,1653,63420,36714,47016,7267,10101
20961,22063,28639,40425,43295,21331,43646,9268,12787,31011
25023,1644,4991,54099,33848,33564,57965,15444,34998,40223
39689,13139,10236,7475,9640,58137,12595,64667,38362,23386
17579,18650,31293,28606,52052,13273,10411,12886,35231,50001
11499,41699,34349,55222,35426,13110,7491,55749,12683,17679
20806,21006,11670,8816,60742,39096,27802,30841,44475,20569
3295,33778,55715,36750,56199,9078,18842,56346,16838,25300
42882,45978,4121,4016,36186,22311,47473,36203,48514,47336
9693,26198,62946,15870,57431,1939,26263,44715,6975,37140
46899,43670,35303,32871,23128,26206,23856,34197,42016,51166
47847,65426,38430,21960,60498,43484,12098,51937,64921,58404
2793,62914,35625,112,19239,26201,2488,21403,13452,3573
10061,43380,23011,50242,50310,49040,34664,6614,39076,65456
36416,64339,62114,14677,18935,41291,30725,25069,56185,61788
46713,40915,48412,62558,41677,13070,34895,22505,38647,43813
12235,59329,12992,41344,32262,60217,33870,65275,30959,11199
60702,2681,18870,40725,9050,11765,1122,20605,41744,58808
6736,14577,13189,16763,58115,59337,51635,28220,46127,60818
42605,1551,53014,48920,32605,44594,13757,61354,40550,56792
43026,55504,28910,57136,4700,19845,4745,44410,44505,56883
34673,19049,31693,55115,47795,15298,17882,43399,46359,53488
25522,39362,10834,57974,65520,38373,48137,33471,53861,28190
48906,16297,15808,59273,63820,25341,9414,19894,38969,7973
258,23315,52307,37689,29630,64185,39524,26215,16653,294
18587,61953,51955,54829,11935,27047,30233,18738,37893,32823
24826,1719,64690,6469,18498,52505,29177,53564,46182,64791
29225,17148,4800,48687,39331,63377,57298,62526,5781,39298
2167,29464,37950,36448,35646,16751,2519,2795,31197,9989
32831,20726,49665,12406,23327,24601,34285,46065,60451,65383
36612,34582,34986,21396,10821,50246,5115,24043,61867,60900
40964,9870,56277,59091,49608,7828,25852,6109,13491,27585
56228,18775,37940,10540,22191,48590,25912,45757,40861,50206
47990,25521,25245,6056,55927,33391,54661,49854,4242,18047
43094,64154,43081,47356,37379,9452,9021,57300,27497,51923
24760,49349,59803,62510,35241,52583,10017,37539,50384,26946
13093,22813,2433,1069,42693,17334,56669,24082,21394,61422
299,37911,30093,51320,39680,8812,43774,62145,45265,17126
15997,64909,1351,9998,27363,10891,7088,22380,55712,32727
26716,41587,49814,46852,36928,9932,31722,53173,57448,2490
5666,29805,32293,15450,31747,31680,48554,24015,8571,36500
50098,16261,22242,3831,54402,50987,19069,56434,26477,65045
28231,42614,48073,19717,17421,32981,18278,61678,47350,15344
25683,52232,43978,3567,54422,35953,46993,42874,59352,12756
1996,24908,53998,6237,11907,22107,29204,855,264,21928
61941,21827,52319,31520,60255,35993,17930,38609,10010,36708
46093,40177,50246,7549,62682,6369,30322,35402,57326,41606
42277,39625,62963,58532,37459,64608,3899,18104,28940,1153
47831,6893,55307,11556,36,9187,45777,56144,16765,19869
18540,58857,44002,40365,46163,51723,7009,7001,28789,45227
53329,42984,19029,43284,58545,18991,28199,5227,43766,9644
45091,42513,7837,4114,3148,47686,1499,17471,33100,55918
16887,34574,63678,47874,36850,53845,25557,19356,19731,39449
8280,43948,59828,58386,43704,39005,48482,48829,29769,4515
52787,20403,61381,19693,54621,42370,63700,22175,62159,32207
1712,63963,31284,25794,27156,51898,41499,10024,33345,43415
8928,23938,53256,15557,48738,44284,24330,29907,62636,64929
2162,10925,57503,16475,21340,30971,56512,29705,15338,14939
53447,21422,37093,4841,36419,54724,18564,27900,14334,55895
8645,44009,39190,12601,64720,15478,25631,15767,30883,481
30814,58105,3086,58410,20022,55706,59884,14694,48955,18817
39285,25876,32346,59437,3560,51211,14331,59823,61689,24525
21022,53372,32667,37651,38199,55655,29075,6785,19535,48061
9530,60280,15423,47308,45456,57409,39205,14516,14751,41922
22628,33040,16092,40170,51765,54179,52206,55118,47042,45996
22486,51938,21658,36634,45129,2961,62647,48029,5780,42462
5303,14312,63962,57581,39382,5432,40564,22184,22618,9907
12506,9120,4710,2405,40963,29210,33296,17992,33488,38512
14107,60653,52686,27689,28201,58075,54527,10662,46900,50289
36446,28693,59863,14077,10164,16551,49784,59633,18605,17674
59070,6067,8230,27937,49926,33902,56155,64214,61105,10750
31754,51119,59133,60628,249,37965,8398,36782,25362,44608
22848,39614,44459,14547,34041,5383,37377,26710,907,35696
21360,35755,63120,64680,10278,9269,10961,53669,36773,52773
45894,28445,62619,28571,24929,19851,20376,3784,36434,11860
64936,19568,33170,58394,50468,2727,31421,41769,2808,34724
37740,55191,60442,32178,3371,63580,7107,62227,42851,60555
9299,55415,50104,57423,719,47906,49539,62793,61971,53734
7986,55838,29946,27323,23828,37844,60783,29001,42722,47477
43397,21144,8112,48348,39409,21842,6490,27733,8887,7805
32027,29035,55542,7824,645,13552,64978,29144,34896,12502
59743,5074,27183,22296,6301,7095,44731,14572,17447,46900
16361,57335,38611,16465,63931,2624,40075,59651,17234,301
30248,63236,13604,54158,65276,40080,14155,11188,57431,19491
39248,53381,44638,52803,25017,30038,16735,21771,48003,38753
63731,63269,30949,41367,17732,53883,45917,19635,15158,30330
1574,19788,52765,4346,53083,3844,39444,24519,23983,1860
61687,16949,53244,23971,34630,12780,19272,5666,8752,4891
30166,6504,37109,23230,15744,15123,39812,25748,13649,10789
9655,41882,21037,45541,40751,26512,34821,53165,29066,61695
55999,64031,59711,54915,60393,17339,1756,62129,24551,62808
14060,58029,55369,53805,12873,48998,10854,20615,45447,19723
15425,7492,49927,41749,48107,56668,44866,51304,34355,53768
16433,7564,48664,59323,8669,8712,55056,50580,14127,19562
6315,2754,11119,34434,8832,28545,27076,51422,9188,46569
8956,23779,35638,23503,25252,47246,44416,55790,55114,5666
9251,22108,31046,61123,11384,47302,20999,31778,37460,698
34274,15495,57477,33722,34244,46356,676,16819,6752,48691
6921,61922,32853,13537,38120,16008,10952,48901,26108,23469
53056,33964,48998,52544,6039,64374,18876,30439,30251,60027
41415,34368,12832,41049,41785,8806,9252,5140,13075,16098
64183,119,13345,2502,30634,49915,63718,35634,15351,54713
40744,32237,15345,47090,32467,55326,13618,2848,8193,44912
10646,39678,16754,53718,9547,65484,60898,22142,6548,54023
44662,3769,39957,64083,44284,25521,29541,45620,50218,2468
22914,39628,38865,16901,50171,32604,6725,16959,17139,21172
6977,57528,10427,2448,3918,7471,60901,40098,23905,8554
57022,27090,22811,21786,43059,20886,41715,59834,37322,50684
46829,43527,23909,34994,17854,46366,21778,52435,1510,16975
6909,6271,25183,52825,39934,49378,64429,10736,38262,61643
38571,55075,19960,46682,54131,27082,41776,48022,44260,64669
37911,63749,7925,42159,4182,42669,43600,24375,11791,37728
18562,18238,24991,18384,12539,50307,2181,11802,62177,12352
16633,45340,23870,16278,60019,63157,45403,31758,65284,38511
20401,31840,10355,12721,32091,10462,53484,41093,31631,53095
2016,990,44301,30136,39285,1957,61478,37259,25348,28359
64228,65194,18029,8213,19981,6224,26569,47326,17609,47944
59506,31069,6666,58742,35474,61060,4320,22604,11674,21930
34724,15530,15159,13046,10995,15065,32107,10923,15272,42204
44842,3122,35499,32012,3699,36542,5974,22253,19440,1370
22272,49300,21471,40368,20289,40957,20790,185,38049,61737
819,45674,39831,27431,41460,59561,37067,10437,1246,46764
50007,59553,17262,6455,27469,1384,57497,42277,22141,56512
14766,30946,19870,10464,4241,36008,41919,1909,5672,23040
21220,11719,47071,39543,38272,65232,5002,60716,35393,55073
17387,51308,16481,5754,27815,11969,32853,9145,17121,60570
22614,64655,59590,29016,64746,6288,22029,45349,38079,35260
39043,54847,25146,6129,38217,2784,43256,20535,38180,41285
8528,30941,50800,19086,37161,24857,42053,32373,58610,61490
23023,13700,54042,47,21631,29684,15465,36663,6253,61164
39368,45951,8413,19094,15992,32466,62012,31655,64160,770
53436,19143,25243,56354,7958,14421,65238,12866,7621,32257
65406,48301,7581,11194,30832,39823,2711,2551,51784,46914
59093,49499,3286,11085,42318,9370,4689,18543,1548,26864
24633,26177,9772,64276,50198,10324,47760,51200,424,40191
39002,44163,62630,24839,36130,60848,57469,25779,7511,29104
10790,26156,22092,57343,60772,50128,33954,49604,22889,63439
2148,19086,20584,36063,13472,55737,2460,63318,25736,46321
53018,48429,7977,8534,33677,49668,58525,7452,42096,20157
30104,51818,43710,29081,30265,12193,58100,20200,40393,5381
54768,54231,60222,3080,50954,51946,58488,24460,61074,21494
6941,10101,62659,45873,64672,11829,17982,24089,55479,37841
20139,12844,38159,8883,30693,20206,58731,22930,61082,37492
17881,48195,2288,2029,19469,43427,19805,58826,7902,8941
54194,40342,63595,8459,61207,38684,33794,56394,42949,8055
48944,43869,19256,16748,9910,25334,12955,24093,64842,12316
35292,5861,5430,43100,12725,28027,45072,31142,64075,43488
19872,13195,35219,39484,54241,56409,7362,3510,59064,19820
15076,16508,17615,39714,29516,9008,52416,54212,61262,42479
31043,48397,47111,18511,51176,62550,57045,36677,17267,46520
60126,47889,51882,56235,49362,38782,59998,2116,43992,32854
16547,42718,5746,4183,38165,20909,29035,43000,34441,42879
26742,39865,31990,52784,44365,1203,13082,41767,11510,59824
45294,45693,47983,39915,5231,54351,10843,5190,10118,47108
9842,35647,58506,8794,64239,33255,46465,39515,62251,28901
10039,19988,25692,29689,31733,19182,4328,55983,49358,44459
28342,45819,39341,12915,52970,61270,8079,1919,32873,3210
4559,17008,36369,13147,42938,41419,24464,48876,61678,42891
45148,19126,39253,15794,39635,25753,44241,10460,39124,14212
56528,27446,10487,52704,23368,35861,55090,53525,24517,54281
61963,29948,56269,32653,46676,23956,42132,10357,49395,32340
54946,13837,733,51015,17057,43318,38576,38691,16833,58949
52692,48953,59918,25145,29851,42301,60236,30822,34565,63970
14786,31374,24181,8124,59121,61740,22864,63796,6147,45666
3854,44600,56632,3832,33371,26469,40067,11364,13469,46213
9553,26229,36233,24690,6631,53756,54403,37280,51929,53249
42194,29574,40519,43850,882,26894,63010,53375,47574,25813
28911,39954,23582,2167,50814,15231,15912,14087,64671,40849
60732,20858,41155,15125,48877,42140,52583,14047,42349,54124
32349,43115,60949,2251,24492,34378,7590,8994,63102,709
3894,16308,21130,8619,39185,16176,10311,62222,25824,5072
10580,58512,64656,48470,31174,49399,17346,52133,57939,10080
38158,7816,20719,36680,54578,7868,40314,60131,15226,53004
31990,31490,11676,33587,12523,33114,16883,45439,47587,55191
1173,10187,45621,42040,52128,7652,57018,12085,6112,51429
55232,48112,27269,5699,48837,42019,15554,10088,36513,43346
7027,28091,29229,1140,16998,12484,12791,3879,31676,47134
54127,43420,38646,45412,58752,52567,57406,25656,1241,15906
65524,6702,21866,61460,26532,63642,6258,47144,51868,3997
24632,63272,44961,23782,48026,23796,48616,49648,10583,609
37107,4958,34323,32694,23546,45879,8301,15169,54590,45647
16112,11932,51732,12625,50262,56704,31752,59280,14735,1204
55040,24639,37874,5204,239,44206,34047,21388,11141,48462
58601,475,54116,11840,63902,34884,58796,909,62416,40968
33534,13147,16743,44449,60733,41361,61255,61953,41155,12056
38856,23312,51498,947,60585,27959,17684,15412,62409,64336
9688,54934,6143,42731,3804,44721,13830,36688,58963,56521
12046,6333,37147,3912,18796,31858,43166,46979,9920,26955
31974,17523,13035,27867,21449,33555,18137,418,10154,5207
55625,18990,52539,38646,65321,63359,63211,36438,36242,62382
14069,44642,45730,37670,51661,26856,21485,57846,14428,48631
64430,53378,39555,51976,59347,25353,4391,19163,31807,934
35603,28547,35190,14568,58290,47699,18789,5387,64050,6169
13234,17795,2567,45800,57086,6180,15798,54077,51486,42170
25293,46123,18985,21809,56511,59678,14902,39083,32536,43831
60497,23927,53081,31995,40619,22757,30232,13352,7045,37269
64283,54594,54563,51162,46200,44353,29009,41536,39623,28339
55475,15086,23568,19716,52009,35247,38836,21973,47639,49751
63031,62270,50469,26802,18225,18706,16427,60265,18755,20582
35007,27304,54026,50124,10264,29414,52819,32831,11917,9080
48280,299,12869,47146,27713,54558,62051,1926,30235,16762
50770,40820,41592,8939,32689,18674,26689,37193,30581,7671
5811,53333,56603,8958,54340,8444,16229,18280,15730,9796
32678,5891,51412,59093,6850,20476,38594,10875,35754,6518
51003,14291,41324,65383,3683,46250,50289,41926,53675,53893
847,53620,16798,10094,41093,48126,38014,30797,12432,199
24971,25335,32210,50332,17555,47490,166,12233,18096,44385
20781,45308,63916,55889,25834,30832,48585,33,2873,20672
2985,48701,62869,42527,16578,52968,33708,28573,38365,33292
31968,63623,43406,25431,339,42532,35760,36843,16725,44234
16487,34062,8403,34940,22308,11105,41912,10747,43132,44281
19159,59016,51601,20482,49389,6475,10606,38211,36748,8382
29968,28508,49720,27628,28455,2100,61632,37973,49574,54834
55248,35718,44535,61707,33022,45681,35575,50756,23320,4104
28976,4446,23869,33033,9508,2359,4956,28835,7953,26963
60321,41169,48395,30891,48692,12857,62168,21944,10995,35258
26062,13228,36267,39658,50950,44857,49819,17107,22351,6694
38041,33299,54473,52392,54840,55387,16025,50442,43826,25487
24220,51104,53391,14673,42436,46326,7947,10768,43283,45373
62570,48110,13982,54260,5763,53416,53036,58364,1724,30257
16086,36596,2958,40858,39559,7113,17555,37681,22872,48580
58933,23056,49319,34241,53948,21188,9437,20793,55387,57074
22265,48751,31991,18295,35233,65495,1084,53025,9294,2615
35656,5456,3506,42886,12144,29995,47206,30519,37730,58284
60435,38838,31268,62847,57443,60490,26144,36125,50147,24922
64499,17421,32170,8041,49111,16143,39854,58186,9273,61647
37520,36354,23194,63758,57514,55262,62540,33387,4036,15213
41489,24176,9609,25229,35223,14760,3774,60524,5319,26466
8124,1012,37318,29007,13010,917,45177,13790,65366,39739
16393,4955,22274,2825,18588,17715,53884,13221,39409,2951
13635,61814,62410,59589,57427,24439,19119,51702,24500,31268
35465,8331,29822,30603,42784,29125,3698,12308,35689,62274
2985,30161,56702,40903,49210,49966,14923,41126,43113,15918
57711,11112,11009,6815,28260,54728,48294,8246,45363,45586
56441,48439,35651,53127,59151,20730,19236,28957,20335,3920
54900,30810,62691,14110,49457,50757,55990,461,49392,28711
11662,52093,6181,54688,21853,36712,30077,53289,42828,8582
20355,34052,8346,64764,909,21395,39893,56046,64619,60359
43369,12483,55279,53984,23784,7611,14660,41743,42381,54825
56662,42624,22735,60898,48218,12391,32531,27289,26116,28906
38720,28047,33308,42528,26571,33051,11104,614,23091,27175
1853,29130,11567,25678,26324,4084,56628,6705,23095,10693
47456,12953,63849,65327,48063,32665,37901,2841,7209,46609
6775,57317,1032,7337,46549,11841,48740,5457,17511,10301
32875,50297,5519,4782,9221,44144,15116,35205,51368,26582
28253,3724,63624,25982,56674,46985,61123,52425,56954,1967
46504,63031,21959,56214,54323,16253,21356,54904,13682,17033
27034,40774,17174,65196,850,56852,50224,34953,8874,29894
31051,12846,17696,23397,47239,16785,48295,61846,56555,61172
29929,58715,13488,22473,37757,60058,50600,45360,47334,35424
11479,18945,63680,56411,3480,32190,56728,53574,34468,27971
27031,41204,6433,65294,5690,19357,30222,14855,41752,61427
21343,1844,734,44242,22865,20508,44279,23510,45212,17149
20191,60457,11707,18200,47302,2049,46703,32448,51511,56137
38552,17976,32475,45165,48166,11840,60770,11478,35949,29285
59401,34727,15451,17488,3498,63900,9444,26354,25200,39022
1520,9218,10735,25929,43706,30653,39692,17013,6424,36919
49326,34000,3592,29610,5605,51085,8984,56665,27872,23934
10863,22770,25456,42635,34706,51111,8905,46094,133,54998
3517,28760,24934,29899,4496,13795,18409,40942,23903,47004
51147,24202,48741,63720,59817,39272,15181,54367,37005,13923
46720,52785,40265,22595,58554,41853,64438,43220,15567,35056
40348,32864,20623,48228,29032,13313,5015,13941,34244,15760
58758,53895,31942,55033,16228,40695,25914,64932,16963,40882
63036,22409,10254,56460,7822,3575,18592,29825,43235,21927
61122,18861,41109,55648,46456,9327,49771,8992,56039,929
42579,8057,4190,12801,50867,35443,29323,51088,56349,3125
12506,48520,8726,38895,32872,14651,40592,54082,5013,48393
35566,10907,52368,63519,24159,9307,46574,54689,1563,45142
14941,13030,2794,6221,47899,15388,40080,20855,24081,59396
28362,21405,43142,9640,22256,40231,57720,32399,41312,64136
24437,38582,12467,44619,33069,34398,47770,9292,64147,24125
19221,16379,32846,17632,16900,64187,42489,6003,2983,10603
23582,8452,27648,39149,39658,64414,26921,5455,2828,48423
45004,39968,48654,53570,32748,45581,9694,64769,5241,50707
15669,13850,22140,41821,55635,47011,60569,12575,34983,28472
13637,41322,23265,3124,45218,40115,36256,51403,39740,61769
45294,14761,35251,45981,41493,2806,51026,1788,40287,41302
52467,62806,39934,11924,20099,22166,658,62007,13578,7477
7477,58336,51464,52493,51809,22645,38077,2068,50082,1987
44721,25010,64175,23692,27660,6207,51180,57987,904,35523
6933,8418,1404,34002,21577,45427,23397,63893,17929,27950
12089,51512,12068,35048,20904,31517,63666,12055,47608,30082
61664,21642,10946,23562,12288,32409,26087,6087,14939,38895
10880,64287,34382,39682,10977,61736,2441,30581,16387,28813
44463,26026,15421,34287,43670,62102,8724,40678,27318,24386
23726,63739,35430,29459,65174,59217,38231,43909,59859,40193
13663,51122,64757,11796,40801,6959,8931,29748,15676,51276
5234,51076,27702,16894,5432,60136,20792,37589,1363,18905
52545,13238,53574,10763,12111,45300,37677,44261,63606,30348
25109,38607,19724,26490,49339,5643,7419,31438,56541,54764
43297,42199,36415,43400,667,1987,62560,61347,51579,6513
54827,51624,51421,2158,12680,34988,7923,57847,62505,29799
49810,37053,20518,31254,29044,59640,18735,49634,23865,45703
49711,12042,40095,16435,12249,59824,38038,22848,3498,11149
47751,19370,18488,490,52689,29708,31607,57028,20980,38946
11434,12222,14572,19836,39462,55871,53210,61114,13923,2462
2424,55310,19687,34654,22433,61634,30428,37642,13818,41669
56873,55345,28524,13845,33428,1542,40983,49516,9336,33641
23455,51719,32325,55032,49458,29,9263,50387,55647,26908
16940,21781,26731,9453,18862,8438,50472,5712,64721,39732
23170,60348,38886,39982,21148,60439,1848,28196,4254,7220
58507,48694,40716,65012,19817,64948,6633,31891,58643,22533
63577,17252,6917,51443,65210,10832,8055,50770,29789,13872
58129,51645,9649,31408,30020,7596,23387,13917,49815,63805
2333,60009,55927,8674,18544,46897,10993,21154,4791,50946
55140,25928,36630,38008,31700,5331,4147,53392,1733,48174
53339,30382,63109,49211,32242,41030,32240,687,60771,31502
34507,13124,54619,21368,8681,50529,41259,54631,40827,13697
37388,27803,45259,2326,41316,40848,40481,38202,21874,12458
55432,14617,65461,20120,10130,48024,53897,24598,21657,36761
40532,64432,42984,17226,23024,29181,50431,58023,47463,31806
57754,27741,6294,31014,53010,54883,9778,36624,20343,16279
14025,2899,52849,53208,22609,15388,48170,65038,25990,41916
31339,18759,1917,62025,11741,51220,7225,46745,38983,59940
50112,56680,22582,6546,3742,53241,38598,38692,36637,54160
717,59804,40125,51417,45358,7879,40590,24898,61445,50631
39541,50159,30821,22924,3360,42165,21879,1765,1466,20207
45027,52787,15013,3944,32581,26976,62140,50453,53315,45836
39861,18860,56794,2167,20691,19159,8515,11100,5981,23445
26398,60794,21373,13760,45556,55377,6364,7202,45316,58126
54772,61289,17818,5048,7946,48219,8971,53340,36701,61168
33979,32854,11673,32442,17140,43542,24540,5762,48101,4675
21731,52331,45059,18274,12401,48242,29495,4839,43166,32664
17768,4415,698,18316,55378,57320,6601,8372,22214,8564
21054,50673,1485,10644,17674,51926,63956,3224,4201,7971
27046,59768,4144,12388,3256,57412,16216,51187,54662,23915
37837,62759,52963,12001,29592,48955,47444,19199,34190,52461
37209,39245,47248,52296,44692,42763,29907,14136,56429,63742
970,51474,25633,55810,34378,16434,42811,35517,30998,13485
30709,2083,12002,50675,46371,10165,36030,49790,55831,59753
35905,54297,63503,14816,31427,32985,54441,7880,53558,35516
63534,18150,8163,7538,46253,24232,39394,37130,61917,6039
10126,6246,39632,12818,10229,5299,64929,44174,30287,43268
5683,63274,27897,38668,43903,65418,19759,21106,39773,58933
49123,60318,14485,22998,59686,23991,23813,450,25648,11761
34959,20435,13329,20819,58597,17685,42037,65486,37022,57263
64322,1641,10726,27361,29360,14425,49390,23934,10079,21663
26571,22114,61139,23516,44114,19718,4696,17063,16046,33500
53244,56806,49501,31662,21731,39747,14224,60196,33885,39972
4477,47007,31,3109,13912,19266,1343,8504,56445,13935
11822,35929,37162,64185,50568,26610,29554,3742,56741,44143
35574,19132,34912,18212,55971,18045,35942,52979,56435,55625
45782,54581,30422,2580,44991,34754,59978,33784,47264,3223
10074,16888,39200,33764,34652,22276,42146,55196,34026,52913
14273,15881,56721,36027,59082,2847,56660,53240,30352,61009
65274,132,21779,29706,43447,7393,44096,23323,62768,37888
55075,56945,25088,39453,64922,9354,3663,18902,35064,19102
12394,16,19979,62799,32950,40935,58941,25700,17723,59608
28689,51018,9380,10664,3760,50574,57720,59555,26102,37704
12551,28086,51425,44224,53312,1506,23260,14354,26566,18503
46861,2806,968,36773,35278,43751,16473,8265,25420,34119
14481,8962,55925,42142,62350,44861,8445,17600,10381,61108
9085,40475,49276,21791,37926,32708,23651,9433,59537,36617
63021,12048,39833,5874,30390,35938,24771,35972,19492,2177
55060,53279,34827,37770,22167,5411,63920,37545,62589,64866
27000,33855,47910,27807,45170,22927,31187,19398,26946,15815
19567,56486,38263,42981,80,47562,51629,19466,64747,6683
55523,46557,43950,63584,5511,4315,33579,38488,15303,55774
24178,32008,7191,8105,16565,13845,29655,23573,47346,38516
22053,40036,62487,19654,34127,28300,26891,18154,55988,16798
43074,65320,55507,53160,7410,36465,42227,28624,36792,32141
53097,801,56565,53741,51945,4981,23780,817,17435,16498
51224,39869,35346,31133,58528,13452,40423,37423,21463,7368
17248,36067,34003,55332,35010,49906,49544,11728,30887,10253
17617,4013,32991,46462,8988,49483,38070,62389,1912,51831
57584,35296,12541,49423,40936,50698,35311,31682,28829,7769
29706,50344,55811,49341,5916,26149,20891,23802,65147,14102
42864,27768,44083,38899,64153,17359,46936,1622,38025,41952
8127,42523,27480,55113,22360,7672,30806,12950,60096,34543
56536,15064,59823,33090,44360,54469,27424,47127,20667,61616
49574,11592,47335,39262,45862,25791,43256,44719,17914,21257
29559,2912,13341,42444,4781,38382,24730,64891,39982,49892
56175,18535,4151,8471,51420,41831,36617,43744,4664,34832
3900,52875,48638,21036,46529,36830,47062,9687,44908,23089
29601,28012,41950,58841,36911,26165,33711,14849,13986,36148
10521,44725,384,21913,37923,64386,42048,34537,35443,12509
25132,9094,2060,25278,53165,55286,45456,16419,50699,20311
41252,1882,462,14534,3437,6763,50846,56273,20642,57624
51914,38913,52222,17585,30905,54246,3586,26702,18894,10462
56385,14411,21524,17656,23703,39281,30264,40247,45580,43952
42045,38539,33,19818,12634,44572,39263,23621,27474,17111
11482,36641,7128,60063,28033,47597,6412,53311,22023,10318
21849,49357,11654,12291,24762,3186,33431,3051,783,17859
8878,7523,15695,9697,22511,12439,36350,45009,20007,199
55222,49336,5107,60851,18927,23108,61688,56389,33139,30787
40419,60059,38422,47577,15061,34294,58224,16189,9884,11201
41828,23127,10613,63037,16118,4375,23720,54662,1813,39399
48219,31994,52061,1467,42491,33565,11417,47620,10015,951
15700,56381,7797,24840,31938,25721,54446,34558,44463,63342
34836,4756,14009,19303,16928,15892,39654,38691,16851,47497
60872,62553,21064,45491,3199,45841,63208,35341,36658,60299
2084,51811,22310,27905,50417,52767,52227,22948,13116,59055
50839,27509,28708,4070,11594,8463,21488,58875,31852,3444
38089,43268,34041,33886,26704,22843,18751,37881,53829,44476
23098,51129,30528,56627,51274,59633,9457,38568,52633,41641
21392,4932,33696,17328,31709,52528,31588,50019,38107,6986
30373,9181,59235,47624,55775,4808,64024,12999,61308,23911
960,56775,23634,48142,15004,7220,22281,49677,40580,11115
10476,56831,56932,7005,37995,38045,45331,13415,6337,8242
1411,54672,23044,3890,32641,13326,47945,20381,8325,27427
46271,7132,38931,18654,7143,19738,51026,55423,4072,48420
28710,8652,51976,14661,10827,26927,34586,22235,37121,60837
13408,40392,7603,33035,19015,5815,57112,39273,29862,42640
30475,12110,2478,39741,22074,16859,883,31343,28410,4440
16756,46282,6678,54738,14018,1479,12444,5798,53276,46436
35982,8899,29223,51378,23027,30806,43814,19377,31508,2136
50713,18442,30892,8316,5558,400,20616,35463,16661,46488
28262,15127,53420,33863,59472,25487,47461,4425,16776,39037
48229,27223,44824,47888,20130,16753,52171,27981,16739,39888
12389,42212,63365,16781,55317,15068,60070,35866,45644,49243
12369,50661,21945,15387,36524,42213,62762,45426,56848,35220
21937,65509,63262,4440,22513,7389,15189,31916,45710,6510
22553,41967,9803,57836,8877,53698,28243,45025,4958,31325
10595,16146,21714,15911,23885,35330,6304,33849,22828,57038
49935,46907,24567,59017,760,35287,37753,25748,30221,47256
5847,31263,43928,45356,13632,30399,16622,62292,50662,28108
20480,801,45592,39751,54324,11193,38512,13394,13254,36813
22915,24025,25953,16567,51868,64929,18982,49935,52042,58321
19627,14598,49538,45519,37228,10874,18200,47042,49240,46531
48919,62644,42061,13228,58769,28218,42459,23484,19407,40523
63191,4025,10117,36921,21475,6745,7160,59644,39292,42405
16567,35023,4469,61986,50891,20799,44729,29625,13091,29882
32807,1470,49823,26591,26325,23550,62750,59042,28838,63609
45146,57427,7922,43233,58183,34920,1788,29630,46814,43148
20672,279,3320,62918,2178,25106,46270,53095,33935,58863
20333,29413,62759,63952,25017,24674,25044,43720,35679,28429
36437,41924,54753,60992,4035,28283,15865,50188,11894,52579
51685,33330,24549,47170,13348,6963,53552,11310,25996,65240
53699,61392,32762,58903,4871,14246,22409,63232,62496,1344
1352,53147,24906,37331,9640,33518,57370,26298,33158,50256
32450,63062,12802,63366,53160,25652,45548,54614,37918,36236
2737,58345,11323,44569,64744,4846,37709,670,319,63125
49832,18104,44060,54104,17344,30112,11126,47480,47958,54590
60117,925,21828,6310,39082,20422,19323,28177,29827,9617
59530,48905,58920,18617,15401,32356,49974,62567,62474,7240
57056,21133,13399,3241,25079,7890,46585,24939,31454,48818
35446,9670,26322,56084,43209,9056,20069,45158,45146,19704
42864,57601,57513,61184,8408,8667,45816,59355,48026,21357
48831,39486,17412,34686,51477,41696,41403,55098,53996,41908
35194,11823,48613,50611,32968,46124,42661,55597,53954,13651
29537,18202,27265,55309,36502,29812,15881,4471,49554,51229
29816,18399,40070,48714,32541,33432,59949,59492,38682,20611
37337,42500,1214,320,36066,65167,57788,31144,53493,8786
13857,65011,46055,38936,28354,61726,35402,24656,29185,18759
7972,37292,51196,61062,39367,40506,63124,35801,32668,46812
6648,43911,58041,50690,38594,35962,30155,11079,18953,15404
54850,43379,37656,28597,41344,38404,21772,62146,31170,42560
45912,47137,17063,35078,20012,18212,51425,14522,58507,36378
42541,22354,39933,62492,58714,19907,60951,16019,51677,25751
8195,39785,12227,200,15546,35631,61930,59242,30116,45495
46562,20385,17016,16033,15110,21041,58070,1712,46893,4039
6742,53597,26334,42893,3747,17638,30663,57254,19337,46526
23816,25842,43756,3449,3358,55217,16043,32159,19793,57321
61274,49087,4714,59081,2490,60275,31014,14025,11658,27537
50834,59432,45353,51187,30056,45922,27645,51855,19534,23496
25735,32783,26371,28949,20820,22269,35538,1247,56777,40973
58045,6073,37780,60252,32321,59284,13917,17002,5444,16963
44271,52440,12873,60278,23872,58538,39264,29002,38592,21053
7887,13898,5300,62825,22691,6187,62539,32691,32322,44006
1210,43007,14400,59269,57963,36948,54408,50917,24903,27957
57428,49900,27921,21598,55831,56300,57946,50449,37683,23046
20999,13490,48658,28120,11572,64228,56697,42682,13474,26482
15268,48844,5500,6435,46230,54409,3799,7640,21492,50719
2658,58296,16648,60460,29737,39741,4718,8821,16476,14554
3995,55321,52001,11630,7344,16407,34747,27519,17007,32597
33934,58079,7110,38402,55039,41994,48714,5256,2860,20048
20561,62766,47705,6653,40669,52103,54772,62849,48335,63702
13485,39345,28591,40901,7909,53115,4315,53549,1572,23812
12758,41844,46912,550,3456,39795,19115,4326,26574,44966
35085,54689,16641,18420,17046,29009,10157,61206,63432,60208
49394,52890,17323,65497,36623,35327,9408,8926,4906,32228
59741,79,5887,61616,50607,11000,35914,50216,8477,32145
50978,2934,64770,29046,62343,64209,48698,23491,16616,180
14068,27406,58821,13340,4452,33384,44017,22492,17411,12761
4692,44090,39035,55322,2384,29962,476,42676,24892,64974
59395,49565,765,27591,13316,44346,42169,59793,40756,24066
794,61578,43085,27191,49176,21688,5445,54938,3187,38876
8820,31045,37094,32817,22024,55112,49211,62840,60107,28215
27904,13964,12099,59304,33232,6699,64237,17312,14279,16058
38275,45416,16554,17655,26943,48635,25850,25159,19306,41331
12847,3634,3625,4889,45035,43222,5058,64690,6024,62639
60366,9264,46111,13107,47718,13434,57907,36298,9064,57392
54444,5559,49352,49469,29241,2115,46609,26641,31409,50361
55124,19094,59434,53439,32813,15787,61265,57896,51458,29047
34569,30402,61918,40653,17643,38211,49970,30578,48596,55131
45841,4111,11250,51645,30699,41005,63871,18611,45469,64589
14323,6311,46156,38873,47903,64114,24658,45905,165,18521
46573,51112,26823,32163,32614,47224,53678,4674,45413,5167
40110,58271,23279,6928,52426,40031,34291,42520,138,61349
48960,39075,3933,9884,59365,61371,23801,64973,2018,54951
62078,43500,55479,36224,65175,41740,29510,41693,55697,1282
65472,16787,42188,6980,12268,54305,52418,2170,43037,14654
12724,54476,40981,41761,12925,15635,8041,16469,64920,27722
19009,64812,23578,34038,49763,47181,7953,59537,59162,65106
30575,60195,33574,51900,64878,25197,24962,10580,44034,42450
63113,11134,40109,17661,45692,22490,62721,11109,45513,61871
25298,17456,322,24415,38823,13358,26409,16046,45007,9301
10411,31348,20380,52128,64046,5522,29521,1115,24477,39182
49205,51416,24202,41113,38039,26100,31158,7050,60731,18863
25931,29179,35715,64875,62674,52042,35924,62710,40184,42605
50088,22746,45356,38347,48789,40209,8011,55833,7902,7878
51655,25036,28039,60937,2843,923,22440,47946,551,12459
1088,58444,44137,63063,55628,47847,40503,16473,34634,63956
58158,58701,10329,15111,4679,58501,22210,47149,28427,48776
8355,2757,47217,57018,36947,12795,49554,45867,20991,52962
12478,32530,44710,59048,30931,51144,31664,7306,25991,23505
65499,10403,628,9573,58097,25523,28016,28171,46592,53079
63549,10221,57145,36225,22663,26086,39296,48626,47118,34624
22524,25822,41019,45668,42932,34896,56443,7764,60554,63595
58258,50797,14164,4718,31159,6179,36908,50773,18115,49140
14408,61209,64789,16505,16202,52993,37794,30544,5326,58200
34939,20045,39339,57555,21602,10131,49831,17274,27297,4228
36534,55407,49585,24317,17939,17569,32508,14600,7462,24174
47265,5778,61562,6931,30384,38753,3086,5223,6500,3277
37002,36225,12083,9124,43354,42874,25607,39888,15508,3133
9706,15060,32995,42816,59013,8932,62455,2993,16001,16430
18910,29990,61328,50664,64361,11829,51189,34044,54619,22247
22116,25219,24322,30366,61734,13211,14316,16733,23887,8359
55995,35972,30440,59366,11835,29244,61732,35916,31066,14252
28080,63189,4928,49612,4599,35572,30129,48567,16210,57756
42606,30988,13405,65205,13828,35038,17895,19855,59451,22688
776,12660,62568,7037,35798,56719,25870,39438,10924,12773
2923,16367,19239,53143,31801,2027,21139,63046,22707,24276
63743,31351,55723,50830,62777,10246,15731,8998,39435,48860
43244,20497,10607,46982,40969,16532,11861,25651,16599,17861
42635,47693,32451,42294,26068,39213,37394,20150,61105,44041
50081,2917,5076,26600,35443,63527,48767,36788,4878,63607
54622,48259,53150,30237,5814,16790,34189,35497,62945,11476
64302,23565,30318,16747,64077,50405,7879,29198,40264,48711
18168,14474,11288,45954,53913,17365,24625,47521,36752,61940
7989,45608,45459,43680,11427,25867,19528,55927,34233,8071
24223,52695,36679,244,46074,40441,31456,15439,61869,43754
57002,10590,6258,58928,13662,53780,40159,21920,17789,57906
59732,47275,28650,31170,5388,61784,34894,46513,30430,42738
14196,49830,38406,10243,52226,59267,23481,57815,50360,51347
51381,45535,10588,2183,10221,22518,65416,18735,17149,5435
42222,25964,8361,34542,4198,27315,3676,2845,46035,62957
25099,44711,54643,5985,54724,34470,14293,49224,38190,17846
23625,20809,2356,65109,36411,27961,64120,56111,50026,18247
54504,21349,23290,17771,49105,42455,13464,45075,36032,35945
21883,1963,61883,34768,21397,51165,29716,13883,20370,51020
6697,59134,36234,37493,48353,8058,30542,55696,26713,23109
40723,44389,20312,27844,47340,4673,389,45883,29206,17840
7682,58565,31853,1013,39353,29447,31079,5406,6979,19008
50482,509,31078,32603,44899,56731,63800,7558,35032,55248
5600,12281,7320,43106,44979,47048,62843,27279,60909,25843
155,56423,22494,50212,62575,27883,15866,46405,9789,59716
31145,21882,45190,30814,54530,12983,31258,43444,20983,22673
55574,48258,11968,49724,25772,54614,10272,57268,27117,64410
24071,33204,45402,20251,14452,29112,7951,36615,9578,39526
13562,25507,18176,63867,62424,24866,35146,55580,6216,16636
11488,45050,12141,49342,18091,38317,299,33607,4279,29123
1555,13847,8266,36609,5493,54482,20595,32578,2855,31648
2415,44331,15937,42847,8618,49632,17166,287,65047,29988
36432,10514,45868,12121,38677,33322,25423,38935,57981,9962
42170,7979,18089,17265,21272,2529,13067,63360,16750,11883
54410,1591,10596,52792,35371,17804,35664,50058,16006,16583
40370,58566,8414,63632,59421,60261,22728,53063,57554,10722
48900,36968,26802,11531,42521,5404,64754,14025,32375,33289
36802,60974,46549,45692,13929,1245,183,16768,36600,10119
27636,14672,16883,572,9807,9992,28215,28427,58517,27705
9587,54244,404,35170,34980,56173,29729,28509,52192,36013
59863,57347,5285,48210,14964,27300,51585,65034,63458,22979
21328,9625,16562,34628,39688,60212,25081,5520,22911,20661
64026,6366,6385,40908,31014,34679,37906,27738,23755,32468
63397,24997,53673,29395,60861,47707,31984,2305,13428,13014
833,28255,12614,7372,47779,6185,12410,35032,11922,26228
41683,64853,53882,60038,17542,9841,43959,48766,12055,24513
19845,60937,26459,16903,30823,27390,2583,60078,23176,45057
56772,44177,49056,46503,9534,62807,11986,36029,9530,33622
35109,63498,49625,47850,6712,12519,53863,24078,32737,57681
52018,60304,41889,941,15526,35743,29197,35304,15402,41254
59765,24338,41543,11560,6873,26970,19045,51120,25448,29152
47191,10354,22398,34804,49414,11180,39235,18652,15485,21575
17640,10110,49020,54830,4142,46747,64438,39521,60518,62015
32105,29464,61965,43126,23451,58254,27344,34037,32870,40721
40675,28492,50008,35419,9210,23345,56313,49758,61805,37772
44877,20747,8204,60646,8696,8020,37296,27661,52200,39426
52086,63715,9365,47562,8119,59597,10241,10703,12894,35235
39501,63088,12685,60453,30141,58973,50524,29609,57338,54875
53783,20323,59555,16127,55469,45485,26050,61663,19795,37856
4530,46362,35580,62640,14560,2812,52084,6064,31976,39724
28226,47927,45719,65413,60495,48180,20454,45505,47089,10776
351,59888,1788,19119,57806,13428,55603,12390,32244,33657
54769,29408,22624,50725,53080,49835,41717,3639,24260,63024
5964,348,54915,52916,12621,1082,17597,60300,40646,28607
55587,51139,31196,63393,25868,10893,31627,44384,37582,52735
41137,40983,25659,56266,27877,6378,15256,65165,21437,18547
47716,43714,34976,60162,22225,41808,52890,19880,9039,51002
6241,32076,1381,12855,23107,7837,49234,49512,29467,49305
33621,44351,5981,9573,36892,8213,22529,44481,43780,35623
51705,32001,29618,51986,39509,4435,56181,46289,44403,17250
24410,2317,12419,42188,32027,42091,46601,26916,48020,50264
24100,52534,22473,25685,24260,65143,20722,32070,13994,6230
55083,26453,28232,14928,38740,5164,54354,40329,46056,64059
2814,49192,21903,1495,50294,50319,7870,306,6821,19310
54081,46639,48233,7912,6502,2223,850,52098,12905,11462
32193,4780,32091,40577,53017,26424,35045,55740,53590,40917
21473,12517,45173,38295,2217,58668,20601,4476,21621,17449
22551,2474,42083,1728,992,13458,51677,16081,4442,37080
59645,9047,25645,16689,36035,8063,55987,43676,5746,38939
7498,59347,32872,39847,52746,42487,23051,41430,33768,40929
50527,35263,29155,26415,37970,60147,59604,43796,61192,26117
18458,1885,40462,56919,53787,42454,33032,20273,20802,33089
33655,13062,63455,6500,22921,55882,51787,4767,13719,31006
51171,21202,5570,50036,30736,29672,24256,44375,20118,28986
65340,19623,47340,18729,28984,39416,10692,18511,16723,41505
55512,28062,61544,28578,24346,13170,41072,23387,17592,1904
28119,26098,2937,34827,59730,10035,23678,27784,20586,5116
28638,47269,51328,62698,27250,21105,28443,45554,21915,15748
22636,26587,3371,63079,52790,18174,61525,2373,30896,11136
46274,28385,8920,15514,54278,29264,25309,37741,61643,38388
54373,12440,56295,60138,23861,8175,34307,21693,24218,40914
52191,27219,63049,44425,45005,11881,17205,49418,14724,48658
23158,44632,9110,43862,59274,33667,58169,44325,44274,51918
1950,5200,1181,28821,52542,64320,59223,13686,24894,817
17238,43806,46354,21695,59421,51638,54261,10480,3088,4793
45265,25887,43400,18830,37189,48730,44992,17618,19482,26776
53951,1769,4895,64858,60964,34872,30851,39780,12828,30583
14727,38161,15147,38569,37977,4874,38234,8625,14753,38210
3332,61003,58453,59861,31494,21305,14141,52021,16656,31714
47971,8979,10317,56186,31449,9070,62471,63624,16574,53002
29417,36201,24078,26545,18352,6654,49220,3191,37568,37051
4366,54515,37842,19514,15846,51051,7360,32099,4940,16907
31770,35894,56206,13262,55935,2876,21410,7994,63308,27956
13843,55623,18432,5194,9486,59236,12949,38749,34836,64481
57825,54366,11592,23448,40265,37734,13681,55756,50933,60541
18468,56453,47237,58235,42802,17587,33437,1097,47881,34944
56382,60438,2656,51968,19105,7547,41217,49617,758,46797
35210,7513,17184,17785,49669,12284,11842,27097,14942,41372
8393,9557,44914,19449,55328,53971,20077,20253,56041,30759
43519,26986,37809,37023,11250,58799,28087,64622,54558,19577
354,61812,14207,5113,31007,33083,25610,8534,4641,12189
36421,31929,58955,1903,65001,39285,4123,52738,57898,3986
51564,55882,36326,3322,8603,9964,47806,1288,63583,26434
53492,17782,41565,17128,2150,33599,54172,49146,48620,48612
46074,3479,32472,13560,45520,40940,28452,854,12782,55364
61910,37462,2377,14926,58477,26862,23770,17720,15381,26819
4854,43941,56580,56114,26168,10565,21280,26947,6708,55507
42579,42397,57965,15875,44283,49441,4488,49913,52304,23466
39318,60021,33597,36821,2429,12078,57280,64583,12088,3103
57549,54384,33777,6292,49865,60679,36734,32452,12559,15496
35683,60889,63146,25580,14938,15650,41533,12594,62004,53000
16935,45605,58515,37982,7483,55263,6508,61506,14580,21870
22312,63764,38876,21379,62009,31621,61944,39962,64398,47640
30426,5923,14442,3164,21585,54465,38172,24671,63352,52771
8856,34130,4773,1528,14997,49029,43381,51178,2679,37046
59941,24647,64862,30606,55147,7271,37099,19097,17429,1021
3348,37460,33762,6390,60825,39766,56903,58000,844,19988
64499,37840,13758,44137,13381,12917,13944,11586,51855,49852
37650,7160,8362,59460,27588,26585,55456,62915,2617,49906
45885,8338,53251,62251,8020,38719,2644,51407,45681,11565
41728,14106,45852,58823,55766,7644,59109,2488,31790,57175
43527,11773,7714,27199,33529,46194,44516,60050,47678,39883
60738,63962,13619,6197,21286,12602,50910,51179,437,16232
11819,43116,56168,46902,55408,20979,6857,8191,55290,4731
40316,54916,10350,54319,46057,12280,39563,32402,40862,45657
15965,31003,29816,38248,45629,53617,49380,18247,11110,5080
41569,32090,17001,2871,58172,56003,27264,46940,47594,46540
60301,42687,4575,55969,24568,43496,61792,62976,19002,46435
50136,43809,31043,8503,20162,19336,60849,15539,10298,63957
24782,39182,475,3079,3911,43470,24904,38863,36777,35648
19528,12908,58162,61417,6181,23731,9214,5975,3724,51623
20702,55803,3926,26961,64091,46598,1002,55859,28019,51971
31292,30584,34625,53065,1463,30615,63194,62948,16498,16000
42326,29315,26040,36575,36822,54052,61395,44338,11179,17734
50047,35998,8556,3124,29374,24453,52189,55506,11700,61793
49859,52021,50181,17422,64597,63997,45988,35538,11764,37533
31246,18966,39894,23391,838,43644,19767,16384,20618,58019
18332,23380,11324,12294,31726,36066,12399,1289,24336,37583
65053,30862,37164,45955,14248,4387,14615,29673,39169,31181
26769,64099,22383,30628,51167,25724,39662,37118,22009,15813
52523,6824,10822,19629,21981,26185,16277,23671,21500,64751
32708,7980,46898,45907,38094,51878,55727,27367,45184,49893
30420,62205,6873,24680,36734,18590,48857,56073,53038,7716
27033,47626,34801,25242,46028,40599,8967,46512,40926,51715
39277,40320,31124,1642,62781,40947,56124,10780,61725,30610
3831,48194,2356,9524,46742,37344,1915,4615,60158,58008
24739,14377,31617,2604,53130,1812,7704,4868,9725,39931
11353,6331,55908,56495,17368,42663,45296,11165,25981,42637
31067,14739,18204,33017,56401,33373,16210,30587,23818,43409
65357,61050,33915,27133,55596,10546,52614,39531,58540,48704
6545,926,7505,22949,26176,45004,14309,32643,11010,55843
27303,679,16847,10233,56263,63235,38670,26335,51497,41008
1544,54295,39263,31250,8967,5997,19082,37702,1053,22721
15240,38101,48021,49744,38226,10606,40148,43925,42071,4695
55797,1895,11744,21220,42989,54851,55191,21620,46405,65371
34693,42167,11884,63998,60462,8376,28183,51301,64105,7268
33119,7202,55,59300,25689,16540,34209,57423,55802,55853
12266,19926,41125,31092,38194,34109,10679,60514,50216,16784
33546,46744,43641,8693,8819,46596,5160,18313,8732,3921
2573,3288,36120,51696,23528,689,44187,51447,509,31829
31621,23085,59041,54315,37413,44614,64827,27635,7365,63681
51584,22278,3021,2660,21463,14278,12000,53750,12086,41091
55821,19144,40948,1394,38978,8503,10934,21803,24683,51279
48330,61355,30385,20163,38327,10017,30172,61919,50805,50389
9392,11627,11184,38539,37107,29119,30597,47026,41790,30938
16508,23056,56722,63211,14101,45824,51745,20080,45423,13138
56302,6357,22791,29966,29545,43148,3321,48370,39531,37418
30037,26354,63778,62265,58235,36139,60732,31771,8816,15486
18630,15341,18058,5032,19012,13775,33483,23942,62630,23137
16384,44138,31692,10101,43826,35516,38343,12077,10987,4467
49466,54989,27559,63608,4770,54585,45095,14014,36595,23496
13229,2463,58594,61048,38657,31869,31268,59984,49305,3217
5424,33330,29642,46006,18035,2438,64095,38090,44122,3856
12316,5906,56982,17190,57014,6411,18353,16477,45793,49965
38486,46986,38755,64562,47920,1034,20526,15947,5355,13594
23628,48172,19475,17036,31112,63571,63859,37679,18187,26949
16036,31564,50968,21835,2067,23666,28453,4775,40193,37567
33821,2145,42646,64390,37048,58568,2826,5839,3701,48455
58937,38529,55117,26345,36092,17955,54562,52959,13172,38914
10330,39231,21211,60936,43795,10026,19138,21208,7944,55419
12988,4210,31222,7642,16620,29713,53141,58934,24786,10979
17103,63245,55548,51648,59603,64010,18041,55454,64688,21567
41021,60925,61630,57281,2755,23756,60407,32558,23725,17813
45714,43087,6956,2681,1895,52686,46864,60017,51248,57783
16896,34973,1953,8236,18176,44373,65380,57441,38400,9093
38909,44956,56469,46389,46647,23597,34147,61819,59065,64040
22042,23976,15018,20183,36426,32973,18897,37021,59453,49289
31295,26100,57495,23018,4230,62875,62503,29924,34750,93
9157,55767,15796,24402,41184,64820,62392,47082,35289,17135
37158,5924,48364,57116,48385,55898,45188,16386,57233,25106
39206,63633,4028,49365,56626,64454,53832,57412,33911,50298
19690,38743,20058,14566,48152,26881,62393,29839,56834,25211
4564,29254,46190,28089,1851,54103,47401,52050,65133,58271
14682,27079,51467,38472,40402,42549,27961,19038,24971,24563
30915,25594,19461,58136,22699,30146,40512,23722,55618,14553
61210,27311,17865,31961,46082,49448,31801,27260,61202,24443
20248,42716,58840,12637,15028,51203,22311,828,29042,33324
20688,54928,24274,43047,61087,59019,8316,55327,26915,59800
25583,5756,9961,31477,23124,35664,19701,60600,38039,643
26051,34659,18246,43606,28120,59014,17037,55821,18852,12291
25328,4453,15652,62908,28491,15228,140,55632,63025,25775
5971,28099,7245,62974,23657,8324,62722,18806,17192,33203
57179,61709,1401,21163,15243,64005,16627,58619,50673,52347
39166,49018,47871,39930,1087,41957,65364,28907,64043,39735
15932,24558,7540,1268,26717,1604,47560,50657,20384,64295
54830,6029,46664,45382,30975,12361,18468,6758,8655,65454
17211,50020,26422,59096,31752,59148,18119,37855,27873,32875
36230,17212,39387,48568,60106,33548,35617,58660,27896,21835
3007,2820,20705,19673,50677,46986,11241,36571,15319,4007
2132,15683,32234,34827,18842,37948,37695,52844,38097,36820
21496,58053,5208,30793,36228,61090,22690,62654,23785,32266
14032,48344,58877,31362,563,53312,36445,8360,49637,45032
59477,1486,27882,49475,39737,57266,49458,34017,51261,47263
51218,30525,35305,8681,45445,15231,3679,43978,6038,23790
11620,3443,65042,55081,29815,15884,55420,41017,10116,29857
47226,39565,64997,45720,6407,16979,50502,12395,27271,55929
35579,43359,59037,46287,15340,59942,13707,31047,35467,37019
24848,38668,52155,16005,19939,47106,58264,8445,47074,49321
34543,35281,46049,13018,15815,14928,1812,31732,39784,39505
49828,11367,17562,63890,8560,47912,22536,60620,4782,37841
9,509,51483,51448,25440,52632,57091,1618,23147,2569
5403,40533,25209,29835,42400,31196,9513,30141,5264,1038
6047,20283,58119,61542,7253,11868,34933,20969,21222,2457
8542,3253,16657,20889,36816,22000,1224,51822,57625,59162
29,14910,33296,17768,31011,45734,6101,48609,18720,24142
29059,50218,8158,65226,8436,33749,45047,54324,38516,34607
3250,55294,19656,48021,1341,32234,35182,27053,58960,5132
30178,54691,52778,15036,54429,41624,52391,51951,33166,48074
14543,10203,54288,12291,22926,3988,28897,767,26121,24204
58690,9457,21174,62367,12917,43792,29699,49419,62335,53634
4894,14843,56315,9129,26611,8096,50635,5368,34934,20806
57967,37317,54864,32568,47263,10529,61486,16651,56969,359
56180,35734,37916,3857,40331,44269,1992,3832,9353,20733
2793,3752,58723,27023,10434,59516,16853,41352,49116,22171
45371,15960,49715,62998,5354,15408,49449,26566,6846,8685
22962,63783,18786,21595,35140,56909,27332,62811,10820,42469
21698,54244,27739,44389,50520,9743,65062,65403,19973,51865
38786,38690,17002,44052,47353,39133,53331,24410,51813,57530
39720,56828,41346,19003,48371,3871,51187,40741,33843,5754
19046,12098,55745,62013,63149,46763,24827,14081,2656,16639
54472,62281,26584,56799,18374,9328,38688,2532,37765,43982
41517,7594,64204,61435,62143,25078,24258,15201,63318,3046
13662,63528,39875,25776,47470,58920,28380,16815,28700,11955
40982,39816,5913,59317,19880,18533,61339,32737,28183,7294
19492,3219,27573,14471,34230,9952,54576,54655,33416,52452
23625,60451,47353,38501,8167,38016,16442,29403,61441,49645
32469,63097,28501,47279,63458,22240,29961,5947,17184,25422
34967,62807,51605,9251,32650,44165,46676,8957,30884,51341
22078,61914,30739,1502,10417,8082,16049,9157,53931,59809
45464,2462,45322,58269,1059,10944,41247,28684,11948,34906
11978,9050,19065,51082,135,18894,36949,43504,17750,4355
55917,37018,1252,7858,61680,44841,24159,24202,2333,50342
43950,16715,8970,53799,46471,1449,30567,62892,63465,2260
3859,30545,39036,8892,42608,60525,57535,14754,64257,26420
19008,29482,53650,17000,35278,44777,59268,57342,30677,37025
23905,21514,36339,20307,12002,35131,34723,7379,27890,23497
59299,22289,58669,3413,55933,16754,39982,58591,53802,45251
46418,60378,38615,153,56524,57638,45848,23287,41050,59926
53626,32920,23905,64047,44266,64779,62317,7643,24301,30070
53202,6190,14603,46889,64064,3666,37279,55681,4517,26934
3542,47730,52461,56581,57080,25146,14262,6393,25315,24331
24387,50811,19265,31926,18449,51124,9983,2292,19888,28904
47548,45902,32566,27890,61693,12698,26860,9107,13820,48985
7487,38870,17824,43542,30554,470,30760,33845,20790,21308
62374,24307,30197,8910,17104,14739,32805,1673,53215,3330
15191,48756,46831,55290,38590,25242,41947,1705,28716,61527
16697,65294,29829,60901,17396,8126,11139,42200,18937,47306
47675,64510,58698,293,26426,55917,62799,56352,25833,31403
36207,32038,14546,40528,10306,25876,32676,38176,5353,56233
50713,41237,28873,12955,58196,37835,25009,197,29593,28851
41073,28188,44443,717,36743,7238,6785,13978,32649,65033
53005,1645,30858,19999,34807,24985,46133,61073,21933,48633
58066,9991,52849,14841,32036,38935,29411,62819,6647,51264
16949,49777,64102,22191,28987,61743,43862,2192,4961,14076
16099,42943,36372,4431,9827,24669,17041,25138,37787,55310
42183,19825,18790,9756,54943,28971,19468,44388,32874,14774
12636,40776,21988,60926,38977,18938,51819,39483,63002,35253
30987,49420,57378,44613,61846,9590,629,6255,28314,28647
21655,32937,55750,23856,30989,16450,35425,21161,1555,59151
21268,7478,47051,18090,16853,10548,14846,15760,1408,15832
47209,16551,28046,9881,45678,35350,49912,57545,23394,34723
23432,15531,58538,19252,59541,11087,38742,49573,16770,50406
57376,22764,51564,6592,38429,32536,37111,59969,9574,58199
64757,17835,14381,34124,7043,1701,5892,61396,11990,48957
33509,13513,7927,50407,32620,46456,44200,37521,16227,65397
14717,58679,19287,26725,59017,4175,55027,64796,19190,62090
62557,25708,35260,40189,42908,43278,23288,30525,46534,48406
47348,38798,5545,64126,26574,35663,4394,30597,24345,12419
18412,65449,37745,52838,54973,18508,45841,41697,8794,14951
38997,3944,21195,48953,28102,28728,29080,11009,16267,56175
18119,41930,2935,35545,33420,23561,41637,53940,7028,36719
38704,18674,9496,55435,35968,27518,4830,39591,52921,43661
2756,6238,9957,38764,688,9029,56628,57466,54889,15343
23258,16353,41418,60419,14405,50919,57478,35964,21008,55512
21334,50816,26064,19665,39360,62142,62695,12355,57837,31433
20697,5157,10760,42110,47186,23904,63009,27404,37327,65255
65313,56232,2853,21041,34880,15326,9677,4862,37184,18352
58362,19468,33874,23557,17217,28018,53609,39539,26034,47165
46305,64727,48821,38397,37553,18454,38276,50014,44747,25867
13388,64310,56019,32176,53173,10932,26629,3678,63507,24760
26302,46631,49456,28515,20651,24210,49260,9433,56555,47918
39573,60498,15307,32876,50715,55670,1702,46939,60255,54114
48390,41614,17410,25512,21876,25844,30111,56706,49677,39278
7086,27394,41087,34078,5128,25882,59080,32680,7567,2487
23699,25,7536,30140,34322,40919,54681,22348,16070,62173
15274,30416,32648,54618,6275,52196,27395,57052,2604,59681
30882,12291,56366,39606,30095,14059,31541,6171,4049,25720
56215,429,1132,46834,48311,15101,32445,60132,1311,45069
35876,12843,18406,52006,60457,37210,63815,442,41135,17750
56109,47143,51253,25251,46936,20661,6527,54794,65287,64328
63739,49308,62685,56587,22285,49806,44395,23757,61300,18491
32836,31816,22438,53090,53926,5231,36966,14599,5510,37788
16150,22596,3714,21275,11206,46294,20902,12251,57951,9830
37330,44085,56837,45757,53162,62227,16610,31164,45357,10232
33189,60101,25623,39858,54230,12896,39991,7578,3537,9557
40808,43540,47073,14233,42542,62921,61695,16894,62907,7380
54106,46289,3117,35587,47481,35520,11444,32546,56900,34389
58262,17478,40966,61284,47777,19456,56452,35084,27662,33707
40640,51742,53546,132,23309,2167,20319,40923,2588,7024
57160,10632,22550,50398,60139,53379,32358,34570,18735,50253
51427,62975,33696,47574,35094,9374,23313,17955,13516,53037
26449,32487,5744,62441,35093,13891,34830,4827,64964,32127
59052,41990,14847,25698,2245,21979,29434,45842,14009,19946
26419,9960,692,8236,62116,25946,30171,13739,1788,34009
52428,38168,19075,62665,52841,27074,5661,62790,43384,51735
15579,5117,11521,42498,35869,16251,10989,49757,43299,45633
55793,22186,23079,62214,58155,48728,42998,40344,26520,33918
60858,2083,12805,6798,36665,53375,7977,52036,16430,4537
41997,13240,30177,30872,36063,20877,46662,53379,50669,64341
3075,28421,45694,43486,49073,52289,54616,11697,60416,27533
48400,57784,10495,38486,18806,36352,62890,10499,27796,43525
11606,3161,31423,19369,18400,31785,55593,12339,25758,23945
10563,24654,48970,41805,48428,14030,31874,20316,39581,13399
37491,18094,34674,46013,56060,30411,45485,48960,48269,40776
19615,18939,62698,28931,54007,49174,53802,64441,42589,48708
24649,1673,18431,52814,43878,43243,51291,5487,2170,29611
34743,62494,2245,57428,43372,11753,45974,29703,15273,45565
64691,34495,4159,63208,37183,61676,56081,2093,7550,4338
2448,14790,39253,25705,10696,33368,13357,29152,4951,43916
58228,13968,18012,62906,19824,3509,63322,62130,23660,9218
43777,62398,48901,57213,6184,42413,32787,24136,44224,28428
55728,39684,1201,46666,64735,51398,41549,36195,9263,5864
61297,65184,28415,62606,7163,47038,53807,35573,16936,33188
45411,64702,2152,59467,27753,5200,46069,29849,10414,27485
3749,33273,31183,65409,12361,46010,174,11985,40515,3991
28767,10393,23072,38559,13972,29236,42032,50274,75,27404
64888,37434,30859,35117,35977,27190,61429,42626,62112,29762
5805,3544,53713,25258,39053,39656,65126,6475,16892,31193
42902,61262,49801,10230,31069,1730,39534,5689,3479,22120
65111,26281,31276,18171,55551,22168,62871,54489,40045,3981
30292,35216,56548,24928,45306,27470,25115,22579,47906,48361
41826,12724,37954,31898,27191,52884,28031,59373,31303,34750
16750,20887,44325,16841,30341,2333,19587,13054,44521,58365
22142,62158,22257,63054,2281,3473,19264,54946,33609,63459
49295,29481,20870,45408,15842,21305,44249,22543,40291,43033
21480,53118,37409,2055,35493,40148,8831,38142,7426,62837
44744,26536,35925,33196,16028,4362,47185,12184,10164,14216
48370,51069,2996,16464,46398,22259,5774,10977,43809,44218
58664,1827,20655,4506,1748,25843,23482,57009,52629,39696
18468,35137,50617,17932,47819,58794,2416,26941,64968,16529
34674,7757,44637,34517,2013,43389,1386,48308,21210,28528
41459,25244,15291,18945,56507,27474,25596,36828,28102,40998
34655,50551,38313,59754,18796,57936,11147,12929,6365,25565
54616,57724,65119,61506,43809,39288,57857,58015,53064,1105
43798,14226,45830,41183,59174,27304,65241,40662,60437,54938
19922,16721,58470,12627,2610,30173,12769,25538,52000,60373
24523,7452,41046,13003,20777,39753,48916,32355,60383,5110
37522,21636,9529,50884,27331,14713,57250,48600,29986,52787
60589,12635,29538,2946,46108,47104,56555,17641,61384,12715
64288,7671,63074,44743,47848,8060,46549,38761,14160,53945
59471,62076,42065,39817,46168,9576,1853,4159,47565,51817
6174,23024,22772,15422,1877,6876,52670,37783,26818,63696
61505,19361,22658,47020,20285,18018,36760,31299,14260,32518
47204,19483,26297,1529,10670,7264,10951,32275,22262,37715
4172,54779,25305,55262,21992,55099,56567,43355,33726,47436
8954,63301,32655,15237,10324,11685,65307,42690,30837,5892
25084,8668,2810,53872,22316,13236,1877,23004,12789,26475
11272,21652,21945,36992,10495,2566,4177,30166,33219,18255
5382,48901,55008,50365,16024,46498,63832,15364,45021,42415
13760,42764,39885,55765,4501,43740,12475,29163,16534,56254
25931,61597,48148,42533,30654,28077,12886,14689,21478,24319
44739,30245,44900,49294,60933,12735,46396,22396,60160,47728
29833,3960,51287,33501,27404,16539,40603,10242,16909,8440
62288,33230,16599,16872,65509,34279,52654,8247,46542,870
4696,48087,16594,40054,18246,42426,2758,4428,8809,5846
26645,53759,14980,29954,51511,42723,41631,12680,55973,36013
28651,23705,26908,49107,31869,63867,64333,62300,30662,12883
4825,42512,15110,44444,40850,122,38898,26293,13047,20481
50867,11058,6998,26630,17742,44060,35511,56968,31838,41637
52835,54300,38209,43450,59705,32257,3400,21780,37448,32455
43218,61779,19126,60521,27274,32585,1045,7045,22563,45637
46101,34334,33956,47636,50528,53732,38964,32556,19906,14114
33183,11693,35253,1399,19041,39568,30775,62000,50161,46989
53987,32128,33293,11762,39107,41157,32989,24885,11785,55387
64138,17450,32775,55979,60507,5492,47131,58303,42580,64481
54513,8237,51437,23756,45936,29344,64291,18406,40078,55999
49756,20049,16052,25967,6385,6068,46904,13402,48170,45030
40857,40383,29713,32655,63634,39736,61953,13935,39617,63404
9647,35272,17850,14317,63960,43341,48621,13741,17717,28187
21818,39977,49293,55644,45713,5725,62064,46996,59404,54629
42016,59603,31279,43250,41898,29761,27326,55007,40730,55327
7593,28564,14850,41608,63068,36831,4684,21134,23513,26101
27030,42939,9350,44136,19313,23642,30409,59251,31782,21851
42217,55762,20328,55418,17371,31106,3862,62281,51478,59430
24373,59301,49330,62833,35886,4502,35138,22502,52706,31249
11774,36901,41830,3860,24845,47027,61351,13123,44583,51894
24832,54629,38853,33459,19611,30468,399,33564,52462,63830
25165,26425,60333,46823,55255,17279,55876,49594,19469,43934
20194,18251,57231,57187,1164,44170,55527,46117,50044,36181
12298,33550,43088,24231,25791,9164,27233,6721,35104,26767
61306,49847,19434,61149,7906,36176,7363,24593,32774,60255
24863,63796,23142,31870,38222,62933,37151,29791,38073,4226
54965,34874,49236,42988,22058,29605,64564,2656,21083,5241
9777,3949,44935,6656,10761,18387,27057,32665,30155,59868
33038,5782,45174,23263,2240,52321,40105,47206,41327,38992
719,2269,47083,15996,2421,31814,11326,48871,5418,8830
17518,18884,52448,62696,56874,49823,7655,28774,6962,30697
59325,29836,59135,46661,18749,10351,36099,11624,59329,44015
21773,33973,64992,21659,61175,12907,23207,13447,61253,1106
34993,51278,11718,33924,32256,42545,19832,15233,39692,38749
29508,4848,54188,5008,30235,47603,45884,36052,16007,43133
27244,11714,47158,17982,21596,52300,4244,14715,17627,21904
6028,41484,39229,53141,58554,3435,53401,59476,14432,37275
11242,25111,41402,60026,4520,65085,25213,53371,6336,16001
13116,18466,16230,44584,58225,38116,56834,49064,1618,6653
32698,41640,3259,49100,30208,16240,56109,31147,40475,43284
54445,12825,6725,48945,33779,8962,8345,10253,33006,38212
29224,53463,13870,19085,23666,15849,64785,35102,23824,40713
51128,35538,7621,31916,53698,14772,55300,17541,2066,46581
31745,61525,1390,35183,17847,24090,25882,14191,51650,16590
11699,10672,34766,7839,58126,9618,26800,17101,38026,21529
65145,6154,33011,29465,23035,31951,51306,45178,55972,39422
64191,56517,1074,39857,14532,244,25228,30311,44140,596
26186,56818,27366,44249,33765,56254,43061,36809,26346,48680
55856,46209,18398,52143,3580,34682,25803,25281,51318,1070
57907,64588,14507,21537,10631,55204,35207,30903,57648,711
18582,11143,49606,3344,50137,20287,41102,12689,50984,3966
25127,38320,10282,48743,22911,6470,622,62525,22834,23952
48163,11441,35468,40205,3359,29529,44416,6897,16939,56904
30095,12206,61382,64493,37890,32774,59660,8286,28132,47882
56678,21560,35472,44977,64103,28051,55160,57639,28820,34780
6894,53189,38896,14540,55395,11817,57326,11537,13312,52149
60567,62251,27861,9532,49624,15936,44381,19822,30457,26945
26560,16086,21642,4349,44844,46267,55642,44064,57799,12989
44615,40314,28130,19763,27419,41225,55588,35639,13125,54910
54904,19766,47038,53347,26351,56081,1748,7990,36507,42446
59994,44084,65233,38908,2780,50245,45649,53395,60189,27329
62063,17059,36641,37742,58532,56327,8494,55971,11550,29136
10726,17959,16722,42486,27116,27267,3827,5205,54899,27215
13382,34161,44849,11168,40347,52322,44867,50786,30649,62070
16220,45849,1005,56158,34836,65521,57007,39892,43869,41989
1158,40088,17893,60364,1342,58727,60318,19246,31704,33100
52046,24813,62751,31052,49228,23787,58525,44820,11950,45150
48838,62631,12335,4480,54173,49132,21255,20912,55721,2660
55603,52075,35486,27770,61522,35788,54797,46097,44128,12381
14850,65211,41232,19889,60918,42780,55960,23714,63206,17353
6782,33971,54822,54024,32221,6850,46349,25537,62431,33831
37143,12866,421,16867,48198,58789,22091,39741,51977,55821
13884,60092,4495,43533,41187,37734,17251,3888,60975,21453
55757,30773,4634,53417,18944,61856,16036,27207,34235,51139
60219,52230,11309,397,47756,8217,51378,58264,7608,11232
47414,36901,45717,40968,26409,4942,60446,42030,20857,42738
3705,20273,59293,46692,5923,31646,26907,48007,18184,10098
50478,31238,28280,9899,45056,16247,16599,58698,38169,57780
23864,55152,22439,58863,18488,43698,26192,10102,51913,35086
28772,22445,62707,4527,60803,28813,18148,43379,23496,21778
55798,11706,7413,6408,1641,58411,18913,17792,33414,34135
22530,14866,26419,39050,60654,62702,34687,60733,43068,28621
23419,27229,63815,52676,17345,12052,36603,36640,46413,3749
31689,47318,58779,26469,23134,57748,56268,31825,37404,59479
65442,9361,48508,34675,51762,17793,53585,13933,22240,63489
44657,40644,48928,25042,18507,53004,1156,55634,4461,50972
50686,18514,17117,3283,22152,23309,12700,37123,5247,1477
37293,62291,55347,54693,53002,30519,46132,8303,1922,26430
52030,24344,25416,20255,5623,28529,30680,61033,36677,57926
15615,53483,55607,27506,5452,48334,40840,27473,11743,25058
1478,43930,50461,56822,29867,4806,14629,57652,41464,32382
27231,49015,4237,63523,28185,18079,30657,24654,40970,62668
46058,3286,33083,7017,13730,202,53490,21612,59313,4357
8891,9635,22622,64357,33612,58720,33110,59710,55304,41949
62005,28974,5852,55739,41146,7557,64331,27880,39337,9516
16334,18481,6655,22866,57074,3779,34806,12634,26242,35671
61732,14029,49439,63931,17397,16980,65319,31677,58630,14220
32354,24776,14933,2563,26804,7210,21844,30170,6374,50858
13866,46780,49947,8502,8058,33092,35583,57164,41431,60632
47227,46100,57065,40302,9424,30874,64182,51633,57580,8441
56227,4740,17819,7524,39414,24004,19787,42387,26626,56525
21733,37200,44101,31539,51435,36948,36122,15503,26799,49895
8815,21150,992,41765,13327,61286,19974,30901,23283,64802
45572,16617,40345,57359,11296,34390,19103,29234,61008,43167
42790,51936,11640,5330,59509,436,38182,23541,50771,58366
26069,15062,29334,34905,25503,2270,19944,1917,26910,51975
35413,43434,22803,56661,33867,6601,60462,61191,52326,1414
9881,51735,877,27880,46228,29099,40400,56247,10830,24000
45139,26600,54738,13207,27689,63597,12746,11794,19333,62999
40544,44597,5438,53141,20070,58187,53441,20864,9123,27294
2877,14725,59445,28751,54959,15147,45303,47849,61119,1542
39514,37418,18969,16302,37198,21764,36919,49099,2732,12083
65022,22136,39335,51075,59695,60817,27315,5613,60479,39120
4638,21745,49620,48284,16068,13120,11096,38194,36840,50269
40871,11047,19741,10924,34215,61689,45423,33369,31380,57439
12930,27033,17595,4845,62385,51171,63780,29675,55187,65282
34157,53229,60466,3549,29085,39138,49388,29201,27610,6422
26506,58274,56155,4735,13694,57321,48107,36300,972,22760
45914,16872,63469,39969,19080,2898,31560,31317,61424,16344
41207,16422,29014,41374,11237,54865,42554,34667,59220,58926
61348,4210,18524,39050,46051,12120,3394,13887,33501,47909
19378,53187,37545,44588,11280,22539,21564,24773,62968,12343
52463,5593,24255,41406,61224,19336,13355,32641,36445,57695
1873,46954,28677,34865,37474,54686,57626,58000,58512,56133
16150,60765,54068,40656,4136,51926,58272,5704,25427,46576
3182,58848,49130,55824,4237,28292,12986,24975,7552,8048
1804,38268,18737,40506,140,7315,29618,61500,64119,27813
33652,28687,16757,21364,32964,61620,54211,11378,62874,3597
56210,23689,24859,14210,55567,16051,3975,9827,57927,55872
1187,2253,44927,36638,60089,2806,61579,15205,18048,26111
849,58594,22367,43383,27450,8836,22526,31110,28363,3910
54882,44471,53483,12304,33992,24262,15880,55997,41956,55461
11349,61941,30326,8072,42901,32864,25811,38223,63310,14297
35567,19244,13432,6677,21474,58424,60281,15552,51981,50543
35285,49276,58149,25541,60105,49975,36866,20886,8471,50907
60824,25194,51697,50291,50227,7801,56753,45314,47145,58226
40301,5659,17138,12745,55696,38877,28177,841,3396,3030
44117,51950,22682,21235,6814,27702,11196,14355,35897,2515
28006,8160,11149,15840,23431,14390,9758,27601,1920,37676
60156,8817,42121,8261,64512,47096,9949,35360,26241,6598
27172,47504,9628,59308,12035,5354,54509,46604,61377,13142
57684,1478,28197,13614,54227,9531,39873,3235,36229,55705
40864,12507,59415,46436,23592,30158,22288,45193,39869,37648
17905,6140,16151,59160,24872,16115,60044,16963,15491,20744
37816,25918,19377,57077,51553,33302,11974,33716,25650,16516
17031,42603,50593,34746,46522,62182,40238,28679,61362,39934
31641,37424,47319,28960,59252,60009,34670,43121,56052,47308
6017,11997,1696,56572,41367,13517,60320,4951,2368,64419
5906,48909,14955,44461,18592,57478,5456,40143,58276,8699
6323,20725,18063,1979,38331,20619,8154,34178,47044,20262
51418,3113,46635,58743,25645,44717,50729,57076,19879,27144
19620,24628,33793,26183,553,28987,20179,2151,30708,14517
20856,10471,53242,21422,9373,32454,24466,56575,31123,26346
42017,9688,63109,13637,8759,6230,6238,60995,60901,58068
6664,59381,42458,62013,18184,39399,54486,23026,24752,25644
59475,12433,42312,49095,21292,32861,38781,7477,38602,21076
7009,22760,35415,24978,63747,1257,51819,25660,28243,18867
40056,45258,32697,38875,21984,28138,65205,13232,28463,2576
28529,59261,65232,3713,42176,19328,15496,25262,12080,19965
38586,16823,39309,4273,32697,37848,27954,33705,61031,43941
54271,31229,47080,12057,18710,42385,48631,63408,22736,53279
30596,17917,17484,12669,63374,65013,5675,11853,12187,6685
24168,7410,33587,42914,37426,32159,52895,11032,52684,45505
27495,49043,30147,30626,65197,25413,48806,27017,28550,29666
30466,50010,37613,20748,43094,20839,6417,26923,20225,26769
64375,53121,41609,9777,763,43970,63274,2047,14273,14138
29014,34138,47455,25830,30001,2302,46699,44452,1839,24365
1696,56144,29563,48605,22193,1343,60951,51513,42011,63352
7963,11765,4557,23214,7427,28401,10432,20879,59652,46633
21612,43244,50062,38262,46948,10363,38127,64580,10845,47474
14474,29895,6265,63077,58885,64817,31760,61665,54250,43296
36374,52608,61977,15060,61787,8995,25119,37163,6138,26989
24533,49243,65364,583,41125,46761,62425,13774,19792,62644
39828,52776,17086,23686,39956,20494,3372,1251,17597,15836
28370,16975,43725,32735,36050,34092,50058,59585,15760,56328
21638,36881,28819,20573,56034,27681,192,52634,58796,11089
26873,47174,24018,57179,16296,45205,1478,17484,18420,57342
23529,23873,38302,13453,54744,960,18776,36558,47656,22131
65509,14620,46632,45797,23669,19756,47613,16973,19782,50089
21819,13541,34532,42674,45756,61962,5957,51399,29172,62045
48489,43859,20608,13236,26709,44550,19670,16898,64529,16651
62692,25950,46102,508,17414,14226,4329,39671,47800,57358
25964,18640,63130,40375,5407,24023,28029,48368,39562,34231
24903,46609,16428,961,2993,30895,17766,12360,55368,33421
461,48989,29499,7489,21375,53088,4687,39907,55983,25521
40026,11833,48023,59102,50448,63053,4034,31950,13780,5742
59521,15382,4207,11522,8289,26075,44972,11001,19872,22594
63582,14329,30410,47305,64082,47882,19583,43391,45354,18824
25591,70,1769,17504,2711,30877,30678,34073,62849,4196
47122,17250,35942,11103,43731,37416,49883,54724,64461,58193
31101,50125,61379,11803,47126,3659,16368,42088,34446,35410
60336,39864,16806,6329,14300,5768,63211,39859,9499,37014
62214,17341,24129,32152,12344,53400,9262,14188,25895,20008
35002,16646,8091,59616,13976,25809,30071,51690,3249,4567
14374,12128,9968,30455,32403,63287,31490,19303,7028,26233
35394,56927,54533,5323,62239,2055,18966,4895,27371,13920
58521,52913,64823,21794,8529,1014,40965,52434,44449,19023
10550,16320,25113,28516,36524,29593,52064,44585,17942,38666
2784,57696,32541,17585,51310,44629,57018,20337,40013,15905
44949,2058,4847,25881,40169,21001,47305,51549,33649,22685
32345,38126,21730,36393,18484,31479,14844,55431,30681,19437
45059,18122,23531,19393,5120,60424,15637,48771,47447,38533
61337,15971,22766,59243,16763,16843,63474,20589,5688,5339
43944,15662,1074,16077,39631,22658,36367,6183,20321,49886
63008,55086,28447,37105,35088,40173,58726,34390,22019,54448
65425,37430,4584,22167,38718,32015,27022,22264,5268,49363
1659,165,28981,54999,44336,59224,63917,12064,18168,6002
5370,27851,52757,2513,33916,41789,31745,3159,58038,48417
26493,41486,48506,30462,31043,42343,26580,34768,65169,54048
61587,3298,7251,37148,42133,33480,55361,44793,19719,14923
33676,36809,54268,52344,39008,55857,37924,22560,21869,32570
10435,29174,37363,4198,22886,7626,43945,5516,53079,3047
22997,27697,39470,64691,63552,26102,9269,29763,53358,50069
31672,10963,42449,34393,51605,36941,38183,3382,5625,48032
24055,31607,49745,41665,11474,52457,57610,64150,58686,15713
49875,9922,58553,50780,58940,35553,12835,57456,63785,40559
42402,12860,9777,42897,20421,21906,60250,61362,23422,60384
44054,43516,57216,42611,30140,30879,39894,15189,51666,28104
37314,27951,63033,48164,27742,41744,6294,8629,63472,18750
30730,23556,25090,49504,54280,49232,25309,25350,3879,43183
63711,25492,37056,52380,50409,52157,5499,53169,8028,52845
56412,4332,43084,45079,13414,31736,3541,8957,52930,6672
41960,19862,55790,38691,35353,40866,23460,20878,2762,60738
49000,2581,60486,57940,40398,603,56719,35348,44712,14763
24135,55818,60580,60298,6670,56929,17419,21929,10834,16411
1368,22699,52947,57654,39815,34791,55038,38535,34258,49458
35983,35817,58180,50945,2522,41235,43319,3003,19157,30051
7294,48886,18671,65359,17761,20427,4604,54759,11824,46258
58788,43126,44090,47844,54559,30100,26024,18020,35717,40040
41630,52577,57438,38951,58352,23239,23026,19524,18948,3871
44584,8286,55035,24509,18489,5098,36126,37887,3568,42363
60430,17219,11733,63118,18884,11463,18709,54505,53294,49632
60268,58958,30230,34685,1584,47138,5228,48538,28246,42691
32622,42667,22692,36716,58139,41658,22941,36860,13494,13474
49764,31657,23801,3325,24296,47767,46666,10715,25780,28206
41801,28226,22732,39330,13006,5969,62075,31573,41698,54769
45161,717,32723,24756,52826,40461,28910,28605,23400,8144
23517,50296,57899,4314,54054,33014,58217,21601,12670,35885
49485,3080,15508,15447,45901,11333,25424,30696,6353,15172
17759,31725,4794,17909,6196,50751,10704,51885,63725,50315
40722,20990,47526,24449,39287,11917,37310,39594,56795,11337
8667,3412,43577,29442,62696,54883,8539,36254,21990,25262
9258,14108,45349,8688,36832,3222,42119,23297,20265,34435
49353,22432,52330,2617,153,12079,33628,32974,20285,63687
41295,948,28572,59270,38686,10179,32602,36229,60668,7228
41513,55781,15109,19948,52642,52981,9740,43153,62003,54391
3403,60503,64386,12739,58727,25406,14177,15802,37330,12983
39808,60746,27244,51068,7063,46939,36214,49239,11545,22586
13403,54838,29757,44637,39584,59045,60244,43184,16819,45743
18778,48246,54720,8783,19504,38801,63078,298,26041,284
53649,59837,56072,64597,30116,59027,32884,12504,60278,37120
13597,11138,48874,46224,56852,12150,64411,60257,40018,22805
5887,21517,13745,55971,54806,43015,36549,31256,7910,45988
55229,28521,3165,18427,60768,53374,9136,56415,24267,43731
11446,40990,18635,10268,55095,42038,17451,20437,34003,13146
24668,16200,51307,24243,51431,55156,23436,42366,22526,56290
19809,58545,28753,11246,64020,47523,37077,47173,1852,48288
2217,19984,23677,17474,43980,52445,24328,745,3977,50444
41567,55380,63415,19958,40530,39231,61354,63730,19586,54686
18168,31180,43211,18821,12055,40978,6839,53307,56410,21464
38314,12871,59548,8432,33083,47991,50120,5933,41087,14652
55363,53901,42753,41749,29173,55096,36297,21795,51460,24768
47023,23578,26212,33369,29731,4982,938,23416,59319,24106
47313,4882,19403,25646,8075,40253,57459,65528,64471,34870
44476,63175,6298,8901,30231,28260,61188,53623,36781,19697
52977,62442,28392,55275,56654,10436,46921,17126,64265,23713
28352,19915,51725,29327,45514,30418,50619,17322,10589,52920
50811,13584,25523,18452,8965,8136,18328,2589,48985,12247
57592,11542,65126,2840,15031,55225,25485,16019,51250,16740
40524,33012,40540,21364,12856,26701,13304,31941,41131,30557
20736,41523,11682,12827,25370,58817,60860,16219,27247,59040
48061,61021,25777,24950,10963,18169,43681,55443,59104,32776
15882,55944,21342,40214,47658,7288,10637,27451,44817,24789
43103,16067,22441,28444,46328,6467,28283,40702,8145,17003
24018,25997,60532,34157,9908,12082,53550,35424,53920,3471
8891,29652,54674,24377,65203,55505,30454,35576,37342,8600
65439,64720,11815,16177,50846,63123,18616,27824,18452,24474
45297,31033,1944,30918,1095,18163,47986,49958,20637,29538
40631,2848,27899,42301,3418,58301,65521,41075,64188,5408
57101,43502,52491,23248,33701,38109,33488,62295,11773,6836
60296,33774,42091,50044,50786,44742,62134,994,26414,52182
17773,27824,5149,8218,33656,18553,4986,14181,63560,30525
59717,61709,40545,45767,23777,27199,58152,6192,1942,55364
53275,24417,21687,14073,43516,50288,54770,44671,19747,55569
43078,46404,62772,38785,2352,49550,38692,62942,11639,34802
8170,20571,53263,40298,41290,27972,65279,60839,43306,28217
15724,28193,59433,57206,21775,10963,47159,41547,31691,26564
47424,47078,58807,39490,7873,32604,15403,33770,51936,1626
32425,25192,59100,24129,15907,38610,41730,12683,62766,32140
27030,16046,4855,21172,39262,36460,6559,38303,42197,48660
958,13694,55940,41016,10663,45564,7667,53228,53028,45986
47929,39539,34173,53965,1375,2206,46341,42413,6711,30856
25205,41424,41862,55585,28276,49350,22735,35803,45965,2371
38918,22860,34625,45606,61851,421,669,16431,6299,60898
35082,20969,30346,7944,58293,18574,14958,42762,63422,61975
42531,49466,18367,57203,47222,5351,48378,10124,62082,7813
62705,33522,59476,34412,52288,9949,28864,45238,1964,19103
5443,48364,16060,57423,58295,22394,30555,3360,63693,55251
54081,2178,56562,20251,57151,15552,39148,969,60836,61897
62580,22555,25378,13055,51939,24273,14143,30319,45615,5246
21517,34314,7835,38354,48047,52359,38458,11729,57158,28757
29517,53140,11029,4956,34080,26129,28260,10659,3185,31639
52903,47156,4695,58319,45497,27948,65021,45533,34565,35753
56376,64030,45419,57281,19044,57997,7010,5388,10905,30493
53071,28077,54658,19126,39153,62157,22818,27134,65343,19076
62163,24296,55037,43636,18391,4436,50424,54048,29777,64187
33076,52295,8304,63558,59379,4920,20167,25126,46416,62078
20957,61388,44294,23784,63108,50093,24779,40041,56698,44511
44582,11215,28773,40538,17391,37843,63507,214,47823,4318
48604,35991,36341,46672,397,5464,19316,25011,45109,50502
36569,44648,46242,12197,15161,6124,62091,59910,53336,5073
4969,10677,45248,43097,61142,47427,23738,42748,52927,41319
33885,11989,25870,65281,34169,65445,59237,25412,1234,56035
23106,31704,7988,26009,47721,12299,2577,31842,32941,43834
6135,58009,60447,15539,40697,11712,62669,6838,41061,3491
33739,32309,25094,35719,8167,25261,14587,55804,12377,56360
51504,60340,9495,60954,35028,35254,8789,26907,19710,3297
32364,45664,20049,21618,28534,26319,40585,51450,2377,1401
36760,42323,22584,26559,16279,2168,12311,16672,1039,32852
32170,49128,60857,36603,13050,12558,51820,11780,51080,9011
51662,64049,36619,34195,11577,36865,21776,40141,22578,1915
64286,28248,53093,49015,26281,35332,49804,60288,42776,52015
17353,30048,38248,45432,25468,46646,971,52610,59906,6527
50056,47922,31717,56161,54769,12018,12688,55350,32523,60345
44974,52230,28799,62129,34362,61727,3934,16504,21642,19704
41947,62977,14509,28048,9471,28508,47318,43390,27834,62116
19896,24753,24562,59847,20802,27822,40511,62834,54663,24158
33130,59652,7299,52553,5607,36565,43145,31458,62691,24494
32596,28148,3430,14056,62506,59335,25115,39863,9294,7203
35405,25246,18014,56374,21056,23018,4532,44728,52000,15840
48684,1968,24567,25898,44397,12920,26479,16729,29856,57245
16524,24839,3357,62312,50212,24485,26967,51669,20727,63175
38787,54631,35208,2736,51766,61165,34698,34002,43840,61068
1512,4144,29294,6908,54247,16533,11278,56876,64306,9720
55731,48478,21649,986,13038,17211,168,3340,43665,63733
43671,16598,65298,21707,21301,29874,2614,38077,55604,50205
60903,33836,5385,63950,43365,15657,8077,27200,33818,27210
42347,35988,58760,41928,22078,26870,12436,17790,2047,20544
5748,1119,6210,25044,38634,51900,24288,31269,23447,46110
3499,33991,19641,20261,40814,49539,608,23210,32750,64895
61287,52543,55276,37994,56067,27534,4554,33851,3678,4403
50233,45462,19651,63344,21210,32249,20257,18821,34426,13943
10262,24690,25768,56286,36553,37105,64210,7528,54924,10252
6766,2933,1149,13089,5852,53913,33472,21207,8575,13071
56984,11160,53622,47942,18192,24794,61165,30531,23735,59343
44531,58972,7513,65333,26898,54765,27440,45592,45996,9587
16234,41597,4830,10826,37659,15059,27380,40738,18171,7048
43511,11377,57356,21115,19837,52758,45911,61114,59885,50047
17772,21241,44143,38597,9237,27488,20565,39281,40451,57682
10462,52344,19123,23290,64403,42390,45050,26632,34740,58955
22909,54178,43664,28313,56997,50639,40230,46755,21053,62907
3584,57882,25190,51879,42608,60669,34436,44509,58124,25262
45089,11825,48517,51508,25043,38923,21806,4098,33979,28254
37948,21708,42070,64855,19936,6957,34520,27622,38896,18426
60642,21165,52422,45022,24024,55930,39281,13560,15210,2975
54318,53452,32913,41957,44128,36404,17803,13072,1902,62727
15910,48447,24311,15465,22823,45832,16616,23828,17401,26524
20026,32623,43522,64877,50240,11795,1121,59735,22344,27191
15915,16700,1719,57471,13579,1890,58098,12253,63763,729
24466,16486,17203,55799,8451,51093,6640,61834,60335,4140
55871,42269,39413,15996,28510,7850,65375,21734,7687,15759
14005,19100,15845,17520,9805,6946,7106,54740,21328,43367
4198,6854,33651,17229,40259,35707,2304,45894,45038,50795
32247,64437,54915,3883,11061,31896,2694,35108,6037,9640
11597,35139,47787,26588,29147,9440,18738,61705,25202,52959
59018,1071,42520,61807,53746,57587,56006,36586,19786,13712
24486,23108,17619,27022,59722,51811,52151,64556,34202,65068
60115,4275,8308,61146,8780,11768,29035,29800,34733,54099
62868,43080,10394,1007,64456,11060,44888,11786,1971,40341
44222,51262,21112,2182,49833,20870,62914,30650,27813,10588
45108,40055,26452,34642,39935,9554,4687,2473,19976,12045
55930,24543,55720,30804,10659,11025,48504,27846,49874,1047
21798,49795,38047,14539,51057,43062,12581,54071,21973,27079
57161,36939,47810,59129,47517,18814,7166,25912,11063,39882
47091,58887,37915,41802,34686,31510,38713,37669,10225,44158
16621,31679,49666,56054,5852,43055,33313,29353,35814,60312
22048,28987,54573,39631,3030,12493,11338,4055,55106,43559
38897,21969,44940,49290,7786,8905,58035,62717,47395,55789
60995,55146,3207,53545,14019,41519,38551,20066,36945,57802
47191,36542,50865,10152,47559,53313,61448,9681,55020,22870
45497,11841,42189,11609,25728,41090,62970,15921,6825,27502
34043,39249,41708,14213,6305,47234,28061,13774,44445,49863
32601,14412,8460,41863,51893,24501,31231,21135,22518,35717
3102,40719,29507,31634,33811,64731,60179,32086,4246,63778
30103,61308,58204,39513,41451,37629,22206,26493,5792,52119
10439,42405,6547,19383,48183,32457,29114,3065,18560,37444
14693,4472,3312,4567,14576,65388,30848,13041,56743,26580
29978,63534,55874,57366,24808,9444,58974,55651,60872,29268
38666,51364,38865,1149,3339,34010,33704,58382,43175,12786
23108,38355,15531,39105,34152,30200,17084,65104,60634,40325
48271,21735,54015,16935,29098,14744,57841,6378,38407,37332
28617,2362,22813,14452,47987,40584,58855,34049,38194,1348
59061,28602,20458,44417,47844,24834,41501,21741,16504,5288
35896,48111,52870,19812,39388,56285,24875,50536,16035,26919
38581,62937,48970,60163,16903,39698,21334,16665,7698,57271
25089,56672,9426,2080,28147,6406,14793,25726,17974,44411
44749,18794,24490,36084,54657,4634,6051,5527,44611,7517
45108,2474,40459,33167,33040,17463,22140,38211,7622,1226
53052,41997,44842,790,27895,21601,62650,44941,41987,4695
23616,50805,54657,6787,41728,44427,58138,2487,50570,26190
51908,24885,8788,55425,50322,1374,47324,47362,47108,38393
24056,65264,41969,56079,4367,35924,23419,8171,52856,47192
24205,16931,17647,53353,28124,2466,22330,20105,18892,59876
58563,16852,61402,52613,32812,34803,57765,42080,58445,62488
37796,8670,37745,52885,48687,37197,18645,9915,21364,10061
6035,44257,57826,47211,47889,47693,35020,20718,56792,18470
20042,7237,52352,35786,36025,11073,3472,61894,27034,36858
25825,27698,30776,43187,50837,39058,46305,38298,32268,57738
43647,12107,22665,57743,62348,55844,49208,60578,11653,22504
31152,51554,59930,22200,13512,26555,48214,38321,38078,44783
28416,49851,49368,26667,64547,10143,14211,13093,58698,44641
32151,14921,18627,62221,19438,43259,26744,31308,20728,39407
56244,22373,28791,40852,26338,41228,13903,55967,20119,27886
7538,57496,19556,39633,57939,24216,12327,48156,57890,29183
45678,8592,56361,11595,49426,20733,43995,9074,61844,64465
39380,39830,12591,19850,26603,16416,58798,35527,36330,2847
47535,28257,3327,49402,56145,52093,53603,22182,21625,19198
29187,6724,18324,56767,120,47555,57520,29255,48305,22688
56298,45812,39729,1443,26809,53373,55000,13828,29632,624
18272,63730,51494,28036,38464,60011,18115,53451,60763,33846
13812,4792,16518,61689,21954,27623,903,56445,45734,9403
49171,62011,1897,44087,21529,22451,2464,33750,26844,34996
59276,42234,14998,15787,2544,45555,48250,14145,6991,56866
58264,27101,39230,59902,2786,37449,56404,26027,26510,26327
2606,27786,8667,59689,44809,48158,43601,38938,58685,48818
36957,5664,37876,33986,33728,34914,33989,18322,11236,38114
22376,56556,48319,44788,14366,35985,7013,53762,54423,18882
54744,25365,37425,27803,29638,59883,39412,50727,47099,14825
18502,50777,47308,45076,13851,64820,54977,26652,54288,35534
1810,17454,19944,51457,22247,26114,19538,42829,9753,20542
44331,12493,33567,4690,46124,62049,17118,48991,52696,55067
22931,27413,60718,56171,62992,37006,3595,3930,26548,18162
10395,53555,17448,54793,59319,20767,2363,44131,29686,51944
19959,19476,62905,39571,27866,597,1655,18243,34734,64067
55643,45382,39990,55600,52763,17893,42415,16892,19779,65173
569,38069,59339,23751,38633,14735,37714,13596,9609,46839
53196,26020,14357,36714,21463,31665,16360,36861,30631,15173
30277,12479,65294,59940,50821,8175,3925,64730,46440,35444
45615,37157,1279,46363,33603,57670,47499,35365,39909,56472
59600,51926,24538,34414,21382,38242,8420,50800,12440,110
60262,44276,13132,39517,36297,63575,57848,11481,44550,64697
64236,43149,31431,23448,38534,15055,23638,18256,63034,45457
8573,59948,4628,21762,39093,21401,59919,18207,5261,3374
55503,35593,44949,10627,2234,12812,34305,12219,10485,522
9015,13053,11039,17965,35043,10840,54924,36340,5584,42951
62885,40192,60629,46796,16302,42225,30564,4706,40554,6073
28660,62996,9021,47174,13325,11070,13682,29879,43002,50439
54966,6027,12750,52760,59011,54001,3915,61145,39119,58664
7217,7897,43252,51065,16123,4600,10866,26648,9655,19632
34381,38605,4694,64415,47984,54258,50409,32441,35526,23640
15994,61194,11810,59281,33569,44331,44697,15713,25870,48331
15065,33956,58091,61765,34874,16020,29164,8532,36802,55619
121,10335,62923,59904,10892,19699,34284,19611,45796,4476
47768,46960,8673,61956,29860,9712,22823,59802,63431,24720
23348,21381,25628,48430,12788,49308,43609,55172,8171,35660
62715,37769,18234,14254,35512,10464,12347,62231,5744,24064
41608,16529,2980,32076,10337,9204,27699,21947,33310,59534
50568,4185,26715,27699,11595,15256,58419,62376,40065,3869
21676,23473,47017,59245,13243,62670,15178,19715,28567,614
45886,9422,62845,12882,49388,64724,49646,12639,30771,27562
43635,2367,54252,22368,24736,45507,11269,23066,61286,48752
43376,1464,16694,30907,31785,1891,63766,8134,37349,50512
12157,5080,5602,21470,55215,36874,56578,13149,42792,53634
20780,45445,1043,26581,22786,26745,15467,27424,59655,40152
11332,7907,21562,1566,7434,12408,50273,46019,62520,41849
58765,65061,1376,34885,29802,22588,65525,14859,42509,64913
50329,39089,2459,62489,45431,12083,28659,28720,61555,48085
18313,23693,41378,23879,34969,23276,63928,48200,54630,54066
4408,24672,15867,54272,37361,50057,53523,31941,42894,33594
12157,41889,64756,38661,28203,43234,10868,22946,3015,2687
56893,64556,55149,42346,11437,52302,61908,1776,17596,50079
34826,52430,62143,46309,20182,13496,55373,30169,22431,43816
46337,11893,41057,1346,57305,32340,60185,5246,27248,54682
63363,3824,30695,24727,64396,40374,37012,31279,6250,44472
28781,41894,47079,22654,64295,1377,33370,62366,16527,48196
36547,65067,39610,52059,6800,28969,52420,36463,18962,29146
19262,48782,1748,28971,15689,42866,10285,42879,12080,12146
62374,56708,23565,23288,22022,42415,26312,58649,39824,41571
18463,26077,50736,45573,42755,16965,47628,64521,38786,7216
390,9528,42518,3911,10457,6980,60589,38876,9020,29854
10363,4587,17640,33504,46653,62755,6992,50580,10715,25995
58232,16367,12733,38162,43816,27274,9592,35227,48657,24833
28330,32234,34913,15978,58833,13188,12528,27781,64597,39082
64400,3198,49081,46004,38230,42920,13083,62431,5642,42780
5326,2901,14625,49288,11952,55158,28573,54835,61638,29156
9230,25336,10353,30806,36638,44549,45731,60275,16856,23517
15607,44731,35760,7404,58712,20513,2630,32792,27417,28347
19627,49661,10721,53005,43584,23167,49286,53872,11817,31848
23313,61802,59547,6908,38312,43748,16466,1249,47322,20746
58452,56232,55416,5633,45738,47023,32774,18435,56948,9462
47989,3360,54515,59857,7934,62042,43555,31184,26845,63191
9064,44548,31826,25852,41612,30995,17389,53129,17757,8655
47657,47372,33505,27226,36743,19359,3767,57332,28259,23576
10781,6542,57996,11686,59714,35101,11776,43819,43545,28921
62914,45959,63451,32336,52338,21484,26584,38854,51943,37369
1365,14536,43708,64086,20838,60337,53563,33886,45051,48246
46055,40048,1768,35696,16444,29873,4653,14517,21289,11230
60654,40639,9199,7213,45063,53614,56457,3834,14387,25691
17601,10829,29028,46243,63431,39106,47719,37128,51958,60559
49313,7663,49382,35582,52556,8852,14682,47841,46092,51058
43948,18179,35575,43518,12865,25611,55869,9598,46289,10121
24624,60179,10748,54271,65046,45846,53412,40666,29594,44601
9068,25918,36611,46828,13322,1449,13821,10453,18696,18865
29656,56057,50316,10162,61177,43299,44566,44910,51299,11290
42867,38603,26667,46882,56625,48510,12304,62576,5406,7269
49064,35701,54782,60520,58640,3925,24245,60510,63660,30951
18533,14551,3430,4717,6393,13023,44359,53679,59279,32928
36953,38742,26983,33990,53472,59919,7488,33155,661,42706
54833,23498,32234,10160,20701,3826,30968,20762,6949,39720
15667,8754,53613,38904,33481,49885,12704,14582,44456,50809
33310,44841,13927,30517,45516,50515,64643,45558,46313,60459
34978,65512,36465,27290,10663,36815,58162,60571,61472,20718
23651,24183,7630,48206,29796,9393,34859,5719,34764,24670
63166,41477,37977,28003,1407,56177,54928,8035,60102,13773
32120,22342,26575,58361,27133,50994,64070,56219,29505,33374
59400,29865,65030,33610,44084,49064,15154,48737,19648,38379
15938,1981,41686,56874,64312,22135,35101,64960,5472,27071
60683,55445,2949,16517,1153,3808,58755,37782,43490,12536
1609,45200,28804,4314,16513,17903,56330,3778,47953,64670
29999,13420,30374,37390,5067,44519,30749,37028,12934,63774
61549,50038,58663,49050,39566,60659,19994,36615,32453,48843
25506,2482,10561,23934,6741,42616,25528,57534,27253,46861
59038,27664,23403,9753,36541,35237,25105,22623,46163,59899
14715,58212,59018,16227,52834,3139,61105,39409,4602,59567
44070,22591,5104,38219,11857,57455,6087,4032,56957,9885
15875,37347,15828,2291,11685,49039,25935,44098,48682,53147
61058,49889,41005,450,48885,2715,41440,26756,22700,23197
9841,17550,36051,49384,20254,3017,24570,44970,36693,7442
10387,1068,46546,8450,62046,44243,1067,32409,21291,14167
62869,43010,38455,33418,62177,23473,17813,6611,34591,25507
17432,34031,38045,45140,62856,59604,16549,40862,4831,46511
36644,56434,24018,15728,37987,49510,44580,63990,63894,806
25205,11198,35858,61664,41503,38149,14452,710,60301,5007
23066,23141,61291,38513,6444,25216,59509,53003,37694,20371
39075,46519,40828,8557,71,23164,23995,59649,62827,39209
29253,14910,30419,57563,51803,5156,7002,25398,38722,25535
14443,44636,27270,13045,21390,17923,17063,38690,13263,34280
57273,10822,37319,1624,25292,53182,9289,55177,31487,50761
21656,58995,33226,3885,60890,44333,50287,52036,14648,10894
10737,46596,23527,22838,31923,13415,33459,18558,13191,26726
36862,12524,49606,30232,8671,8359,33793,51522,46744,32863
25343,11101,15049,19933,57201,12238,60198,5072,39996,6652
27762,60362,55303,18396,58287,31499,48110,25461,2685,43474
10622,6237,23501,51258,16949,48158,28705,14654,63112,38066
4766,65388,60387,52670,23435,14564,13665,34985,61960,14096
57707,22476,1137,2551,43274,47524,2933,1469,45470,10882
50677,1640,59980,4680,61703,55456,35543,27260,8130,4902
35106,129,5333,62102,18924,43999,4542,12998,32040,56449
48827,46241,51673,17640,8873,5312,23999,4420,15715,35532
48978,7928,27675,56326,14433,48500,47212,63015,19042,59994
44505,37498,55639,42730,29702,62722,50457,53958,11739,23982
13856,61798,9169,29295,16580,32960,18726,34918,17729,5193
34459,46326,62970,51695,60018,5841,56855,48438,58465,53928
40896,20515,7204,18663,43177,3283,56073,29195,1796,22226
40366,39345,2250,36166,597,21817,26005,21982,31983,21776
36641,4021,38970,32727,25578,29924,11645,28992,4311,22577
52229,7532,7651,7338,39953,923,64987,31039,63219,36623
63278,31107,65383,59027,52902,20245,65010,41091,47165,31141
23987,46666,15418,45028,64379,17282,52586,9541,23693,58895
45320,45750,22052,29835,39779,2584,54612,11249,31619,46364
53184,10592,24219,11205,21715,44377,353,22815,11118,28425
55428,36178,51599,21149,2831,10669,53457,19171,23693,10697
5471,62914,27160,44339,11594,50413,7309,10997,62766,25818
59512,35363,30304,42840,50973,3469,53,29293,16818,45841
707,27390,52242,1920,48401,46208,55776,27468,29378,33632
6050,38982,39765,63004,23495,42077,49161,44341,64388,58683
13327,25261,11948,38238,58610,55113,30558,14040,11133,31755
4312,26771,26541,60415,29948,10041,55824,32713,12154,12663
52120,53274,28056,13059,54963,17616,27513,18199,43246,62039
10027,31986,19810,19551,28220,14981,26189,26946,13035,27308
7285,11646,46776,4882,688,8928,58032,6294,56824,55059
44137,51114,59340,29834,63540,7562,54721,65292,9615,36353
16527,59540,50138,21739,33713,4690,29418,12241,65479,10008
6517,24254,13243,17508,51452,42509,44942,40820,31670,1917
52149,56366,40365,1655,31667,23162,64350,42047,23042,65447
13858,11746,15821,15419,5039,24820,21674,18782,1581,11917
50605,47550,56682,58242,15404,27574,3966,60905,61298,40272
52971,45493,53238,51536,26656,9061,45795,7973,14411,9107
40694,61298,1456,28314,1154,59406,58591,65317,18757,30081
19149,59257,26777,2207,48781,26262,5099,15731,26563,63902
64800,63381,54708,3058,11031,60158,44320,40668,19127,1105
58321,19124,20081,46692,1159,22431,17360,56757,9276,63365
9185,41252,37894,34131,49250,52572,22673,6306,7384,16135
29586,56905,16560,62675,21911,41458,18316,8289,8177,64764
1495,17369,45006,61071,43355,55194,19566,63758,7996,15000
17343,27384,15075,58476,59273,8670,58108,28077,36684,24547
8371,43265,42165,58326,22807,62753,63215,55886,44059,64612
4729,61566,27376,40555,14520,46145,58756,40632,1586,46282
44712,48925,32511,19399,25865,6530,35926,18365,47360,2089
24574,45571,58109,1572,23034,7552,42501,11716,17959,40092
50732,55369,298,61161,29045,45645,15867,44608,60960,9527
20995,57304,65107,64447,12840,38215,25969,64731,21911,37777
18983,49417,2616,64658,7560,58806,18174,52277,43494,39691
49985,2697,614,30503,32552,59864,28890,35045,26720,63571
1970,60082,6737,39228,12440,64487,4680,39393,65533,62058
57173,3576,5713,39661,47394,28238,47900,49100,45711,10028
21277,24686,18456,54521,62583,24688,24506,15548,55213,56074
2507,39821,60810,11416,6768,11299,51945,493,20773,6298
14037,28464,5334,15373,43320,60613,57732,12216,6140,22134
34691,46886,3871,42940,35285,7428,45083,33285,40092,21389
37027,43302,23881,63806,32316,55517,39488,33178,15689,15086
48027,55981,1435,63114,870,61464,47428,19699,65233,24428
20069,43479,47128,40943,19922,16725,9896,38754,43458,58957
26994,64325,41863,31903,12295,40211,6569,30604,52454,42606
17962,32990,45041,2299,34836,6061,32978,52318,53885,6559
42874,56368,5204,55480,54412,15370,17425,9272,16212,58058
41232,14806,14554,45092,53671,56744,9738,14033,19734,51763
55049,8263,13413,43424,34928,27348,21373,61254,16262,36189
35883,17662,10696,2426,226,38737,36507,8440,3606,11467
34742,35867,59648,59544,21419,25465,35233,37361,40619,64373
18801,63903,60398,19046,44543,1959,54934,45550,60728,34734
11940,16964,20601,26188,907,55733,13949,1141,61127,23930
2760,11072,18537,15199,53188,24460,19883,36244,47587,40972
26760,17339,7910,61386,38866,1370,62463,47679,30745,62501
1162,21671,49012,29883,16436,6750,26284,28377,50842,58768
36048,62767,2038,57122,24359,49421,15102,14485,46849,12085
33226,47288,63888,59393,44477,28236,57676,3707,42944,32978
8778,39346,1327,61765,18189,34727,17146,31442,37856,51015
15685,57230,6488,13881,64109,43920,35802,17144,740,36096
31638,54204,18805,7715,18364,22696,57669,13173,64431,46392
26823,47906,49569,60319,8139,17901,50017,51412,48942,44850
9804,52086,21398,64992,1889,15575,56784,23378,60650,39325
45714,17884,57771,30087,38105,52654,17527,59858,53938,7278
35487,55903,14603,16492,5920,64013,25728,56749,7066,43599
13779,39101,63494,59639,28526,1216,44405,63691,64342,37357
28038,56490,48187,42804,20102,6328,41747,2419,929,44811
21888,32689,11702,10426,22730,60719,45047,4802,41211,38515
35507,31851,52258,45502,30226,12973,60908,14947,48755,27103
20254,52908,21669,64524,12547,57225,8733,20532,39393,6275
26294,22434,19282,64213,58596,36307,52788,63708,57564,10313
63531,52775,3578,43725,37490,20338,48603,46337,41464,405
9437,18656,65188,41759,30881,10194,38576,3182,4858,51968
56419,1094,61356,23857,33584,22452,48016,64676,36620,35995
42823,28560,19968,27741,39372,50406,8224,47125,61636,29192
62127,23253,487,13807,27813,29257,35817,59331,14539,36139
29859,55255,39495,28910,64004,29116,64069,46903,15502,59763
63271,29510,17357,4795,10419,55479,37011,672,47861,65002
31567,60558,57031,51007,17908,49518,40312,23619,1278,63028
2046,6655,54683,33598,24087,56286,43624,12992,41971,43304
31764,16845,44441,53653,59740,40571,64592,36799,26689,34770
4412,38204,26365,55971,14691,11782,55730,60024,24756,26447
29399,46293,19132,8971,25998,56456,50698,3561,54687,320
35817,14325,24630,32682,33492,15686,21567,4438,10880,42265
25835,13459,10593,6646,24091,16385,30375,18100,39681,59025
50669,57864,39096,56621,19098,21858,57663,17094,33907,6974
20552,54642,23734,20630,21639,22613,51339,40000,31235,46056
55397,25771,37825,9317,57343,22119,16630,10681,56677,32561
19071,23649,59495,21389,18114,11036,58235,51984,23820,9620
60549,8064,59439,9219,531,2116,3873,26989,36358,35454
51604,22373,3873,60661,54749,25629,47895,10225,28125,8912
63766,30457,60824,41770,27112,39355,58714,59032,3245,51452
45422,16008,24915,45920,61652,61185,16757,21516,45023,37370
45655,614,706,56933,42988,33503,49626,9488,63761,48820
64251,2401,23270,7062,35012,54159,22911,50193,26312,23901
38034,36324,53035,61329,55630,49170,40180,30933,55045,7355
101,55293,31808,20089,22486,61376,29828,30698,2219,47176
58327,52005,8139,3646,34904,53551,65047,62889,28992,42332
46418,50329,63561,39128,29107,12123,39915,59110,51298,432
16945,3054,33141,56335,55197,20545,15551,20998,55632,43492
46832,14663,15222,11076,5011,31693,21085,9531,183,33464
63154,42563,13110,44038,19518,48736,33864,11493,49660,49954
59495,58751,1462,45197,17670,22566,11920,21193,37226,61702
2282,39833,32792,19671,39827,52361,12028,14366,57198,9475
43619,19057,61091,13680,8616,3188,53507,22807,65152,14207
61787,30536,48635,21339,1150,29879,14104,57890,57901,21722
44485,61198,29296,45668,34975,25563,36628,48404,51668,18091
45329,12286,22144,2720,46883,12693,59959,30141,51363,19047
26766,33967,60272,57347,11334,45563,24438,14296,26919,11585
44170,9471,19974,20070,61652,11838,20337,16457,55886,3933
60562,4857,43503,46393,63943,27729,11535,48527,50542,4894
32818,16068,47333,13609,41696,42594,12175,18971,35575,55258
49053,526,24169,30980,17144,34309,44506,7907,32566,32443
28156,23712,33713,64345,57989,23310,47758,15154,36920,44432
23825,57880,18667,8426,683,47928,14256,18067,53820,52072
56015,64807,34414,6414,61489,11255,48110,11139,22635,25407
62631,23143,32805,31399,34642,36670,12279,22736,26042,33344
39542,16123,60314,48907,8125,60825,33877,54902,11917,63847
12381,26607,20555,18598,19092,45968,63509,7471,21002,33766
2169,59842,46985,51808,2118,18086,16746,41503,30819,28051
15661,55277,3645,34966,53765,28151,25160,36351,17707,56268
14825,54795,33672,38257,2343,16611,6643,62212,9566,36052
47805,65334,24383,47038,42752,37403,23998,45501,33027,17573
24884,27439,26093,16498,26760,59291,12447,13411,9046,1696
65360,64078,54366,30765,18428,59891,18363,15195,55141,8396
51578,8718,56205,8953,46961,23156,455,10023,60337,56850
46871,2716,60126,36084,6945,63384,19503,21626,59497,35315
54645,14130,44688,28204,49575,20819,14515,55946,52753,62774
61661,5398,8900,42085,38534,43662,17839,58326,48993,36717
54098,30877,15568,21514,4070,32298,37835,40315,22192,36735
20200,60634,11979,10876,51711,45627,1532,63893,15441,4261
56439,49982,58351,51720,23512,35601,40166,22069,18805,10167
13869,47711,35295,56208,36592,5948,44997,34452,24456,43056
35440,35226,58704,29547,9636,28458,62055,58202,9933,17617
7936,35922,49622,19533,50496,11605,57052,40547,52459,25689
20588,64088,206,11504,64644,61297,2755,20064,59297,61203
12592,55502,9335,5912,14395,35647,56427,10729,62231,60806
6784,9396,35897,19957,41214,13990,49376,63213,61776,39438
14435,47981,6958,22499,35831,24724,14990,42950,59566,42499
7803,44545,48341,48571,48600,36965,37459,2138,42574,65455
32604,50446,63735,63360,1238,42321,43898,34402,42166,48419
49588,59195,23095,20866,37893,37483,58488,10203,7401,55627
52119,2254,37052,28929,8776,4691,29350,32422,38942,19976
10011,39346,11694,21348,45147,64476,17596,13198,28223,26934
7782,61441,22728,60134,13191,433,22579,45568,15487,29103
65045,18627,27941,23154,9848,7978,44206,34876,44247,5780
36410,48645,61969,31755,58233,54785,21000,41702,44009,15321
9,31578,18117,42788,16271,20752,9034,15762,46876,9576
43743,55877,4801,8880,12945,55099,64117,32068,22409,42816
2552,17991,4805,48671,37071,44843,48895,25519,64070,55446
38130,54704,13044,62773,46562,34682,32514,17616,43735,40690
25747,4911,26158,28728,63902,40254,25471,55494,13405,1580
62393,62755,41431,42224,1670,46417,15137,61234,11367,15432
33835,1011,33464,39101,15437,10733,40434,44612,5895,34861
5691,32382,30446,37383,29329,58433,48600,51849,60929,65494
6617,50272,39837,9684,61625,26038,24024,31105,8179,51654
61489,39775,33008,30743,59376,55197,26928,4191,27043,58982
63286,45697,54298,15598,35093,32484,7310,29448,54066,53953
49035,58445,51839,8234,30175,59997,58843,32052,56530,43050
24169,47608,44261,60392,43933,30128,207,49246,60952,39567
57333,29401,23894,57600,16293,52137,35354,21174,22476,46306
33106,30458,64885,652,40643,51030,63333,48630,32312,35459
60704,38873,25782,55509,18001,57395,27506,27069,41589,16066
20915,49434,31862,13727,52329,43881,35601,55691,16056,26206
37633,17528,54092,48690,2840,3975,11409,25143,58931,32222
25565,27226,60511,39578,50354,3687,44316,30112,10935,42061
22591,62038,18994,6285,21781,45300,51823,58282,15754,12524
2664,19093,24972,24415,17242,4720,34647,47501,42100,24207
23343,22793,15257,33774,47585,19517,23375,23819,18823,54856
15629,41295,7449,36210,18627,42267,31338,46441,9645,22501
25296,52174,6333,8057,35359,45900,64782,22521,6506,898
56467,42872,2761,50399,63534,19982,30500,13599,27672,19726
42855,63341,41437,15749,20632,44925,38228,22209,27027,40749
15657,36856,3732,42139,36789,11013,39821,40117,52334,9926
55230,60428,52580,14960,41020,50230,56608,39341,10483,12448
39618,15648,36101,18224,6733,3308,65504,17408,32347,62809
867,51290,52031,2432,45461,10449,35578,6164,12419,19261
38880,40538,11561,30231,33159,7414,45,18564,15138,40577
63426,42026,59930,18155,5537,10312,3927,45389,12224,64501
27212,23128,14261,9140,58496,34322,6751,20811,36566,27595
39345,57388,9730,54473,40034,18159,9661,33081,44397,34554
11000,7444,61393,32785,16909,20120,17211,47122,17116,8957
30976,45485,60317,7526,11076,19794,50924,53211,44119,17328
6294,11148,51889,53516,42452,31610,40940,21054,57310,57220
47799,17936,17819,8341,22686,60753,50318,61003,60000,6604
45060,18062,23760,27309,29378,62481,48437,50181,28745,29978
51640,62924,21473,51326,30747,65179,34461,62280,29707,40819
8779,32802,28161,55180,29359,38196,28037,31467,35950,40891
13771,61641,31740,62380,3482,28295,17637,58814,16774,9361
8757,31782,2828,45094,64917,45748,32212,52821,57896,49348
40006,50711,40526,21084,34774,56625,24679,52037,51409,60711
65125,15325,55541,36806,5967,275,39688,51818,52777,31594
2645,8654,55584,8387,57149,54805,52438,16587,43107,14941
58800,11353,57350,28417,8543,11602,41233,13028,47093,62314
14433,38796,24589,57574,27203,20575,53420,27371,64990,16300
18933,63543,5428,3923,37135,37691,15959,61803,21610,31467
11757,23193,16323,16085,33020,16054,6491,46736,3448,26055
34392,57300,42176,59705,46652,39987,33380,52166,62931,3498
59515,9954,38455,60531,20741,26757,9713,36310,33633,28305
34122,27341,37072,64825,21689,10644,22663,48115,57265,41575
56300,29909,31181,52129,6592,64192,35105,2164,560,23878
11218,845,47499,44612,41039,11108,28764,58234,6299,55421
9871,60339,14914,24718,20192,7148,13692,19772,22973,41289
9649,32522,57934,4655,21792,57315,3524,479,24097,33976
60773,19614,53500,42884,56193,54286,5747,32615,40729,10123
46797,9152,48215,42676,9349,7051,12665,41046,34884,13668
12378,40359,56679,59899,36270,31400,49849,35951,40606,28961
63262,5581,22625,27215,17845,53720,23834,42631,53634,1940
46505,16219,54220,37794,1036,22981,45238,30643,12306,49580
5089,47306,24453,40384,57233,12240,52173,22984,24679,28706
13489,37250,28797,36195,15288,64732,60071,55362,4820,43274
63645,41642,38220,38177,23960,40502,58761,27773,36981,32616
16404,22289,11816,18465,4016,62602,58605,1840,30587,54909
31937,63562,14296,47116,55941,54394,40552,64785,15749,41788
11420,27099,10317,46092,41485,43540,50471,20145,24698,293
35591,52590,65280,42254,54267,35569,7841,43127,25675,63638
6718,57216,47461,61483,52930,23373,35197,1847,54877,52468
4979,57338,35196,55117,47383,48907,18308,64606,21280,21608
53631,22807,49053,44895,31992,7196,30420,22323,21375,1356
49355,57430,52755,51560,19484,14679,4035,9398,19301,55855
60534,15732,48448,58702,59058,51115,7529,10718,57344,42265
50392,57406,30599,11471,31315,24335,12802,57601,29616,6422
12074,2319,39388,27916,14996,32669,16265,5219,56512,62536
53232,8488,46811,11999,19607,14095,50664,23991,7170,64336
20588,9351,12210,9379,26709,6714,40749,4125,51985,7209
10809,12620,14667,10074,20854,53720,36813,58087,56447,53896
35347,29736,27110,61942,39088,49953,26415,41533,4597,44461
20594,35595,59736,50471,33189,1060,48019,9944,10809,6758
26586,17704,4572,53898,32404,6294,54810,49793,30810,18567
45827,56227,37667,21565,45922,44996,44316,35649,44121,42380
18561,3020,11325,4034,57998,10571,24788,8099,29156,2521
5007,11859,15226,26142,9817,18763,17029,35713,34168,62501
14765,40466,58596,33811,52492,53566,7238,54122,28262,46011
30934,65133,57375,40270,3131,26276,23890,20676,51938,1993
33377,55943,8715,22202,21242,49986,52284,29770,24336,1542
55750,57200,4643,583,2063,1123,62746,44610,56684,25739
51363,31679,39783,44403,53181,36877,1250,26764,21875,39553
2957,64412,11464,59276,16539,44530,55448,63256,17789,62116
43286,63024,29095,52997,58486,64191,23873,30199,20737,2413
61509,11629,61827,25022,54141,36948,37473,17834,9903,40428
23827,53707,32240,30842,7756,22754,45687,8155,56930,42860
34318,46326,743,21838,9106,41420,1592,58561,23570,14548
62003,44399,31028,24427,62628,45138,61243,47298,10374,695
46482,14915,14590,61588,58080,32247,42981,37577,8328,20824
26797,1053,4870,55850,20991,61342,2260,44308,30717,48156
1569,41256,47911,40958,22820,60843,62163,35482,12976,14837
11052,42623,57628,13582,13326,11014,11190,32679,31764,41256
13849,18684,36356,37791,41266,17532,46323,8739,8566,30268
57164,49050,33779,58444,21668,60930,13116,15505,14923,5194
51420,33939,14604,42461,46864,23919,61386,39934,62675,29238
23785,6820,27138,28894,4624,46371,39073,56318,10244,37558
25290,64733,48795,18901,44202,64890,63429,64061,55873,31279
4939,33432,43918,9611,28701,63943,3511,5769,56516,65445
34536,15209,21397,12882,2015,51531,64722,62642,58543,42301
5755,22948,24692,60488,53039,1802,47650,41853,47025,32280
36534,9125,22503,2679,41562,55362,40337,32376,38562,22538
49647,40347,59448,21761,6146,34274,12199,6386,267,48041
36633,24303,57017,52545,50106,62442,21961,53530,8640,38609
40945,52869,16088,41460,17772,64738,46505,27855,2604,6236
56052,5525,44027,8165,30431,40204,39772,63057,27963,44487
13980,20192,28491,3184,22669,59540,48026,4522,15548,51632
57952,29901,21152,52878,14676,33419,11708,5213,49523,23657
36929,55422,16429,46508,49788,65485,20650,6449,61596,30257
39355,14974,41702,48632,12232,46620,5840,44043,46142,29380
60517,39467,31954,4725,29508,56191,9798,26634,57122,19588
6021,17707,17810,48998,20041,44756,11786,62491,35076,51219
21211,15302,41980,3621,21808,3318,40766,216,15188,20937
64685,33946,31442,9463,13799,29658,13600,5330,25094,18586
15085,51726,42690,13310,1969,63986,63347,4631,21533,34780
5784,61681,51028,36564,43774,54757,14925,10582,23158,53023
20627,61616,25597,50952,54593,6106,41230,39218,65473,8685
918,38772,23436,16549,19338,823,25898,43930,13169,25756
33442,29294,34609,61602,43652,15435,20345,52985,46844,34853
15198,55494,22007,46431,64048,47720,30247,6916,43760,28891
42101,11804,35694,40255,59733,61412,41600,29048,50066,27830
16024,12921,45798,34445,24763,31211,15495,64780,17318,20026
40759,25422,10048,49342,23596,19265,27430,19481,9680,62611
5518,55117,44051,64833,15803,20445,10703,23936,40450,35005
5447,43415,1140,12104,34399,41163,52459,35245,29749,30344
36924,58133,22521,45733,31719,29718,10082,29635,24800,8162
34670,61938,11219,9733,3586,62740,52826,60279,42710,18301
12119,42969,32094,46415,12767,42285,17484,21882,53656,18572
55641,50221,13749,27311,42614,8415,396,26744,31916,58866
17402,41829,64635,27803,39850,19146,7552,57866,63043,63651
50857,14352,48262,35093,14505,11777,28215,60027,4223,19296
38053,59822,20101,18654,31005,926,34249,52585,22675,20025
46454,6132,56114,24751,13031,16641,42721,22908,35652,30336
20179,41998,35020,12949,56266,45936,1201,3531,63240,42450
34608,4918,20818,56309,61762,41026,13276,4509,43317,34307
57084,46868,29572,22862,3385,1415,6110,56968,54903,58951
9523,5038,58496,12291,54117,12697,26543,6532,60988,61240
33885,31476,19702,49178,52256,43909,58557,37393,32609,9168
65517,64076,64935,26380,63067,33175,33918,17887,33659,22108
48746,48054,17944,50690,32853,31051,52358,16727,62351,11349
18736,33559,21359,22100,1532,39784,31519,2431,27674,61604
4773,18607,56956,16075,40105,44177,22923,44903,23077,15328
47714,29696,59895,30929,57757,52082,18321,12,34376,41023
17654,34521,9949,36513,28382,34461,20986,17795,40464,28366
15940,34631,18961,19143,65222,25586,33503,6801,12970,51036
37368,10036,20230,47120,14286,41306,26493,48419,59404,49880
27212,9512,12143,33878,2663,28000,5694,9839,13086,57551
37508,38103,52531,54838,15052,1919,52352,46609,48951,4411
11828,58754,23317,20816,61807,37148,35463,63964,24545,52373
22869,31484,52016,55302,29099,15468,40278,47697,24454,39417
33673,4506,65293,11181,41627,20662,28091,47753,64199,61421
61804,29452,62214,46601,64244,43729,35187,35567,18863,34252
55266,18971,25835,18528,52130,61534,52135,54266,57465,37377
56080,13911,27367,14705,6343,10892,10050,14020,51639,21434
26972,44248,54478,46848,15623,27857,51445,47561,8689,10781
39662,29796,14674,21604,22195,60624,65239,31769,57584,43177
13513,17128,2752,50831,14415,58513,22327,30312,38121,60508
60080,1250,65299,38792,22981,54676,34890,43707,22859,36921
61411,14003,20760,3090,62942,52943,25184,51112,45230,17318
2725,29106,40501,36593,42458,13115,38805,35862,10715,38275
49241,16466,17918,29704,7559,3357,59228,51051,7211,33323
65197,266,23113,56107,65176,3897,9349,2395,5608,7130
40641,19902,41599,58090,20012,29395,61489,30341,58468,40684
65135,25680,30763,45148,23487,54170,16942,46135,29388,2660
40140,30644,7884,18157,41966,5758,41809,27774,40756,60353
47432,57536,40448,11589,50938,191,19461,6478,6422,35752
45415,42095,39868,60544,15068,40904,58867,61984,15074,22283
28734,23699,17657,26006,46621,59118,64269,21215,28914,18405
34523,8695,63854,3247,15223,23757,57419,15092,45447,13146
1702,21887,2101,18789,46707,319,235,14795,2611,10262
46183,22821,58812,41166,63787,12188,40078,17744,20985,10851
63296,20602,5652,25811,18406,11642,27349,48125,4995,11312
26845,15016,20296,26219,42686,50456,5494,11188,64527,5845
40722,9348,41428,39787,31657,34563,12725,59192,3289,482
52530,46954,56570,49789,60054,3224,41750,29445,10796,51081
23867,35366,1249,39837,51770,34956,26683,11580,58956,57134
54153,27307,50057,18977,57639,10565,16272,48954,64734,26947
51403,64483,19903,9874,16095,46522,54240,53579,36145,40510
53223,63711,38668,52529,52470,37670,29836,4222,23110,56237
12803,42541,4433,51144,46518,50268,47692,34071,12796,10399
25533,38823,58340,45166,8837,56804,62002,52473,5352,13244
24507,25505,43310,45695,64903,22609,13592,37553,52727,45385
18881,62830,53482,64518,36192,19067,20839,30795,24363,1300
4291,14043,36876,41348,13273,21077,50402,22697,49818,27196
61443,17898,44265,12194,47008,62466,64045,44967,30493,15953
58747,37,19528,63602,8434,28226,64772,23022,4277,18413
27006,20023,36401,2840,8350,51427,59352,37865,63539,62421
21889,31673,64882,8131,47954,26587,48582,55510,40286,55352
6909,58465,3139,64991,51473,65400,54687,31140,14329,50712
51125,62678,36463,41462,64926,18290,56816,3655,40150,32363
2859,50058,60718,29769,35367,42851,21949,4128,23246,49417
16409,25758,38587,20468,47214,33585,58263,60648,52585,28216
37705,53755,38657,37430,53369,686,25966,22833,53493,33218
2615,48550,57829,27212,62001,61573,63487,9671,42827,11206
26069,50871,32672,25595,25563,21905,46339,61015,26689,39632
20519,27391,64361,57142,9002,26562,48714,3244,17845,1499
2172,48612,48803,55957,9999,57653,23298,30350,5060,61370
4465,25810,57133,26349,25487,63191,27622,39155,4699,45012
15093,20856,15270,5145,8499,15653,57719,44795,21620,45070
32664,18010,5129,1351,58445,52861,48941,54201,53481,30486
43077,9369,18739,20114,20971,35788,163,33113,9230,31997
9675,30182,63893,59976,6457,15584,24536,27880,15297,23034
39739,63012,34844,40500,36081,14248,30436,15404,27041,52046
23215,29886,18819,37012,56070,6123,17566,9863,51968,14748
17204,35087,29110,25299,54626,64922,10334,19208,64675,3450
42946,29521,18359,7168,16791,23258,37501,25738,21179,14276
46396,16713,44456,28932,50523,24790,48720,49129,25241,54523
32446,58586,24430,1127,49453,9994,1764,36661,42649,54134
65461,61344,61892,59756,37974,36246,61801,18578,49063,45187
28895,30398,35471,21381,4166,20185,47902,46886,34407,46601
13603,55231,7069,65216,20341,46510,48051,12687,55112,59167
31114,36554,50638,39835,58711,27855,41740,48862,32567,26337
36342,20697,20222,2512,62034,10108,52947,38657,9098,52433
15027,43259,3728,21402,29716,38729,26680,19428,39731,18363
39210,55311,21449,54595,65337,8625,51862,51308,60570,28327
27405,43668,46998,58127,1389,11426,63761,25134,35115,3540
39154,19622,29557,8032,4289,35180,33062,48544,56048,3307
11964,20407,6042,60992,50122,15424,20634,11841,26271,30105
30378,48917,29869,10361,62776,21780,27381,343,53940,21791
62653,31103,35976,27801,4228,53144,21753,62413,33380,55053
55132,15323,5128,36379,47378,59971,20257,36463,56570,33321
18398,32211,12248,19750,22123,59077,50948,16270,55734,16476
1186,49263,48274,25852,43916,5565,7431,57585,25013,47318
21427,37088,12139,9872,58083,34934,21085,8594,355,38511
37467,149,45742,40686,50059,7181,55329,25417,29839,6238
61855,47428,40744,28779,23858,64336,58930,37013,55501,14018
53736,44908,11563,8122,45803,42384,30468,3621,42093,49094
34340,43592,48259,48205,19991,51558,45380,50963,51411,64383
43846,56417,49161,43456,65113,13344,29254,6149,16266,62296
47108,1697,28784,58042,30590,60314,44191,16811,22853,57807
60906,51232,4869,26053,11988,63515,18140,13648,55519,39757
29610,34826,49114,38483,60942,9585,40387,24745,52733,45573
57254,59333,22017,7247,56896,7776,23247,19272,28134,12527
10672,39118,32935,52255,23525,4069,13637,44590,63083,49646
3722,16282,24236,35495,57914,17949,21723,60887,51932,31048
26167,25828,41793,12535,51391,19725,36993,23832,61531,62531
17815,45353,59813,24186,53982,45007,58678,24154,21950,44785
22442,56311,40149,43686,18216,60721,23238,64353,35582,29993
59759,5649,26001,39725,43429,46454,59441,51531,7913,39887
63271,28152,3230,4359,33637,43969,24456,51813,23688,16806
56256,50934,26358,20572,10378,17161,42521,16037,58937,34621
61965,56312,19426,14538,15254,53146,21586,422,9239,6528
2202,43505,57116,31000,47716,35024,23627,17715,41468,24429
13149,21331,1978,57104,64475,46111,64440,59775,43543,44174
9556,63311,48152,9939,30842,22815,12020,25948,50275,36606
15595,37654,18680,14134,50983,2201,55596,27385,51367,8543
17589,4370,14069,4188,52112,22043,1408,31130,22998,59277
52225,1876,57309,62783,55823,24872,22327,3605,58756,38854
58996,9871,41372,55066,41912,20785,46075,9734,51355,29118
35013,18407,23127,11456,14931,1221,21747,25560,6859,54191
30756,56889,51058,26824,18792,59130,57117,57776,25376,46826
58862,25040,10845,31874,53414,6692,40260,534,5383,9238
30166,40530,41354,25115,34908,10527,40469,11025,27347,58298
13235,6825,25905,39976,16586,62023,42930,21642,21322,34240
37132,27015,4886,54850,6699,62709,28644,17131,11865,44760
24228,43089,62133,15816,53036,37700,59800,16368,27519,19204
24287,43153,61796,21543,9370,50030,62312,30280,32943,55462
62395,14453,47691,23373,1577,61307,54927,16493,60269,31692
1113,62184,1838,4173,40693,8633,45837,9976,4760,50210
47000,21456,59622,64343,40610,18932,40612,41302,5802,61422
20853,45138,52320,32373,43443,9069,30258,9356,60738,58662
56755,16579,17525,380,56066,60534,44164,55766,29230,17954
46598,47250,54306,19303,9172,55815,54883,38085,18160,46527
18000,31083,21317,40301,40475,26087,58861,2338,11222,63106
42944,65146,23243,11773,24056,9733,64022,56461,31139,7730
51439,21232,51489,31524,14040,17581,24474,24012,44842,32879
32533,61980,50517,25422,49484,46052,34026,16612,8728,27744
57001,52894,36209,35454,6366,33948,38520,44183,57774,4545
53211,43030,36748,14452,34225,48815,12521,23861,17017,40632
53885,36643,59503,58113,3026,26632,25992,10829,51463,10820
35723,44959,464,8942,21295,36989,37084,23087,6351,10050
10285,54223,63526,61329,57540,60921,11954,2504,12489,9724
35812,21866,14245,52158,45422,22123,63058,57916,6687,13886
12728,61764,9834,5158,53174,11321,58772,41288,7151,30007
26249,7980,17470,27942,28489,14672,33339,13642,32248,2466
3555,12351,54713,3964,36337,37176,27978,40645,12337,47226
13886,5749,40170,7373,8704,848,48832,31174,18790,6510
61226,646,6140,12034,55204,45887,19014,60502,56265,21557
38543,18754,43273,34078,37827,64394,20066,29144,25610,25731
1015,5202,37001,15048,7877,35567,19323,23855,59622,34630
16827,47687,58240,19921,21763,4263,48770,63199,40437,59913
58936,65003,32331,16779,24402,60621,23250,33484,3201,664
8107,21400,60434,14788,792,55262,32980,50336,2782,26417
39096,14016,1603,8018,59468,44127,29022,44914,22196,52967
51075,47066,42304,13686,9299,56949,47987,15871,16927,11778
20105,55750,5673,21208,18772,48136,37312,32371,39593,586
18541,44722,30265,11047,24246,4999,11319,25217,64838,11772
17587,17677,57032,19138,44981,52663,13052,46543,39719,31021
24215,60002,13701,33811,32473,45113,1954,34966,34627,4782
23182,54679,2583,43862,64957,39004,51736,37895,23626,36689
47057,59644,9151,14755,19343,47202,7063,65100,42274,1282
1126,46626,3542,23138,60360,55200,56869,49735,42329,60006
41058,38712,6107,16883,37883,61825,53890,10654,46964,29493
46844,20143,7040,36110,2463,57295,3939,2648,61196,54799
34025,60391,215,55419,30522,15975,63393,63249,41803,33139
54375,31142,63888,14684,51519,11993,52976,41815,57433,39423
34766,53348,9151,20921,40092,51458,6294,23777,26620,56431
27611,4852,31101,4186,3428,18126,35608,18768,19457,37312
44597,32538,51022,40272,56005,61787,43151,25033,11966,47263
55341,34047,34982,17880,8330,18822,26179,41100,25813,20208
47432,60919,3921,61634,47216,18943,7974,6785,19218,14465
47052,47431,42862,44664,6238,32814,55213,18905,49639,63715
61852,20810,22182,64963,32933,43830,62126,4924,13015,18738
8258,26755,12073,14693,16397,44207,10130,41032,14140,36447
58764,13147,52390,34443,55671,46444,33201,36900,57017,23404
39046,16492,18135,61603,44443,10849,23749,31497,1554,48765
50179,42411,28720,17794,52529,47087,11640,38496,63419,42217
12624,15111,20022,34907,63789,10195,46243,54825,55933,54406
39320,54675,19623,45992,35692,51933,45061,56503,61416,5930
46062,60107,37243,27500,52968,41114,59810,61950,1712,61719
21540,10822,29306,30743,40103,36465,37954,59174,24822,30903
1444,25689,64916,61394,34478,53022,45592,20770,35254,21163
27879,39299,8005,44798,22603,65523,15279,4833,46717,45748
47810,12089,65493,54944,45828,17424,39511,61150,50469,47219
51208,3840,52142,22455,51663,23181,29687,7387,34006,54388
38388,7740,24428,30392,45991,29571,323,8246,58929,9108
25087,21906,8061,4734,15931,1908,62689,42244,22740,43560
5496,7803,43060,14829,57053,27272,23435,11502,28843,27668
18997,24170,40703,62030,46290,3022,11041,39985,3131,37749
24834,43396,4229,49092,14000,4284,22883,34504,16894,7002
15816,19411,11050,34905,56647,5224,36028,40879,55408,64637
44692,53931,55136,49724,2613,1798,61336,49853,54688,252
55953,29332,6047,1248,64237,13141,57737,3822,26154,47053
8792,16475,9712,40333,17949,27430,49364,58357,37319,27722
12693,60665,26126,48472,29995,53970,39430,9654,31161,16858
52328,19981,44156,9628,55873,11508,1560,27979,64260,39740
21638,36573,64550,32339,26349,62927,50394,47220,23615,46014
45268,50588,34714,44536,1962,9851,37459,53680,43550,2657
32905,57060,40458,14382,19884,36992,51014,5565,63598,49843
39381,50020,42502,13554,44986,17455,32771,22317,4243,16371
13405,16974,1728,20379,40679,2369,44299,37788,29600,55714
41677,64744,10849,5095,30845,40611,18848,24229,62131,26802
3150,34200,14190,11156,64129,10713,16147,58401,26069,33273
64673,41957,7418,43654,57363,687,51700,1345,31888,43965
4604,22546,46208,23282,40198,28274,51986,16389,33729,6091
17265,35645,45848,37778,8791,59686,39635,6360,61680,13300
27336,33235,64861,21947,57495,56577,25751,5045,30913,8003
58292,34587,24487,41349,38661,11279,64940,31158,58652,3213
15150,44105,41312,13612,44234,63279,9400,6056,58840,49650
39860,9426,60904,5030,44393,63890,18521,36378,7272,64421
63208,9363,5535,40248,34175,8506,2857,6482,61395,9497
29597,15092,16893,18377,15080,2403,24245,18781,9908,33707
51843,57347,47968,65243,53884,34895,20694,3203,52140,38123
120,37507,20699,39145,30466,46938,47669,17305,50248,282
13397,47632,56914,14634,21636,12415,31201,56812,29393,12928
7023,22813,5420,61158,33753,9279,37205,64556,37181,18332
60317,59075,50089,57792,17366,7575,20917,25407,29854,31529
7605,41866,62368,18133,54261,9863,61200,1620,31366,31820
11547,34114,60497,56182,2979,58793,27655,1420,52729,4632
42259,55816,5570,52619,4063,45033,23295,41767,46744,22396
45980,16845,59991,3159,51397,26534,20544,20243,21909,50952
17321,8548,39861,49042,12526,5899,16235,16099,62560,12057
50377,43739,27856,20634,55631,55644,663,62200,1700,45655
26311,17566,1392,43820,3330,47101,40115,15731,60848,58488
55881,47531,533,48099,58641,14561,35301,39243,30526,24580
54359,22421,12976,38370,51616,62220,20821,14859,10452,23726
41975,25638,44945,64209,28128,124,19056,46959,37246,10304
26552,28085,56244,20351,62005,44352,44862,60330,12886,28950
6553,37717,62038,4007,39325,30193,54625,20767,2776,47690
40997,63294,25061,3087,62460,43208,26894,38584,49819,18189
41694,16033,4334,47072,11645,41456,45507,55816,34209,55535
20412,47768,15561,60006,28757,28718,14602,28426,4174,61030
52911,17740,60439,20689,51962,9672,24652,58258,45521,57913
469,35211,57164,33587,36070,41906,34017,34018,61047,13912
38771,43917,59635,58968,34636,9440,11852,56259,37130,42748
28434,44809,15410,3707,30585,2747,44171,15720,17949,53113
15711,40156,26936,47808,48615,44177,45071,55870,43498,55364
56593,60626,40605,2666,18715,63538,26853,65526,46218,62002
36182,59970,16247,49243,41648,2802,13791,52349,14988,9869
42881,23374,47510,21902,32633,52984,39921,1498,64476,61258
39757,28762,26080,11990,10269,52649,29600,1137,53863,27438
34642,2423,56543,40265,1306,33436,31690,41886,36128,13837
22497,18956,63814,35028,982,62405,28795,44004,45215,52889
63798,1978,7982,19945,50592,29790,30174,41581,40736,37808
52457,1544,42060,26511,4084,34855,38510,62553,35047,40589
37810,8346,28108,20436,21226,13418,59202,64934,1919,25521
1768,5891,14719,749,43464,36866,59509,1206,24307,46454
18259,40666,18416,37205,11603,28213,43814,44668,7411,23794
51429,6389,15325,8530,30238,41141,33683,18039,2045,28358
43118,34812,49102,1191,1681,49445,42476,50743,57612,41904
58995,37610,55026,41639,4521,21646,56749,25745,200,61410
5028,51526,338,42716,889,549,17661,49054,35754,61752
31644,1163,13411,20558,40469,55175,23737,17500,35845,13335
591,26334,50980,40135,39951,35067,17396,36055,34162,43115
30351,21296,33098,1106,58319,33109,22067,26224,19758,54666
12097,28721,42493,38121,2092,38236,14390,13522,19509,13813
18876,26888,33999,54515,25506,58537,5004,58749,40110,60198
32621,56599,25306,43221,36941,52205,32442,14404,3211,25187
24300,22683,50987,17984,18294,21433,27788,52323,6162,42145
30840,54935,16747,11136,32670,51662,39779,34221,11669,39440
63925,41045,24416,55183,46097,50411,6496,51982,11646,48445
16008,13014,6480,37391,12450,62654,40511,4441,33642,13855
49756,29312,50931,4499,9553,15895,35066,59776,909,56262
16582,4409,35029,36117,49803,45170,18594,9482,4339,1962
8848,33593,18933,6955,17832,18897,22795,24876,31822,17954
63400,64439,24437,50790,64260,42495,38166,23405,22074,29565
6204,60920,14468,9139,60975,38421,12075,10846,35177,21369
60690,28085,37467,42610,51832,32729,19282,49116,62268,5080
13856,58661,50935,42592,50847,2902,61030,4377,7515,54516
40976,11351,62805,10523,18481,62866,22467,21161,37765,61018
33796,12701,23717,13847,59008,3350,8851,61105,15638,22918
26154,40473,40186,48990,38163,62336,37374,16098,59,20679
64323,40854,8241,51143,42876,40561,56642,12981,8708,1995
31552,2572,6386,27685,60919,37063,52832,41644,24587,60813
55511,43519,41170,17170,23523,36482,34536,43481,40946,44663
43719,40657,62962,42910,21993,50959,51283,25268,26878,55931
24820,35436,49871,63777,26937,48577,6351,61269,42592,18731
63372,12656,11398,57688,53977,34749,13334,59131,56703,40555
25605,49887,22803,30505,57767,35492,34282,31370,25452,48567
25216,55121,45383,55181,28904,2403,17493,16157,2323,36924
59743,14474,21596,12701,65166,29934,41200,37091,37443,43614
11610,13008,17423,9192,47096,8240,9312,49293,58032,19070
15174,38120,41367,28023,12887,14292,24522,46806,42686,23835
2960,25547,50950,22694,26199,48683,52710,51681,15019,17227
53747,59810,44022,37781,48289,55187,23128,48227,63097,11348
34904,37623,37699,1103,3953,12516,37108,27791,62605,2922
15689,54756,21081,27991,33987,53132,51005,3111,3280,57534
61928,56435,61792,15452,9567,46030,60782,24491,47352,58183
55988,8259,11448,25816,62304,29645,13842,22759,22720,35343
21403,9246,3888,38954,20888,2655,31659,6915,11546,57780
8319,51832,58049,52923,29111,301,45034,35102,17319,13189
52472,49400,17430,6529,26563,47567,29812,5687,56699,47067
60213,45371,41806,38812,60071,38927,65251,19130,61705,10703
49214,61126,11722,35253,1499,25506,31731,54468,25377,47624
22544,36066,1274,3472,6150,16258,37061,64109,26409,56631
2314,51118,53955,39194,55940,15713,44169,57296,31319,60696
30675,21923,23305,61766,22316,51383,14082,57572,42632,12369
15373,58157,56796,50226,31345,27133,15542,41998,38088,8472
61372,7873,57419,24644,55435,38023,54670,28890,63401,47210
44512,26321,5289,19820,19599,27374,45616,52915,60691,36472
43417,8037,30817,24624,55894,38523,41668,56423,65273,52030
17927,5018,4533,34854,16019,28060,33990,63335,34034,49481
60899,46128,18431,27919,40918,37034,52758,15828,34393,63105
23049,9850,1728,45626,63025,23030,56236,37733,46658,24543
49978,2484,41949,41533,15003,8816,37265,25767,22840,27913
16080,6854,22633,16869,45384,22046,9309,57400,2771,41636
37549,8888,53826,62707,11596,34273,60657,16098,48404,5166
49804,23651,25530,19401,53956,29011,6653,38289,3969,32971
8996,53880,43468,1828,808,43458,56638,50405,58550,42700
31783,41381,13950,40048,50018,50075,43341,20589,47215,22635
56377,64780,11524,6276,47355,42902,43924,14072,31830,55991
11338,24681,25991,24162,24983,13826,29259,59804,57567,9592
64976,12854,18747,40856,60828,43594,38590,15605,49895,25061
41409,9277,11812,22197,4750,6013,65245,9367,14760,13412
2741,52806,52239,15812,1925,23572,11005,47202,4304,59117
29789,21507,26667,57328,31458,13255,50152,6224,52163,1998
44,1393,56845,45637,53172,20274,11618,30798,51392,19357
55231,19274,5265,34629,25212,60319,44283,4960,36340,61575
62003,15152,36221,42410,55079,27168,11491,44773,36796,34345
26637,5237,44354,50531,57261,55147,38234,65227,1375,58560
324,31672,61841,33426,30118,7288,39668,31396,6082,22892
249,36500,46860,30921,63656,53784,42369,18346,23473,20242
40419,53520,50035,43800,46257,12466,63531,55825,50591,39
7583,4,21083,14843,62367,4814,18510,7500,16634,51664
1977,3508,2715,15260,60820,37319,13071,47257,47871,62134
64458,64469,16729,54079,52123,38572,46525,40503,63137,16378
52315,62864,49475,31962,8122,33622,20146,51170,1997,39454
52870,29539,21724,35638,13561,58570,25567,36903,40849,39673
36399,29103,10765,6336,39325,37133,40970,54580,20085,25394
53495,45408,41495,17666,29346,53068,39087,18985,8160,17371
29265,21120,1297,39220,60048,77,64690,17097,31581,58694
37665,11024,26672,10139,31789,14731,32216,20751,25936,47304
5635,53600,7985,49134,35381,48409,16629,31386,18161,29428
58037,41002,40764,58633,40180,34616,62052,54255,62033,48717
55631,7966,16665,60401,12198,5877,11031,60638,32191,45796
10786,58064,61045,48516,7866,40568,2972,59408,33200,43435
5215,41641,15378,33606,60178,21125,42410,21351,14998,49340
33560,58081,20639,61450,47802,23480,17275,32851,56507,46314
48049,64166,59118,31675,13477,10343,11322,25031,28866,7742
30563,13091,54340,10069,57247,6875,43480,13316,45155,32734
20858,14239,50628,33355,32635,41719,48745,17715,32953,6931
50099,5626,12552,13876,20710,7269,8977,52181,31528,44624
48037,55475,56121,2783,26336,59143,45225,56858,8670,18368
6577,25338,3576,49439,5228,17158,29619,18390,27008,13328
16402,59822,23072,24081,29509,51470,46597,44153,35873,33861
49818,6534,63039,38609,32195,7931,7525,37989,6023,54675
30938,64971,57071,58237,46517,9558,33430,8476,44738,42589
25621,29578,35453,27835,24383,29358,50153,52327,40977,49114
4744,17111,38855,6363,12079,18030,28843,3134,58117,10235
5680,51401,9664,26820,53363,6864,3135,20275,62149,54147
21679,22292,3454,16906,5364,13357,42756,42802,39447,60429
3147,11938,34389,36293,17384,35627,1436,8502,38787,11836
46824,26059,1085,33764,49782,25550,9517,42228,45521,6736
15932,24069,35133,15839,24128,56759,23002,29581,41499,34865
23118,11825,13183,34309,678,43241,57589,13657,58018,18054
16840,13348,26441,6266,6270,4162,18347,29037,34633,28375
4501,8606,58010,18061,64225,54718,36559,22334,7329,27164
55336,17749,41598,28409,65389,64481,2513,63239,394,34480
5786,20192,54176,13044,26926,15186,43525,4541,44636,43600
51222,32056,10937,24538,33692,32941,37640,40928,55915,34225
1391,32064,47313,29531,20958,58451,43771,44205,17631,23057
26356,9564,18775,16802,40273,5756,55177,29088,9216,52317
46863,41146,18372,39551,27756,11262,35874,36311,22549,18812
38335,35586,42524,53185,3684,8242,50261,63567,53407,48004
18387,33811,48793,42437,9435,6816,50191,319,1728,50474
11789,52489,2785,63650,23741,51777,35466,6578,33797,7853
21521,57432,45057,30829,9468,22538,53966,26774,21633,51328
27907,39959,45316,37735,36381,64890,50012,3749,35829,37249
45899,24163,35737,40816,52705,2710,59548,49655,9416,45420
57386,20840,60017,46267,26032,20103,10547,4840,57850,33639
36270,41857,36708,21647,46359,14157,17759,55546,15979,34916
30991,28276,43450,32962,35568,3978,8003,14071,58400,50551
29470,5839,9332,60854,46362,27036,22920,20426,61037,47323
36737,22953,64216,49449,12546,10868,16573,1134,17111,53407
31957,726,64947,615,53457,11704,27739,27137,57025,44902
10038,62405,28938,24451,46392,41479,7969,7736,28229,37383
53560,59753,65056,49255,53651,30527,37395,20604,14028,53767
25965,64509,64205,53705,40736,62768,34903,7434,838,10022
49253,39727,30531,44115,62491,27373,50448,47502,36086,45341
6543,46962,61642,10739,17753,3950,37779,54763,61744,13107
11902,61429,58816,20195,47226,3712,25269,41358,16237,4099
23850,47835,65267,40061,59844,46919,10990,39267,45535,5615
38489,37819,62901,1548,8085,45432,3987,8635,39146,6828
2663,6191,33303,27974,26398,15761,6806,10219,25045,32704
16090,3078,63827,13725,1894,12489,2382,29843,26780,46751
19884,20455,35525,31393,57309,27269,13050,45736,42884,53034
5465,42784,58293,52092,11764,30968,29030,27991,25177,61171
64599,22401,6628,52958,22244,23131,22124,42479,53654,42655
11024,16816,48372,63242,28477,16082,12747,45654,40885,61572
47596,55774,48642,30852,54105,48228,11399,3315,19544,9294
14960,35676,33648,43344,3472,14671,27105,9425,31892,55480
15562,8721,21613,2702,26583,33765,2677,9203,30980,13356
16580,11880,63625,47730,6836,16922,36403,37451,59895,55001
23289,61993,22683,15720,18115,65159,601,41936,44144,10410
1031,25499,15976,29523,13294,54123,6801,15456,37456,62109
62033,41918,21201,10493,147,39482,15598,24488,58574,31558
3377,55225,33981,25664,12804,31054,30518,49226,25662,2629
31000,50263,16870,21834,61531,31388,61301,2622,25547,10866
21053,19859,41721,16364,46959,42757,50027,11381,22182,37906
37425,58407,35322,46129,7187,40066,24891,45878,44396,32328
23595,50583,1955,49080,37114,42166,35836,56716,28931,12468
20732,15202,28356,13547,14786,11007,12826,3893,42605,58685
54547,27057,22960,14801,55727,50085,55190,61629,11504,45610
62913,29148,4206,56231,65297,10398,61485,63940,3889,58646
20284,29863,33263,13177,35917,54988,25570,2898,9673,9486
54325,36144,44706,57559,55467,48436,56571,34455,37971,41331
25987,39030,21324,40346,14355,32764,51779,44835,10156,9715
59494,35081,2136,26425,35026,21179,20946,15953,41097,25293
62142,4455,42611,62581,4979,4357,20476,57337,28815,12806
55378,17500,57677,63443,32079,41522,22656,57950,57707,38876
56448,1872,48422,25180,2627,13044,30811,24438,6589,21078
5680,34208,58409,54184,82,2538,59680,27455,17161,28624
27148,2419,63164,24180,62006,2772,45181,55179,32015,53913
29883,22342,63087,3944,47534,26064,39921,33803,3258,61274
63992,31734,29150,15370,27495,3944,7635,43078,47146,45015
9556,9293,39371,42785,7820,27109,14478,46609,62974,47089
49338,54554,43030,54299,51624,42266,16408,56335,3027,62821
61751,43293,22241,14235,2985,62736,39536,10170,12211,12503
1372,23418,12714,25603,45377,59005,44964,65227,60281,8585
52775,42592,38722,34369,758,64771,48728,53422,7965,13785
20570,52481,34235,12105,56138,42721,23979,1169,12830,46831
61104,14455,17272,23932,10502,36711,23802,46377,15391,20704
21314,56201,55538,17361,44092,13798,57699,32105,61617,3552
47897,63322,7696,35228,25021,3639,3927,26442,6485,37225
60012,23761,58276,38591,24522,8687,53257,44388,42623,44421
4048,33514,33671,48191,1389,37870,37967,52684,43089,47211
31110,29457,22587,31066,60761,32132,37028,16832,63900,28266
25114,21631,31423,62404,58666,27481,29138,44712,25277,49079
63456,44786,44887,31344,64981,6815,41846,8821,58063,12246
45560,4474,35126,5506,46238,16802,53503,5292,6449,14976
52911,40072,60587,8598,28490,56008,26884,40367,45600,36994
44748,25560,18436,8985,34657,17138,27082,52466,2382,46993
61319,30362,59120,3418,11559,52306,54492,17524,28694,41439
32375,33947,54727,8310,63548,3874,12373,56434,9297,12813
63584,651,27920,46676,38779,64712,29239,32011,58994,44576
33310,36377,46718,25301,57379,58622,35975,13697,53882,42389
28039,58449,16746,32458,8132,53774,21673,22457,15449,12995
54004,56625,65303,52821,57741,53534,35035,42396,27642,2369
119,15249,11315,37295,40436,26916,28621,7151,5702,41303
54035,1519,57396,34822,35498,54510,45669,60931,129,42684
41509,54532,1795,47848,48116,56682,44436,61839,32105,30404
54005,24149,55958,56430,60168,63591,6063,36180,2276,12189
59194,46369,35530,4709,43749,17937,3022,54763,7329,51278
20702,20171,22831,49863,13197,18832,14997,28227,57517,54522
51856,4050,9643,10091,26281,59887,53974,31258,5926,437
19044,29645,14025,17626,2737,53342,23629,55688,26024,31880
60662,19431,61700,65300,51852,32145,45953,10504,26997,53454
1336,20318,61151,39297,12860,21830,16752,22050,751,42171
48052,62184,34674,11389,51555,1601,41319,17556,29068,55422
36004,22690,51601,36018,44055,8546,10273,56227,15238,55951
27126,16367,22558,5513,11019,63302,51222,3380,45000,49429
56944,40947,39759,14448,21648,1529,7418,20839,15711,12005
34452,12216,19145,47729,65177,28490,4058,15177,34921,22372
56919,63931,16508,4419,11534,58467,49625,10286,33989,37104
51326,19961,49262,12348,63419,7275,18972,35397,36078,12071
14750,57605,24554,23765,42491,62861,53497,13277,63529,9445
29379,2289,5467,60082,59186,7521,14113,34469,8987,35388
19160,47502,25534,21393,18395,36924,1805,62060,37630,16560
40310,26302,58991,17862,26634,4110,23644,17308,20375,31048
23040,28198,20101,9889,23365,1632,10987,28444,25957,11435
12172,60701,60592,47709,33644,43591,52400,28298,40508,38020
11594,13007,57314,14533,42430,12679,17670,37470,42777,35658
17004,43582,36184,20951,56185,64012,64908,40405,54267,51680
58259,57594,53979,65232,29164,2623,58124,45059,26441,61428
28819,34801,24147,10166,62674,25766,58607,43776,62178,42361
8626,10941,65227,21817,59747,45153,30001,54678,54526,11547
45463,8916,40605,64223,487,34897,6012,37330,44883,41064
17045,35056,57650,55022,18242,62952,51750,7937,11539,59349
63709,40291,19621,19540,14422,58745,46701,18335,57249,31720
60234,12940,64231,63045,48012,61896,3047,38875,48419,12807
20008,27587,60644,40913,23566,61980,42704,38648,49926,36387
33377,4282,45329,34265,9384,6691,23153,21225,41631,38222
3405,8380,42292,2376,40338,28174,23281,25487,8926,40404
23212,64921,53377,13233,20241,1212,18731,25073,33491,31939
56966,54283,61900,17533,11144,37540,14285,59139,48,47066
20470,51173,48835,12489,51197,10238,21822,33837,47514,26263
53707,49015,13189,5797,61698,6933,813,36232,11985,59802
2247,28616,25955,54075,64695,60300,32753,33472,57696,51136
36214,4220,53679,33853,54539,33580,23449,8566,15697,41676
12358,54199,2757,40630,14999,64957,15759,15087,8370,31584
8245,8607,4273,13717,37178,19213,18208,9933,55985,49424
61303,1510,12618,39695,36249,38820,20250,52279,56998,22690
6740,18509,60370,48045,14476,45816,16221,58054,20848,54013
22502,17735,42392,381,13947,51484,39774,28209,13604,6811
33639,6066,24069,50129,1440,9363,53935,32744,65229,42349
56882,52099,47968,55385,2013,64772,22186,47235,44212,29147
3696,62882,36091,33569,5696,45271,43238,29789,7527,626
43322,5082,40187,21174,62921,12620,56542,16798,28589,48479
40086,57743,29238,35561,15509,60163,65430,43143,19955,87
38849,16344,4673,15818,34975,52920,10828,29655,2863,46215
15613,38904,5804,23098,50981,43493,4213,5674,38673,23481
57560,21663,54016,7413,25499,37738,9682,35982,8386,11152
31244,43201,37541,61651,28397,61920,32860,42376,1178,12343
56687,28511,35576,52101,42912,14587,52192,20796,619,37544
58795,60018,50115,57316,23149,7494,56906,10921,61884,51883
28747,3623,64625,31055,3209,2534,17123,35195,42215,45215
45491,64904,45214,8780,49540,54307,35308,34361,28855,45973
23461,4629,30262,38885,39327,62486,56027,60132,65371,30009
13357,30885,6585,37752,17738,50239,10083,28964,25970,21408
49792,20278,58176,18047,63511,49578,63068,30178,58087,59978
2053,14880,7764,61453,51105,59663,35242,3346,3238,12568
6235,23850,42075,55325,49845,48970,6105,4334,24843,25773
42355,38170,36504,13844,27913,5970,44500,10719,45243,32776
43507,28940,36844,38791,50048,61824,48828,11511,12687,16248
24314,4877,10472,4937,49941,30375,55505,3657,44470,46250
63787,38213,63461,9651,13191,53099,33048,12956,30653,27360
56677,42035,25365,62169,47723,45284,6628,54990,6102,53609
12768,6193,53818,64004,28240,28408,42720,52548,7313,57290
36033,6240,14931,22317,3952,44483,3739,50277,16354,33295
47935,32920,12155,65194,49258,30877,63528,29398,26899,35793
10337,49226,49513,33728,24337,45335,22902,2107,54647,43578
27539,62330,44675,8877,44948,1974,27700,25075,1032,29991
26832,9305,40684,14180,13710,17569,9428,5502,1866,50982
32137,1949,7858,46814,41901,23200,57709,14236,57382,34642
31682,9295,30313,14926,36804,39310,45130,9934,33358,4435
61986,53812,55099,544,14445,60597,27070,62083,9925,24021
41107,1662,38975,28953,15002,29054,6172,201,11292,13096
54658,37779,31356,65266,46428,61819,33298,4734,29356,44740
41721,26148,31863,15263,39596,46529,19865,3940,41103,21389
36617,12010,50186,31274,63004,27423,9663,17387,28393,36728
16201,35698,36930,9957,13402,34386,26346,49732,24291,30144
21352,52874,13872,43683,47381,4848,63075,54962,62929,28913
11487,17100,4078,6293,20094,53684,25229,62434,6705,29620
19076,37772,30412,45360,24969,58302,30555,56871,4989,5666
6215,39796,23311,16249,41158,63507,54682,6878,57167,24455
40510,20049,59374,30671,42904,17963,6163,31795,50608,46855
33271,23827,55952,31692,18552,1053,34716,856,7128,33997
35871,26626,57196,37875,186,38304,10712,50267,27959,20490
36300,51246,23170,19599,6614,26750,23463,40797,8715,57397
60113,3017,27391,30300,15497,16944,2636,52794,30295,42039
42404,26821,31470,45651,29075,62720,55710,56586,56145,26085
41021,5844,7912,29307,30819,27862,7370,2461,7110,16795
52070,46050,59699,31890,59646,8098,36119,49751,44666,49565
65104,4233,31573,7124,30289,46839,1188,5515,46791,33041
31634,10333,8306,7315,32352,52446,39596,50894,63990,16865
53607,27186,10505,59708,9574,39980,50951,46763,56378,12808
20681,40745,8518,1795,41320,46305,35091,54063,24823,5979
24352,58838,50969,55366,53796,29206,25274,39738,12268,35993
56993,10913,58874,62962,29023,26634,45041,12987,60630,2785
9187,35849,38654,38186,36158,17846,34804,628,6658,11421
43328,9705,47966,47169,53284,61381,63390,14430,40751,33048
54228,43007,6649,54068,4891,41452,57665,10173,37327,11903
31486,20808,24520,55234,18724,27693,40085,52544,54970,29215
3931,28507,60712,21913,48876,7059,29334,36164,59766,56846
19041,4501,47965,8628,56670,55916,38481,57559,17427,42863
28706,18146,50943,44841,10725,28974,55291,46348,58740,3831
49545,32155,51349,3949,53222,64985,37684,55819,36542,62188
61241,31420,13958,35928,16470,48839,224,24245,30584,62899
24657,50036,43274,2206,13053,27908,54945,57220,38342,43482
22851,24308,27107,15418,63434,11016,22139,15281,41447,54272
20791,41229,50705,39861,8863,5054,45850,10283,24033,18714
15415,27297,27449,20744,21809,18627,64053,4226,11341,36944
49982,57116,20445,34244,50923,59988,14409,4118,38837,8217
12246,6500,56668,26960,40977,10024,38026,44500,35776,49811
14175,65068,53009,28526,64954,62750,50857,5251,10576,48244
7015,56814,16404,6711,54699,35756,15726,57925,15372,37738
55811,65001,2972,6457,53409,52936,62444,19327,51033,24295
29962,51706,48321,42127,39431,10852,18817,47690,16707,35372
49658,2481,5541,60240,36356,38669,43505,48811,14585,57242
27145,20771,52736,39488,8563,46287,60294,13566,16520,64660
24277,3297,39666,3838,39616,48610,3046,46788,54301,2403
40559,50690,61781,49011,3372,57915,173,53425,5254,43098
26083,9556,59787,33782,50544,43000,10499,62477,48297,13135
10557,1799,51112,59407,50194,6863,17597,63248,12046,13167
60544,55042,64304,32139,14818,27237,9593,26383,42258,11768
56908,15884,54301,6025,33297,38412,10142,50543,37893,19007
16936,15186,10797,54359,9442,31623,54258,51398,36753,26829
7324,57230,27583,25194,12453,42293,25101,25686,44831,56883
24941,7163,30553,8879,49845,63606,462,54609,61280,32360
19531,52297,55709,34059,32082,22975,53041,1280,10397,56504
50855,57902,1246,23808,43759,44110,27280,41522,18461,41211
24240,29696,47932,14643,959,27630,24709,58058,54553,28236
33050,32935,22019,64291,20279,15645,43374,25898,6734,13428
48148,57126,40353,8773,1254,36715,51832,1590,64218,4939
51823,12469,5493,54501,60250,28896,12910,24584,9257,35851
53512,45200,37414,50196,58849,7910,2106,54261,7873,43616
32690,48229,60757,1953,45115,29508,30203,40017,52204,13292
12419,40441,35550,25063,7028,26317,31518,47125,25960,30066
19574,52843,1540,26330,36851,35779,60465,10743,35941,60003
63388,40595,57521,2342,3632,16693,1618,63769,60575,55063
16625,24385,57679,21372,58253,19184,34559,58195,1809,63313
15946,20394,21771,50275,46324,52814,39352,20175,59983,32629
338,12765,4493,49772,21998,41017,12754,6943,43766,5498
65167,43754,369,39528,64241,50148,27898,47920,42036,15843
3312,30738,64047,61034,50998,40807,32504,61768,15547,4006
14791,62612,48816,28618,57373,31273,21971,4394,27183,453
51835,2991,609,54469,61374,25710,28047,19267,43060,42631
14224,33756,56378,59963,33764,36628,14958,12275,22290,55267
54179,37106,16118,61800,31790,8717,39511,37808,29502,50255
63883,53294,13237,29551,62657,53522,48112,59450,3017,46042
17172,12215,15718,34069,11281,39724,8659,3893,56461,14698
61204,15938,18215,25467,8287,11768,53374,60383,36139,17887
53968,10857,53730,765,57378,53553,41906,15831,2523,7082
54204,33129,26346,17561,63973,39508,30870,10716,15094,55294
27246,16708,50677,36913,34403,1727,64081,27860,15710,20533
13,64013,35268,28172,23277,26169,6598,45914,37202,10748
58843,31524,19220,54226,14506,34778,59450,18023,43049,21480
25463,40908,58462,36800,63451,48411,15180,19329,44556,39401
61123,18681,12037,34115,63560,61695,64899,36364,3572,10008
58721,15341,42422,42772,36592,37065,47770,5934,54271,38394
37840,54057,11229,37584,18810,60835,39268,62520,64674,48074
44087,15579,11369,26014,48878,26516,19580,11606,32295,27893
18761,4875,48044,32431,55866,2438,49658,35847,21482,2852
38937,38373,11821,55811,38312,33841,30866,54484,14177,46615
63634,10103,32884,58954,20388,53223,59181,65014,19238,22354
15830,28476,807,5645,3979,57402,4252,41208,58777,51715
22265,25698,28896,63136,7706,39934,12998,29305,46150,59242
45439,103,40864,12105,61453,9372,14554,60534,44624,30193
57090,29823,45791,25368,35881,28873,485,36918,16098,38125
22057,9568,12582,39970,45644,6304,59537,9005,60270,6063
62076,2082,56289,40363,49212,52775,13226,28353,52957,20629
10492,29715,21187,847,20102,37759,324,334,1221,44883
51406,14505,20837,49005,54378,22739,39798,41951,64258,57457
36314,1363,6843,34807,3496,36993,8657,46455,10316,15298
56683,12365,25129,21084,8818,4840,36628,35285,63112,44866
60066,21482,39589,47300,53488,64873,605,55834,44349,13887
20337,42956,48410,14294,42091,3253,23063,7599,24318,13656
31598,28583,40695,14617,1247,6947,43044,16628,60393,23400
35478,34760,59204,54176,39318,24209,53023,50046,58915,19538
59255,46001,33005,10585,21703,38592,63852,57681,24131,1626
22758,62906,34702,46944,47299,1328,9467,47635,22527,5776
52734,54814,34103,27062,60759,31220,12694,31903,20137,62145
48628,19444,55390,28593,36398,59438,20067,17785,55758,50042
37914,44650,28871,19412,17560,62498,2773,43147,52404,64627
2463,63151,37757,64914,62446,16330,34051,24760,25431,14921
16363,39997,22365,38931,35387,21468,47852,47502,19472,58330
33037,37881,59451,15657,39685,61698,47055,19808,18831,20928
46235,61698,3272,26665,62249,51312,15933,32306,6293,23730
10346,52659,60930,43512,5472,48476,44671,33277,49188,40807
54053,43351,51858,21405,59249,18317,10589,55484,31831,30593
34718,49412,59079,38612,33765,33361,46068,39645,63951,24389
11948,9466,34803,37926,39263,36356,43207,18171,8201,37474
8164,49182,43988,19686,1999,41701,3253,23140,55516,33912
27991,50882,56147,19567,62168,39735,13661,36201,14674,3024
62581,17245,52978,15998,14952,47752,56147,669,16224,31612
6392,35799,2155,38897,4330,14462,22002,46351,52004,10810
27674,50459,58065,47154,58399,45993,8218,46837,60829,54365
12812,30981,50583,42152,7377,48980,11511,51775,10379,5931
17727,7542,42645,29444,46214,7965,54390,11597,29532,38619
14205,51494,37831,39294,9559,13879,47245,54980,28763,35241
34190,18953,35551,45295,26565,20671,59916,63503,23336,47134
40045,13081,37438,4937,4753,19495,22856,60804,39797,4765
64483,59464,6483,38969,15985,10594,960,54481,55548,14814
61769,14040,52435,23966,20527,65068,37523,16686,62797,58188
26910,26146,11495,25545,59010,11518,20511,5551,25812,36465
26087,56978,61735,43235,27491,35519,5508,37197,21826,44950
39173,57391,62252,51659,2878,35920,7295,53925,2193,25846
31,11301,61578,15165,42576,32275,12812,54056,26524,28782
59984,52112,64462,46917,7416,19927,28843,16599,49326,47500
1036,50889,46909,27595,58188,14169,54370,23918,8814,2394
48870,5443,58672,3364,4638,30745,4827,14586,48385,46315
38719,12843,47635,17687,21268,41444,274,22169,9821,16326
6317,770,35108,52288,2144,40169,179,29670,31279,48901
30952,33911,35753,5539,2007,45376,42989,31078,63503,308
61890,30756,34507,2665,44311,17850,36602,42934,60085,36507
6459,46359,11937,62783,16666,14422,38323,4065,31061,9205
62020,13439,21311,8877,38678,33653,13612,3815,21332,30656
3308,16639,22236,56657,40056,4073,630,31379,44509,64266
45049,54671,47237,21276,21708,57059,29329,5654,8836,38424
5158,8439,21105,21802,24291,60058,42631,40851,17135,59689
48168,28227,64583,35620,57076,56969,3365,57163,30715,7650
63542,39021,12913,40910,11609,33490,38317,27787,27556,34167
48773,37628,1355,17079,62144,36000,28722,31546,63500,35829
9854,6733,55829,23312,17092,54611,40519,6803,10294,16400
47856,35682,38293,52974,11333,26336,53892,11600,26164,15257
65338,28127,54159,5917,28803,21344,57699,44210,14004,15930
9727,28821,36858,64932,5230,62371,2784,701,2600,22593
28147,53870,45059,4501,22426,60086,319,62682,58014,18611
12094,55527,22995,44306,39527,59609,13842,63706,34160,38544
41629,64178,49945,54184,5403,50061,57296,1091,55085,19731
30971,27704,55800,14778,11993,84,37866,34254,54944,5362
58839,19875,39635,3059,14339,55143,11233,15701,22142,57675
51575,51413,41298,34753,14119,17871,16762,34642,53685,60450
57185,19941,65441,38475,13614,6570,19711,8748,31161,64248
2555,46147,60427,4156,5431,14980,39415,13539,15424,33720
24797,22908,799,55585,48523,28789,650,28636,18673,31048
61626,5451,28419,38978,55716,32337,29040,9470,54119,52183
41058,27648,18979,3104,12469,19229,29488,49264,7413,63634
8919,27278,21003,2668,2506,6906,7573,7106,40454,33188
62985,18369,7694,26077,48670,32217,3113,36548,57029,50922
24866,30860,2826,10169,7050,27493,4277,12542,3027,7236
62124,54546,8787,7955,28131,30132,39472,60482,20042,55566
49454,43447,49182,35851,32721,5874,12982,62399,33580,43125
35573,25715,59932,7555,17695,50959,15111,60050,62698,40466
25827,5453,25571,58026,58242,43171,27926,64416,63340,20623
53915,16258,49294,36427,33154,1655,57501,11100,64819,5503
10702,28920,33350,53324,25950,10794,8485,26416,8765,32631
7848,57547,56108,33847,2290,17244,20192,2133,50719,30240
28910,51822,10399,24325,61580,22048,56304,61674,24035,39182
24296,29599,26632,18858,45721,51030,8820,32790,62443,19197
14219,5220,60723,48493,22414,30786,3829,57554,46462,62364
7331,28020,24785,50657,42353,46109,44552,23378,8636,48251
26198,11097,64941,52070,28234,53067,40356,17106,9164,5000
53909,51956,64800,9228,53523,35857,10599,6430,60215,65360
64143,6225,58465,34499,59237,12055,9763,57795,63119,532
48640,22510,39891,48886,18123,29620,18658,45039,15839,40049
6138,50337,16768,14890,12835,8772,40991,23401,61503,15754
35405,50670,30647,18872,28755,22067,21866,48009,11878,45833
47836,42273,34704,28581,6650,21433,28691,50009,38552,55789
30498,61491,50224,12495,41655,7404,13998,32799,2007,2276
10726,19744,7513,60834,46606,50043,24592,30310,12583,22435
9247,19828,1572,14877,5799,15658,5607,1053,52765,3197
13960,35228,61240,41483,22200,49373,56476,31597,50345,32739
22836,47892,13590,14530,20275,45780,54663,61107,60001,29182
34592,19533,25815,52736,11318,43117,17973,37598,55273,27760
6208,22353,10465,26739,37776,44924,6605,38044,8813,6350
7988,53901,1666,7123,8473,47231,25916,60897,9569,36191
27962,27200,56613,28024,33624,27095,16946,16157,58257,41197
46332,22902,35612,11064,36763,31909,33986,13088,7097,6265
34677,53781,41036,61116,41104,54990,28543,59686,27121,47020
62447,49562,8311,18875,63007,28758,17610,5651,45066,54802
3072,9472,59275,19795,31052,22443,1073,62222,56392,34076
26370,44804,65070,54309,39904,54827,3735,54913,35348,58776
7077,8235,59542,16416,24328,38197,45928,54211,34048,15747
48269,41824,27727,22872,43779,22939,29221,64821,9502,23918
28267,61361,22666,45961,42472,49650,36919,60080,56442,55571
36109,39192,62882,30873,50836,19094,119,54891,55800,6030
32336,47060,20888,60470,22953,46895,1020,12086,26776,57795
1126,3752,51233,32604,27225,36659,33637,45295,37076,18957
6629,44141,33533,4157,19732,61528,39084,44055,49868,36249
22145,61650,64272,15127,48731,33531,61210,60667,24258,15257
49880,56757,2838,59421,65091,53840,31296,9590,21925,15536
3919,56955,47911,27330,58438,35423,18058,44105,30985,59238
45600,52820,61844,5600,2274,11023,52985,58296,37705,17618
32742,32203,35340,26,34617,39604,20333,15641,351,56919
39777,32503,37443,49473,50484,18311,2621,34671,20507,56982
57801,40352,33286,9400,43145,33101,24972,48162,42112,62411
59107,18480,32538,23686,17482,23364,51708,38480,34819,22932
6216,10956,48646,47910,59877,297,59729,31568,57063,11347
41166,63937,29420,29699,38473,44938,11767,30967,56688,34871
7189,51924,57549,35080,51776,24935,13457,13277,46232,18125
52904,42917,53597,54922,12523,57559,46540,33520,60474,62818
18473,38243,40536,37552,60198,24248,32372,14775,3228,59489
24765,2745,17446,44614,47245,28713,56349,14633,47874,1643
49744,50915,11161,42555,4170,11243,48522,26459,13588,5148
51888,53994,37845,14071,63829,10681,36216,55220,3027,25842
23176,19113,47457,36190,20371,61476,50932,43079,33932,57852
12244,7935,12746,5041,49842,26937,25330,41970,39548,14898
41128,44191,32104,40947,62581,60913,42145,53861,59397,26439
53720,61432,45954,63806,58759,22608,41871,22187,16034,50708
45379,62076,17853,23510,18628,47436,16942,16059,19879,37140
9228,1618,91,45859,53159,9196,28904,54045,28369,56462
59742,60883,24765,4958,30947,37034,12882,55153,7911,932
31488,33379,49109,47299,35598,11048,16632,40001,28423,30840
61880,41828,4704,62937,30439,23238,47823,35778,33107,38213
58278,12092,54512,9922,35399,11599,45701,7137,29184,48964
43656,64469,18652,43035,31604,57079,52915,21766,50215,1909
1802,13636,62214,9420,42650,1890,51653,55317,61599,42134
38268,28340,35430,61458,25029,35856,54669,4026,59418,11555
32417,46685,7524,26255,26146,27808,31192,7731,40392,8114
12040,11776,23282,40106,36074,3261,7895,18249,48456,10818
65152,51930,65146,55403,28773,34114,12100,36534,21944,15296
25632,17032,1542,21851,23697,56071,36486,55051,56111,53660
11623,52877,6422,22333,5465,49028,53178,36891,52230,11772
5116,53843,56818,39565,32919,3444,30784,62609,15759,40045
39032,42935,4291,51258,14662,63405,2231,29835,63669,33329
12431,26405,29867,23369,30428,2824,43024,38614,338,13589
58850,51637,14852,55859,27034,39813,33257,47684,63464,46420
56187,37360,35907,5339,50868,5824,42380,6604,14292,16925
39347,36172,53998,39260,9272,63542,43211,37288,23134,21390
996,19775,13311,3239,33164,33323,50809,47691,31660,50216
49169,62,26713,45714,65480,1896,33581,65368,49900,55684
58844,51526,34555,12201,44846,49142,6011,53653,35024,2548
17952,20944,47530,22815,56788,43762,62841,2590,54534,263
26312,28028,38289,65393,64133,54199,40398,4901,16570,20737
55611,29181,4007,10372,44042,25441,51464,15030,55134,10643
46941,20792,34199,24249,7036,30355,56711,1151,24510,48999
57906,13442,3168,8627,63695,39768,10929,7496,27851,31918
11816,27359,18095,11495,61368,26251,65461,52758,46797,2696
26255,25437,58206,41540,26578,33228,44405,56239,9234,51027
29464,58848,17984,32416,32185,62591,20996,3170,24877,20545
191,45868,25180,26788,46464,54797,64298,11009,28007,53743
37028,17298,7160,62270,8434,31810,60165,56096,21339,22464
42651,55225,15310,12548,61151,37098,8297,30135,45442,61352
51834,2786,18284,21277,15551,15987,25510,36694,15851,49041
33317,14386,26802,32557,4424,16229,39252,33654,23103,32459
6589,54576,10432,15559,3976,63209,9783,43092,15532,63297
44715,29940,23583,53008,1885,14744,63192,12418,7814,46775
59211,22912,5619,36697,17246,63363,54180,50488,9093,41688
6829,50918,17988,22933,29641,43493,65152,22887,9961,48810
58613,35926,43469,4114,16717,19588,12141,30529,7217,26001
7353,256,25617,32238,9464,18133,37408,44392,550,64911
62726,8216,63450,28580,58851,55425,22673,35708,27727,44081
40815,50739,24030,46338,52820,18667,27980,54932,30729,8711
15421,12959,58010,37883,9132,43477,417,60981,34924,17480
63830,2362,60780,51240,35347,48167,46627,65509,291,46742
14383,48980,61955,29813,2492,5443,35276,49819,55427,41640
38142,54265,44532,16654,32706,8565,6212,54953,13784,12056
37109,10553,42000,25959,8382,36037,8757,32493,29314,61553
6825,36612,26771,59789,13200,4927,39995,35848,55789,20505
3230,25027,64593,61501,42702,12831,23948,59692,46549,18939
41074,1756,34651,15680,28731,37279,47543,56599,5008,16633
44985,36391,25214,11042,17900,65168,61988,48619,19398,54821
14433,60210,23677,20845,30501,46390,48486,63181,50510,38433
61403,34610,64668,64814,5940,16580,25694,58438,27023,42981
6380,25266,4577,60665,32464,62395,14625,34538,59546,4522
13363,22089,12056,57599,9373,32590,3349,9321,53928,52383
47771,15284,5500,58088,9447,55549,57721,60322,17520,18132
40677,44329,55498,9565,16008,16027,9305,58760,47114,4265
54246,20095,40497,29143,13562,56818,3254,47954,29725,31553
45864,58735,37879,59207,884,17442,10983,4864,33308,18949
26164,47370,64070,55755,15116,47632,57171,42440,9703,60911
59059,50320,54494,20909,42387,47382,57503,28046,23877,18190
45451,34179,44826,53648,29913,46361,35790,23437,8349,17359
64913,4006,53067,3621,40475,46032,57080,25322,46570,14572
5688,62972,50872,22846,53423,13473,58143,28854,16837,18321
19403,54547,6478,30742,32217,43847,55399,64864,13908,64229
48747,8039,2077,6384,9810,10470,9421,13436,51724,26657
15800,55803,28196,11721,15056,15255,7943,33841,53748,16753
6134,53085,59568,59278,51088,64940,6493,29488,8601,50256
33693,51750,42649,8168,37465,16664,36027,59872,45704,23428
40284,24121,59902,39991,58394,60440,31214,62096,1732,30069
40298,55871,34627,28748,63673,23977,32377,32739,4311,50698
50590,20235,21669,50041,1012,54421,7305,42393,53268,16441
29834,4161,55506,13068,29207,18087,40016,1959,4944,31305
39799,64185,295,9165,52258,11250,10370,56756,52102,53991
61652,11853,18705,50281,13528,1415,25037,6788,9398,1818
10747,55701,506,16909,26799,35921,11118,51432,26675,38027
53699,31680,10583,62607,32240,25307,17933,58335,12214,58769
33931,6173,63821,9062,52205,42370,54579,10611,34914,42853
6685,64695,39091,13032,7791,58558,53465,25212,44595,46305
37973,62429,65264,12403,36158,51979,512,4733,31718,253
63354,61875,16114,29374,4391,61365,29986,59359,13858,15064
23827,23255,1755,48995,45983,51252,63057,19471,28038,34313
10376,31932,43087,57625,23675,39407,62505,560,19366,28285
45069,33916,29109,50652,25806,54740,19573,65479,24885,16792
44553,46128,22278,54193,31868,32407,58058,17160,55503,50660
56146,53179,64236,46505,41048,60951,37406,32942,20505,30998
21723,17585,2135,27007,14852,43489,41311,16935,40671,6840
2529,8516,11885,14420,11820,63012,10267,30042,6250,5806
37605,8251,52942,30163,48800,10430,18134,13744,12129,37554
58487,1477,32788,13600,28441,11791,44536,19044,1423,43504
56949,31928,7864,34537,18747,52717,6193,31002,43203,44285
21343,36195,15039,42678,51667,62301,38102,56098,47836,24852
3465,43115,11431,18503,61222,25636,28004,18607,22202,6766
3216,16605,3617,40766,33920,20582,9549,63007,49144,1350
43875,13609,12707,54758,14671,29500,45285,38204,48121,36312
38527,43072,61261,11515,18949,39531,39306,55664,55190,43293
25932,28731,20812,42136,13853,1575,50824,210,35678,64123
62626,41531,34002,33091,30823,46284,53379,64037,16237,22685
59016,32951,64996,13550,58316,17209,18470,34039,21563,10568
60688,27932,13667,34071,48711,64919,45392,52958,9743,56139
25368,60995,16577,45909,49562,12156,28744,43137,7655,41981
21315,61278,4985,18719,58872,20433,39346,26432,44462,17388
21656,45141,48687,1694,63413,38226,28210,48050,51540,27419
4724,14938,50741,42137,31870,23775,45933,10533,5633,6808
59638,36265,43577,12266,21842,36664,7553,32915,2591,20997
28037,65451,59026,27342,25400,46635,56754,31246,28359,55989
27593,17971,6233,37080,22670,2761,38769,48042,47527,3531
63628,64500,13379,22684,14210,52358,55473,36466,31515,49104
432,57045,37314,64984,27932,21303,32795,11484,36915,39886
49131,21471,24120,21844,32969,19556,5258,24062,62568,52145
62199,30817,60537,29198,14582,53596,16380,26145,54538,53110
16615,27093,58776,60833,9892,49494,44860,34969,40437,17648
59026,47419,28737,26177,59756,56654,42599,47879,35884,19940
56954,30992,10313,38740,18373,52790,49012,25841,17937,61551
14811,61211,35256,21797,63818,62659,23843,50751,50037,37735
23799,59628,62243,39915,57259,7380,49066,7634,35882,49572
54675,33282,2047,63359,13219,16674,47701,8782,64593,7338
21353,44230,18469,17259,63138,57024,58393,18471,59212,29269
11256,59935,22443,23185,23824,26738,22745,54614,57424,34947
65443,19475,3022,62615,29353,41814,2498,57275,368,1271
47264,31307,23647,21984,35262,64773,50784,64128,13548,54412
8586,6754,33975,54288,65376,34800,57074,39499,31253,38066
20690,1761,23409,27810,59591,4555,12661,26568,8072,56620
28836,62521,42553,26846,12209,54621,11935,34422,58906,4504
42977,39686,31665,9629,35109,783,36642,59717,23048,25130
2716,36580,37411,34158,30575,18044,14513,31484,767,41011
2726,9147,56217,33770,40644,47867,21494,25728,12011,40410
41193,50207,2187,30758,55563,25881,6653,51272,17154,42110
61255,61973,37561,1528,44878,10412,55972,25364,56185,40655
37535,62663,8549,34062,24251,14103,17512,24159,24645,39759
37587,22873,19636,15150,9727,21014,19068,63320,41148,57831
38253,58000,19417,20143,19437,58698,51567,29631,41496,1431
52433,17722,49460,8239,22128,12062,32441,32060,54456,30621
38584,27026,16208,3711,63455,51979,13156,50591,19231,36420
62319,26401,1786,43963,37750,12198,16851,18217,42407,35403
63703,61940,18954,3672,23708,55441,56341,13534,35516,45230
38357,4678,39233,716,58862,27453,53478,26795,57445,23461
28909,46786,14215,41381,40433,31351,35667,36577,53600,46298
51136,43336,31339,57492,53807,46530,17208,16865,33394,43832
10476,2707,666,21135,14887,6906,36417,36556,24413,61633
44060,14008,22894,43027,44924,20351,37644,19332,1546,22061
34857,54267,26561,51232,52544,33439,2692,5904,7419,40605
38483,44379,45157,24967,48943,13232,1854,48355,62461,42901
41200,19909,8329,10243,61573,5330,1356,51510,44500,27241
65267,19656,3181,61362,19991,22356,5367,27352,44227,5768
32841,40237,6305,14295,59277,8278,5046,52625,62670,19779
40281,1683,14477,64864,29146,24001,13818,11071,23156,26823
25637,46560,19928,12306,13985,45134,22215,21274,50831,7470
15266,14405,42846,38875,6230,3276,14482,38670,57392,35266
14622,15015,24373,3018,60250,22027,26611,32049,13698,20354
30752,14223,32662,45689,57262,36694,64609,3117,30330,5255
8671,61314,29549,17077,33528,46188,60444,52602,26435,10195
58324,60345,65291,2926,21011,65498,33207,11544,22103,30845
50551,35234,21027,26591,45943,58811,15974,10642,21940,23513
17088,2374,45821,28777,9661,19854,14519,10556,37357,62917
33583,37613,13757,15499,51018,33970,27498,7066,19789,21636
16981,65092,8732,54447,13915,18580,41639,38066,41478,4522
51901,23752,56486,64940,13186,58381,39528,7591,50145,15797
7407,52897,32269,23832,13889,42159,36687,14930,27431,26109
56294,37489,14252,3038,15218,47597,2943,42520,60705,1927
64506,41281,50373,8159,26025,8918,40415,63598,64909,26529
12694,17832,5499,24559,4622,2601,16253,57618,40996,32939
4133,1286,21923,57146,14655,15118,11642,32672,65331,26382
9220,58186,64580,19267,63811,28411,10524,15260,7824,44259
31971,34590,57145,13256,58803,44078,33751,31393,12772,64382
27132,36326,22459,9921,5474,58905,19797,5638,13115,30148
22350,29138,35305,32801,4442,26893,58434,23791,61618,42208
60514,24334,41786,49668,62061,45644,63358,35119,38072,64393
30524,63019,3947,61089,38744,58364,42555,17268,25858,12709
23727,2400,31336,30533,33227,57956,25096,27933,36854,43096
17647,14811,15401,59085,63903,26801,18338,21083,39669,49258
31826,27837,56435,2993,46767,54104,31701,63864,44521,20649
20465,42907,55663,34742,10202,49671,20219,201,20191,14904
61844,41658,13896,57675,46640,26537,42304,50601,61263,6274
63454,63118,63445,13850,11002,59141,43635,10039,8143,1171
16546,53821,13133,24486,18001,11780,16043,23634,48096,53862
10841,64432,42023,1525,29016,41624,39745,347,42437,28751
13118,47346,61643,23289,49799,21712,47136,56245,43855,31126
43507,31848,3812,31731,34250,62210,46832,13941,48520,35951
11176,10577,26018,56200,46752,52666,27391,40644,10365,15179
8863,14390,21129,26235,22256,7749,20096,48084,43159,64183
39027,45678,46106,24209,54506,29158,6391,6613,20990,20634
34022,53109,53339,58018,22209,26636,48276,56500,43138,8302
11160,1369,11481,53554,23314,62680,3573,36227,59457,21323
61341,56113,33238,65171,33045,15411,32775,64067,50772,39154
23069,31012,58655,37012,28863,1246,43015,41554,43608,41278
30532,56000,3831,31331,35525,33902,62374,40838,39617,9297
54069,60081,26678,57040,52715,12553,2333,43373,5468,39652
521,51347,2250,4063,55380,20677,62241,26077,26790,53435
27945,15387,4847,50380,64998,39312,26773,52564,1288,10865
9173,63556,42221,12213,21549,38254,50103,59535,54335,43714
29076,16553,42735,25319,4322,9317,13271,4022,36528,18764
15653,64702,31407,4942,36723,28757,4187,13003,10733,3255
50574,9153,373,58656,44990,45644,43134,43567,44299,13109
50006,48600,65027,51248,36782,47046,9073,60100,12803,24430
49598,23473,12248,44551,22885,59984,53990,4231,26314,64335
38762,44288,8099,32258,18938,57082,1628,59464,9650,51883
62267,45326,21255,32981,39608,18646,64294,50596,28882,12527
62216,48054,27375,5257,41284,42158,23473,30681,31994,11706
42619,45072,12936,12934,11149,36707,39436,3371,43533,54324
3131,1060,62691,39625,26203,25705,1830,32809,41540,11856
15088,54987,41269,36600,6913,32869,48472,26864,55237,18328
60271,38512,9844,47874,12695,28978,12304,57820,32555,57203
42444,1924,27182,55625,58045,61899,47115,25131,40141,6487
41826,54278,35085,54893,548,36185,18421,46151,29121,59934
7536,56790,27767,6108,58550,45922,46330,50247,25357,35248
16600,23425,21,4593,10120,39573,6862,62392,35240,31328
12449,4376,42900,51155,36704,16407,28509,55585,48191,45257
14797,796,58260,60439,39789,13222,45738,5289,53373,11058
23004,10377,11908,31509,26631,34746,62644,14007,54676,62189
21248,50707,39575,64396,1278,34416,7915,17571,42073,40407
65469,31179,24317,58037,61326,61515,30887,25648,41363,45746
62094,11248,15322,35370,43022,30119,22898,4595,24283,44145
49125,18078,60938,65221,54722,52669,24044,61163,27347,53856
43805,46825,6976,8125,28120,56321,44235,56109,14091,56207
21712,20086,29439,24152,2894,43971,39642,37429,11713,49442
15486,47787,39546,62158,34109,50303,13370,41922,16556,61137
47279,34130,24902,47358,53849,49107,920,58190,31428,11170
48153,54666,41984,22344,20714,61522,25403,58478,25976,20809
38938,29904,5804,44472,10117,27324,34875,40624,8205,41784
65424,2313,34939,5589,49841,31657,60742,26570,29672,55894
58822,19103,6686,43633,46934,54228,15565,13042,37463,62924
52643,52829,30789,28229,49560,25409,57343,39386,61876,26894
43428,64945,21606,58578,735,26989,57616,8934,30112,16780
19211,47220,45473,36452,28623,25139,2912,43066,46459,50265
40534,52223,11288,47949,16453,38446,43937,33704,31224,47911
28444,53863,57447,56196,38620,11515,53919,7952,53606,3932
12167,50921,4285,27308,42789,3531,35385,8725,41097,46245
56471,369,25922,47240,49464,50246,43978,42285,26989,29952
17409,58576,15603,48596,57949,25729,8151,22900,45143,39183
13651,49610,20179,13861,56553,65164,50845,64682,2288,14440
46313,20463,49124,23046,14804,40021,43115,16211,45113,28669
42638,32203,62022,273,1894,59027,61889,13377,31768,63450
4671,9468,47024,45178,47624,50101,58863,49519,62072,57961
13769,17219,7782,16592,43709,32021,36079,18707,11814,44873
39331,3823,46553,39942,64417,37823,30599,53031,65439,28317
48076,17469,20168,38327,9538,8895,25151,40812,1712,42725
13452,40254,16733,20343,27177,49990,54922,48150,14362,22619
49562,27422,52309,59356,58650,29057,54771,45572,59236,13166
21500,44562,57874,51859,33896,49565,18046,6062,18547,19901
45523,27030,50041,25834,56123,44000,37913,58964,57025,36840
58227,24725,13025,53010,58161,18423,52100,12130,11641,34231
33242,5497,48993,44180,46127,64996,63514,19367,37432,56365
37607,25663,7210,577,50574,15448,21848,47106,23042,25146
20565,40475,13680,61052,57019,63034,10586,49408,19877,61869
40881,37579,62890,12117,7945,38795,16346,38314,11901,21094
6621,60834,34944,8795,54428,65438,33584,51305,19483,37067
14711,3904,26012,3004,40982,12276,18178,41207,54885,37457
25249,13822,37218,8348,34271,7579,33382,51570,19861,13930
6789,6036,51105,33929,65121,61023,23959,61431,38778,3162
45439,42930,42001,51020,20934,64891,55766,1047,20626,20419
35468,34256,36503,34296,5295,46513,26187,122,37001,34945
55446,8772,48575,46795,20238,6968,31366,46199,44261,33491
41785,54809,7872,28812,10534,36740,29889,41066,51583,16816
62816,485,8386,5303,37385,51391,13082,15559,4069,12393
49269,43380,50226,16654,65,23152,43993,27124,44249,45480
2042,56464,18475,52317,16612,33793,53155,41869,63716,34279
45533,61921,60251,64661,17123,2126,15037,20142,21359,32141
14932,60988,34508,54714,63329,53633,13479,52726,41628,34394
39429,20355,64667,43955,34769,21577,39009,15965,56243,34205
35445,24954,19902,33230,32781,49119,49285,29712,64075,46106
37737,8955,28135,12268,44341,34620,60796,32412,9131,60521
55660,30200,12746,9336,9462,6520,44931,53438,17418,48429
7015,11647,50175,11693,23633,35087,50942,64675,17397,53547
62851,20688,38318,63724,62966,26551,11503,27184,20806,2868
30385,46018,42797,49826,19691,32780,34558,1472,40215,9927
2076,59293,20922,44652,11346,35645,46266,37466,63097,34428
38635,25160,53498,34607,38623,57611,23260,37437,59679,37669
15820,39207,17100,52106,15781,33402,64498,33011,8649,51741
30613,8556,39349,33019,46099,39666,59480,56155,43352,8398
55955,30622,57175,50419,5356,36743,16257,4058,31231,38552
40450,45929,38941,29257,23922,58591,33567,9127,10073,20848
46907,12279,34839,64928,9433,22934,23254,28551,18493,28428
33745,13054,25832,1324,19679,3031,56712,3223,56140,39497
1631,47669,43845,36735,57915,31083,969,18886,11828,6896
47914,34458,44627,24343,62046,57778,6482,29986,30275,21637
26714,41274,14792,12525,34413,30408,49229,31266,33110,65332
30915,20334,31209,25863,23422,18403,52178,14822,23178,46555
63396,27400,58685,63253,42528,51673,63812,42814,49454,28014
37466,52697,8343,52916,25302,13137,11126,43499,31643,1375
44284,4916,49739,17529,59389,10371,35799,12809,2178,49183
60241,48464,20636,59632,28017,12120,38755,53512,10178,24632
53581,36033,5587,6106,40687,16677,39082,18754,15618,27809
14070,28622,34017,64575,2250,5153,22861,56100,18446,64446
37183,62183,56235,1016,61049,54607,61065,28929,56119,3168
33576,10365,25415,53490,37627,5604,17404,23358,61856,7862
21305,18728,47883,6503,38709,21706,19593,23770,32709,28386
42151,2666,1427,49247,29366,47982,63281,17806,169,4122
2182,42880,53587,13245,3630,24770,51157,52348,8929,56154
12026,23638,6948,2929,55407,4526,26691,2813,42947,28036
26133,32703,38413,61156,9602,6007,1422,41922,32184,14856
39739,40133,62827,37310,31913,18543,57896,15919,55584,28907
17262,26772,43916,65082,10328,46388,42250,41093,38908,17604
45430,3889,38185,56628,1635,29404,39845,44020,48601,43379
63246,19646,58016,16953,26097,18914,22010,55561,34235,1148
10663,59731,56760,5815,15288,19869,58157,36081,1432,32623
23962,29315,41962,34134,44081,44599,29407,58706,22663,19062
53037,19788,59776,33479,28375,32884,38093,57749,5771,3537
18190,13392,14113,14725,34379,9123,64315,42097,46262,47177
7604,58059,64423,38326,54633,14812,8210,39525,59147,1251
5652,24116,45828,5456,26631,57851,9551,29759,12493,54687
45367,10903,43752,14028,7674,55809,22046,61694,31530,8846
32707,38340,4381,62416,31677,48420,15614,64756,63058,21747
31766,64255,29786,20869,31324,27782,50303,114,57116,44257
2224,15102,9517,7744,62724,48175,42696,6535,36870,36663
31540,39046,16121,51534,14331,50545,2772,28776,18283,2843
8898,56833,30174,54864,60787,23016,45821,58333,65127,46113
42425,48251,62344,18324,3763,26918,52894,966,54188,50299
15945,1001,31582,50529,47669,45826,40223,46685,41580,30883
52167,40183,28734,59546,35175,5258,44964,53026,812,11445
48994,1048,31223,42243,20642,65274,60424,19774,14725,30664
59309,24443,20953,16750,61088,12574,26402,39847,18383,26304
20165,64968,60836,5497,6415,52478,37855,45036,23756,2747
62840,60606,45024,56204,6934,44422,24777,4235,54186,54975
34334,49687,50576,59802,47073,17849,5619,24939,26034,39794
17360,2371,28835,50415,7292,64433,61477,28446,29440,46536
41622,2020,4187,24222,32212,28218,46062,34707,16310,59268
14785,53563,63287,55321,15786,53267,28399,18054,34114,46755
18525,26841,30321,32814,8122,51989,60559,13728,48211,61478
9665,57431,61379,10171,50423,44176,63320,23169,46126,18563
43048,60406,63919,25173,25289,31535,8848,15520,47191,35699
25346,43277,58247,11068,33743,19711,15644,36801,2156,34066
47880,8938,4608,7582,56760,10715,54563,49235,18706,43872
6327,5471,4378,37308,12996,47965,14099,9640,63135,29201
311,5337,832,28032,62929,45645,52491,37860,22033,39001
64286,48746,17602,2823,46231,41908,30623,43700,41995,32018
42077,45910,61129,28955,11124,49019,1030,51443,42149,44177
24492,20401,57004,57401,16670,21188,34438,15280,47139,51135
12347,473,17936,38017,34342,29558,26777,35161,10953,24964
59689,25220,31709,8835,12944,3118,22952,38605,18371,51961
32636,14849,21410,64922,62602,58663,58876,25457,6378,29094
63683,53418,14761,52223,4430,35379,22476,1344,40877,19024
34730,40406,40733,50260,23610,26761,18351,56024,25122,51820
8800,16875,45160,64013,42349,61767,35355,25408,14002,63819
55406,57324,45022,43427,6654,22563,57611,43976,16964,41118
13242,35626,61604,49665,18762,36689,33622,34138,35698,50262
1499,46911,48441,50318,18178,29415,63832,21235,31319,23129
13163,57495,56915,40754,24943,24234,10205,19771,31341,59784
39021,64828,29323,26980,17004,19814,23862,22389,33077,43869
39875,56875,37231,2155,29100,27216,40092,32693,31427,64299
64981,33711,45983,37355,45168,9358,17652,51120,28873,47301
47015,1486,15142,28166,56767,6116,30138,474,53473,54543
55506,56223,32768,32232,40836,61928,10420,14608,57238,54580
60114,49338,15258,16401,14777,31726,8042,16093,48657,17388
53711,25368,22454,2991,16127,54541,6276,28646,4756,6538
55579,15673,55894,11971,63318,7647,11135,19089,15298,47283
31941,647,57941,65470,46306,6794,39050,40546,26497,42192
59871,36922,54177,13886,62202,9315,5365,18206,43107,20726
60122,4516,12387,146,53785,18693,26388,17149,13686,62998
52369,51964,43858,15096,5012,35791,50627,17801,51940,11372
41804,45254,56555,63772,1461,15124,64556,43520,7327,60288
33579,43375,50898,10001,9695,38040,18852,20036,6088,55365
22828,21201,44840,14562,21393,37006,3588,3906,55365,6747
62246,3090,64179,21013,51532,4868,19396,14051,46700,3348
1283,29098,35674,52170,40997,38563,53613,59807,40354,8017
21789,31061,6852,65526,42256,35151,27434,63976,17781,33561
9074,21800,34831,53938,8654,56170,6073,61438,48408,49979
15620,30357,15610,57981,393,62586,32852,16732,33883,56899
25265,29659,42030,50773,13216,29917,63301,50290,41051,24605
7610,55700,2911,35749,57935,40940,34053,5948,42030,51090
8061,48114,43398,20481,37589,19400,1419,45846,32260,25946
46893,1232,42343,45127,56055,6415,37463,12846,55509,9122
57066,62425,33148,46164,53751,54278,48882,57335,16456,35083
18361,16705,13276,17418,14638,49180,54084,1083,25680,28351
48498,20755,5936,30343,48268,43764,17590,50421,26122,54527
63841,62826,6941,31796,52989,29592,29094,17410,25698,30681
62031,42208,21245,18598,37027,54284,53204,43051,20130,5115
53831,32185,16295,52102,31151,17483,33665,10591,16239,5819
46764,58159,37886,1327,22756,3710,24345,21531,30244,47707
6466,64261,18581,43083,32117,16850,35056,46812,3944,34093
41900,37950,49071,3655,29713,52681,60221,49423,17257,43821
46755,27564,57988,27988,45493,63965,22191,21865,43946,27304
39516,49093,58381,31370,59574,5254,37773,25741,14852,32520
25998,41360,9530,43417,5551,41192,38258,45216,58900,9390
30405,42146,14654,15011,7374,17216,46288,62437,33770,15623
5647,48563,65526,14157,21970,61659,9367,30175,17011,29247
294,56402,3161,64036,16440,9091,15501,2164,63461,60911
37196,2083,60560,61086,65223,61489,63362,13063,23640,12921
6027,17672,3074,6155,52832,48209,28544,29083,16228,42128
10422,63986,52444,62166,16003,47620,12053,58492,41111,14829
6190,7774,24843,59769,15600,23440,21244,4468,33756,60786
13050,56639,32141,29567,54155,31720,8354,11455,15860,61049
45768,48624,44310,44307,26500,23623,17139,29280,9555,10040
40843,4996,15921,40088,13265,51930,13218,12626,41041,5932
42634,49491,64329,5638,44304,58042,24563,694,24000,8007
31238,9466,13622,24267,64584,59114,1102,40499,63306,39572
54939,62800,51035,22841,36936,6074,8652,19522,13780,43291
21668,33330,63704,13584,40454,26212,65377,64886,23984,48090
52696,16912,56135,57394,2334,21836,56101,5729,51003,34819
1056,9598,28430,51558,8177,54413,53791,1243,62278,61227
31548,33768,57660,51463,26348,1803,18441,15469,19158,49729
47980,4850,45906,7277,5075,34406,61735,58250,26708,29527
42887,56004,44831,3286,60764,41408,53313,53950,41071,21470
40250,29227,40303,28476,34356,8566,46819,13543,26831,60662
38070,50025,7412,1933,30098,23729,62811,770,47198,42048
16800,14744,56927,1434,5902,61058,49071,6156,523,32872
65370,37942,44605,43080,64998,2733,45372,57345,20376,57035
39497,28540,26936,1947,38782,8481,21458,39751,26502,62455
9580,40940,27233,54683,30688,17782,38520,55853,4979,56496
21479,44160,57072,7617,19315,43483,10558,44787,23330,48514
54924,48901,56866,38515,52052,53643,29946,35966,37748,12658
22616,37813,48529,57171,48693,50674,30639,3874,49241,27023
51019,60370,43369,53565,7083,20814,37127,12780,37515,25188
20262,54078,53466,35282,18867,10549,20368,45759,17121,21067
15627,5895,39569,14765,63134,8909,63540,33990,12291,48608
28889,18582,11949,32239,5058,40595,53600,31360,29585,723
51989,10261,27238,63484,39398,30738,13191,57177,51703,54341
28690,28554,14459,524,43920,53982,58947,65285,41836,43868
18845,10942,4060,38084,48074,7045,39675,59628,57170,47926
44447,18477,37583,56454,42861,45356,37163,11418,13525,7110
6360,44315,38767,21553,35270,1871,33557,13354,5343,8322
26021,33032,41736,42421,43712,52815,35103,36472,44464,63208
31350,14525,55672,60857,13043,54328,58819,6317,20895,65104
18743,30292,3209,62903,18017,7445,10223,49044,31780,38781
24594,23021,64405,59939,56699,50532,19637,10441,52194,26133
13317,8299,61518,58463,30449,62302,63516,5703,4362,44807
29360,64556,22243,29288,5967,17749,45944,43776,6746,52394
382,30996,65088,37106,43633,57798,30914,45405,10060,48287
3654,44133,28623,36775,28448,10174,55914,44217,41090,56019
5415,7014,64266,38156,20815,55734,29343,452,21313,15481
13823,17099,63560,58768,49738,30730,63915,3456,40087,32063
5786,60986,22413,41869,14895,2221,61552,52117,29657,17407
3058,48777,10337,60718,64824,20668,41937,29901,8630,22187
48010,14325,43088,43063,17294,49061,53633,45282,56723,43251
60479,34144,36139,42464,28244,31953,25560,64670,56278,13352
56191,56061,45648,5360,31193,61951,58292,2084,36810,50768
3971,20576,21993,23325,11042,33440,24454,43382,5132,35926
59538,62331,4459,52668,30695,61849,44437,37204,1556,10810
56779,23520,8210,36428,4325,21383,7276,24133,48480,48489
48896,56933,6809,47651,24040,55097,14667,31034,16358,21201
31979,4797,24399,61614,12378,19732,33662,43695,33320,34930
42862,4517,39913,22884,18926,19208,8659,65010,32058,51033
40184,26424,3108,4276,35414,36780,42789,61301,52877,15581
51241,55440,9111,26654,6827,58337,64256,60441,28958,12846
4339,58528,11020,33491,29676,36098,9899,52114,2071,55227
28955,61018,23920,7443,33873,52415,7350,14274,36838,40650
10470,29924,39999,58323,57704,13173,28021,21972,19365,26627
13122,42111,16297,23397,47507,59560,22616,62255,4399,13626
1081,28824,59753,30211,12900,46538,11606,26530,16797,5526
25158,60150,30698,18062,51939,11107,18765,27736,12025,55484
4123,28705,51110,19187,57522,16981,56642,9896,36792,12215
28289,16445,19717,18149,21761,3042,60028,25281,56630,47590
3944,45195,42016,57020,13458,23422,21375,20436,16977,11463
18999,14105,65435,47381,25758,41593,61833,24823,15440,58555
31711,34156,58854,18563,15282,29041,23065,51790,8982,29498
8853,15813,31367,35126,63289,5136,62654,3520,25349,65424
30892,5910,21442,20457,47383,33402,64738,57016,28299,34712
60277,55980,62357,45138,11176,53208,40033,65453,16332,12190
50045,6027,47966,29033,26802,41110,61064,58107,41040,41095
46346,41999,48661,12585,22267,16571,53090,10762,28726,3895
5228,51784,28236,39023,5207,15019,1495,24566,40049,4958
14554,57598,43861,49613,2708,51563,44471,49712,32664,6454
42958,57809,33707,14379,55248,61269,8177,55104,19349,50371
42070,38369,58385,367,60826,13685,8299,36527,36000,4685
42042,14184,52899,5023,52906,58228,59467,58025,34422,6577
59503,12016,65122,52363,43615,42361,38794,43830,27903,51184
38464,47269,7944,19725,10490,62452,30339,60200,47051,18778
64000,41347,45793,42786,10881,20423,20836,26644,43912,57935
2080,19276,56934,31163,10864,55275,8302,42397,23492,27115
42671,55394,21014,16287,42899,32225,18428,56870,10854,36962
56433,10828,4833,36858,62714,29229,8247,26758,64833,12245
21110,35004,51259,62743,2917,55297,30206,45087,25696,43681
35082,57799,49514,2121,34364,23874,13809,10899,48415,296
3226,44341,4885,34949,13293,50180,8300,10786,26778,43195
64638,26309,14952,59626,60701,5724,44904,18719,13931,34805
8493,15008,58010,2522,27428,57906,3198,13209,55429,58499
51711,21345,34884,27713,19615,52609,40165,39826,26952,50041
41354,63704,62023,46151,28651,835,5517,44128,55153,7120
14478,50370,36697,46888,60048,45011,63207,58149,28489,32010
9979,14337,53962,49130,27058,65271,22079,12817,40361,63586
35385,42706,39542,48265,16889,18129,3663,15521,12740,32661
34287,8596,47969,22065,25688,34739,24039,50438,15591,65291
50904,64935,61880,20138,10933,32022,22343,50378,50271,38208
32601,19708,59369,9888,3536,37668,56349,26521,17011,28111
38007,53821,61743,55425,24210,33083,30718,14376,47076,55294
37724,26526,27144,471,6163,58543,65380,62631,31151,8209
22590,28532,53641,51205,13058,60846,59619,39497,44125,10158
7188,64117,4928,41963,2130,43502,35122,36749,60470,24654
400,33009,21979,23873,21259,50989,45419,46162,99,55654
48036,44966,33519,39299,54045,17016,21379,26291,52008,55587
33282,54008,12562,31936,33739,11937,11299,15250,38200,62769
27289,29525,54401,59136,45116,13521,63347,43942,25878,49135
59435,8091,29565,59310,27771,5543,27549,42506,48783,22603
31103,51106,53148,51592,55898,22150,16299,29353,4581,26925
34567,24650,7750,19703,49612,8622,9668,61792,6640,38189
48640,29845,10591,18533,55680,52704,65504,30801,15411,35355
65103,62470,38931,53386,26638,4684,65315,40337,14838,3305
25525,44606,4744,6513,3466,10248,21790,823,44231,16501
20382,51032,52738,57296,64708,45349,54476,46180,19586,44953
37136,44022,17599,6245,12448,11306,50434,50947,32868,862
6464,49949,22187,26725,35003,62371,22946,52956,32906,32289
2016,19338,61820,34778,57479,19295,62420,22214,31453,41440
37331,28338,18146,23387,21233,52280,63928,59841,61590,58897
7464,27308,64473,20895,64042,46402,18737,14988,55711,38296
63799,45166,50,46876,47562,5916,24145,53457,48133,40509
14206,31182,35565,50073,58838,36324,44618,1294,5739,7125
18140,18112,10767,64559,11819,34118,21600,64504,43471,62829
54783,42357,49947,58636,25,59493,25485,65091,61813,32465
60698,56468,209,62475,23037,10121,5810,8257,27464,9361
51694,54350,17961,58854,4520,53192,15018,8571,51255,21748
16326,21117,4992,20654,8476,7540,59173,18190,4849,38839
39145,1733,64418,24735,65359,24189,39017,9448,10577,32144
9298,16509,16291,4907,5944,5398,8178,8734,61204,18033
264,9148,24157,53362,55526,6051,13902,41076,12564,8591
35131,64894,45055,39279,39454,27077,58618,7347,57373,58084
14373,59512,3221,57432,46492,25739,54500,50036,11605,35240
10344,35619,22529,18347,34452,14445,4340,35881,8674,64475
35369,50373,1065,12588,59518,64884,22868,51198,38407,42912
24056,55031,44182,18860,16547,53967,49909,24563,9845,12249
14646,26704,11325,64569,23638,45009,2916,39255,33092,3370
43888,20165,52045,8496,38042,9282,12003,4541,26420,47626
52397,61518,31920,42800,12946,19585,58362,57031,21251,29519
62874,64338,22142,38913,27486,46486,5031,53478,33596,28136
27581,21181,31379,3451,39291,58474,14283,5930,8822,3277
62388,57049,5136,49731,52802,15072,24143,20871,33910,51185
64408,19999,57411,809,26925,56242,60134,59354,51932,47609
30105,4544,27181,49840,40212,62359,18525,48062,23414,39576
16754,6903,3146,59541,43665,26191,16775,56677,52558,36625
44196,43486,10254,47659,12085,17490,30728,4866,47432,8783
10458,64714,59078,8115,50364,61197,20067,1038,7573,27979
53708,43787,223,47761,22702,9298,40539,53221,41868,49053
30621,57806,50114,19286,6823,49690,33239,20065,28172,18127
27075,46040,19380,11186,8313,56137,24218,22034,45471,17794
44523,10499,43578,39191,18388,57110,29538,58482,55196,17438
24991,47101,23393,21542,35501,46734,25489,19956,19758,32195
57430,38087,19459,17170,54325,46825,35616,47278,64640,26243
11054,5155,871,57765,22996,16415,62976,43000,10341,62054
29156,27603,29667,12952,56971,22321,1914,33190,23513,4343
16938,33801,5905,45330,25190,30235,58115,22500,34166,52849
51298,14283,58983,29297,58249,3895,58729,38536,49787,62487
64053,5097,17677,56151,27421,41497,13659,15815,3810,42253
63049,39549,34497,1216,48262,27121,24010,42510,37867,60701
1244,14228,57325,5483,37264,24537,58740,43500,60878,14592
52009,46900,52750,28250,59898,938,47771,28395,63995,20356
19559,25778,33543,55871,38080,53792,6126,14122,20295,21472
15079,14593,7316,12456,8469,14115,34469,5664,48543,50640
59823,49196,1189,51091,2064,18249,5131,29660,29223,57317
8885,11368,58112,51921,52251,13258,54061,58493,45244,17242
12470,53086,4393,50716,35085,9220,32781,29210,18428,48606
37455,10394,911,64442,29396,12972,41697,29542,36905,32821
63474,2880,30891,2987,60749,50977,54980,62031,21853,6305
33330,57028,39300,11149,18349,7792,32566,11816,59403,3170
47301,29221,17670,17467,20443,20661,51365,26951,26130,16820
58396,22808,50748,49487,43178,64177,42901,65002,37961,50998
23622,16695,13830,43637,3658,62393,31488,43681,31399,59876
35673,19163,12198,34917,21387,21168,47912,45797,9900,21687
46304,53333,49855,55326,16570,3539,58850,52103,57836,51059
3335,15453,6681,21121,64589,14850,50852,19859,2155,8223
19652,51011,39325,64325,25404,30426,56181,8063,53613,49404
46430,50841,23709,15432,2861,20754,9638,20314,58253,8310
14340,14040,25687,1542,45212,7856,31490,37978,47254,42235
11952,26866,12056,24379,22538,31479,51077,21051,63503,26972
34664,966,17182,29969,18138,36563,5620,36749,64842,4510
4469,14369,51430,41195,44647,19923,41933,965,18896,62568
17212,28571,63630,61868,31630,45894,63702,26294,63696,29443
40342,21256,42441,33102,14967,61974,41998,60919,47741,18059
32310,54239,18242,615,43752,21250,46585,28822,62485,4832
39095,18961,19999,17556,61296,12910,58463,7008,28945,54827
48524,51480,49755,49516,13568,58002,44256,1106,39949,1936
40108,55427,19996,4593,17072,14909,49925,47457,27083,36189
22404,39045,18288,41847,24364,49193,30638,49778,18379,58892
10388,48171,40092,13078,26510,6083,35886,62940,34419,5957
20677,41230,60441,35229,57337,20928,24110,3754,28580,58693
31654,27679,56815,46227,32147,22660,62703,42089,39629,45544
36527,16666,51382,8906,25462,58976,45,43424,47529,19721
8152,62359,8627,37877,2363,57342,56022,37385,65273,58191
2601,62375,32052,18970,54090,45771,8160,938,65513,45088
49199,44759,7697,52963,58060,50859,55342,49953,25728,48711
41323,2341,31349,63134,20966,10449,39907,6112,56212,50943
22874,62521,6076,38955,22171,56153,63405,21508,25932,48666
3258,20259,5782,43466,47256,61087,41544,32773,34007,6868
19830,1899,36396,9525,54060,8955,19653,52402,41581,15731
5393,18565,13723,30805,54874,60668,63021,9675,40409,44229
24865,47501,19536,14788,12196,9028,51710,27198,53545,27608
1860,47860,6393,40579,21861,64886,59680,63973,41047,34048
22529,58475,3883,40571,34273,5231,57713,36073,59948,11603
27759,4620,5591,10796,58627,39990,46846,50210,53841,40667
765,24442,472,15644,33075,57688,39724,30880,12744,57755
57742,49825,50131,22542,11984,13046,65245,36734,4899,57199
16736,35665,15068,61413,18767,14836,20573,3750,33080,7543
35975,2308,15844,26778,49188,64699,62313,58742,44580,55542
6932,11833,3345,8853,30752,5933,6091,53716,43136,355
9415,53489,20516,33289,29076,41204,46528,47236,29991,36986
14041,47271,43239,20636,43053,19964,35777,34559,44642,55552
28917,27910,60350,48562,7695,41288,64870,65043,24621,14349
64445,12635,22277,38958,34347,25548,51097,26215,27192,40644
54639,15626,37098,45673,7855,55562,58710,58386,50053,17564
12930,16376,56008,44008,39006,16658,50520,31854,36404,31746
40694,37938,42426,14040,1731,16290,49646,59894,33856,38425
54385,8688,57599,38635,24711,15809,27332,14439,34451,27019
27643,53777,57019,37663,3443,18646,44984,1833,8864,63156
18027,19202,57165,35268,25791,32350,49761,18759,47256,22362
64985,54537,11840,49751,42882,9450,61350,11138,31479,1703
26039,27746,31223,54787,1825,39386,18136,26339,587,36407
3922,48575,5910,6070,52189,18944,35507,10742,11408,29752
49920,51394,40859,12349,6891,8766,50998,25344,52411,37288
20309,5606,6949,42563,16080,37988,1479,52289,11188,7788
8602,65176,58740,15594,27173,8740,46564,4537,5804,21827
42791,10802,44959,32897,13505,34716,38338,55799,27711,62046
49574,58444,51792,49221,59149,17321,20916,12796,59967,53669
31984,43219,22550,15376,51445,11094,42756,55658,62818,6326
32495,40290,51997,38428,62352,55268,8132,61803,23409,21313
63872,25701,10958,25405,92,25442,1589,961,7276,49496
6316,18701,33613,22361,32274,46610,50181,16752,16983,12914
56194,4534,7259,41031,29835,13372,62652,20692,46650,45829
18864,52487,41384,47033,16272,9515,4488,60672,12995,64642
48274,33871,52563,56332,21467,22397,25128,50056,63702,971
34116,36301,63173,46106,63827,56076,17913,4075,50247,50193
59843,58138,6269,27190,6912,50528,18242,34592,15770,48417
4055,34453,8894,54566,36026,28829,49287,22286,23457,60133
20310,28930,22153,1745,52750,1728,59047,21118,20500,44912
24245,49017,25601,43136,14692,43655,15734,29897,24801,27478
50291,8092,44445,54102,13972,36845,48332,36736,35909,49331
11784,49501,190,30236,987,56661,19918,65289,6615,3004
8823,54947,15171,29001,41365,1158,50714,6680,23896,35313
287,27869,26426,20456,14200,10793,61322,2058,53334,11901
47802,14318,4175,37653,64020,50723,23345,26755,52584,39102
23500,65061,51729,44752,26500,7118,5531,33682,15242,53002
50992,17980,53550,45037,60302,27943,59368,38160,59923,9505
16244,318,45927,46849,5149,25430,28805,42892,39983,48169
41442,26852,40780,47651,16020,4941,33549,44866,59531,57282
35878,47815,3894,8671,37687,6831,48039,32455,36537,32111
39556,10087,27791,61592,45328,11244,59278,6632,56268,6906
28852,19561,44548,21065,54002,47526,53732,36603,21250,30363
14798,2661,49295,37117,54883,55213,48826,6837,64974,21983
34875,36280,41333,26655,15847,7905,1395,16026,57944,29611
1215,21257,28895,63140,54097,16533,6694,34418,8031,64137
9819,26994,45025,14295,40306,46083,46616,45258,45577,18714
9695,52299,52050,39018,57230,20599,33040,7788,21173,59364
4873,37416,25707,60762,28032,28075,18658,17965,38119,64003
41194,59541,52845,49197,56547,21358,20649,9569,53157,18642
20715,15987,42572,28002,23345,34195,1530,976,21060,53287
15604,51450,42112,47182,3899,64222,22473,18917,16686,7709
53435,62639,16773,13277,21706,8928,44054,54296,45547,63410
4465,38908,1622,41568,32557,62593,5968,8653,25661,54979
60793,20824,24189,61491,25601,30945,36136,6699,46878,31348
29507,37593,45983,26996,32411,59542,28856,51144,42898,26727
50093,23330,55571,32961,61501,17263,3642,31520,47916,44868
40023,14522,49628,40792,14417,53559,41775,47088,8799,16241
41776,1891,65350,38548,8121,62635,6022,13989,23123,16251
22155,29959,765,39003,56584,25597,632,22690,50052,51520
5385,8944,4777,38373,28825,63269,43999,5360,49101,57236
33823,8965,9203,48367,54959,9639,10882,9108,43554,10311
30960,4476,48254,21262,8740,25022,44099,35598,13223,57937
51,30588,10083,6079,24286,8700,51368,1450,17429,47679
28558,63107,29248,19335,58510,8845,53702,35335,56547,50217
50040,64604,4337,47983,56585,62746,4621,37698,31832,48905
10872,6511,48974,51292,17116,35328,58548,13320,17664,30947
28427,6430,36812,24230,40296,24131,40680,48146,32106,22629
22921,41639,21439,25851,5845,57601,42402,63433,43880,60524
45319,24019,41414,53451,59434,45004,59572,56418,48698,46085
50487,15142,14685,31435,53874,37548,53055,29293,31951,8548
60130,1029,18189,36657,12747,62816,18323,39830,28288,51910
46722,49435,59047,55118,10012,63805,30802,1343,46879,54495
48549,44510,10075,20093,53740,63675,31488,29659,52468,52883
12383,25774,49622,56340,19879,2471,45663,38279,39044,20031
50295,39084,64154,8213,35870,64089,36938,54316,14452,57131
945,22066,51049,5462,53187,53140,55360,47883,9568,23780
3054,22867,3413,29190,31178,36594,58384,30851,48012,8454
9455,44585,37835,56408,37358,32527,14439,18232,65371,45646
30811,19747,62556,39020,20932,27516,49566,44890,36072,64324
63418,30513,15544,11225,24429,6788,56126,9615,22565,29151
39496,58507,49680,53468,5719,6127,20482,51728,4509,47100
45025,6370,57736,1393,53425,8161,14081,27348,3835,10810
15618,65360,33292,59666,50538,31662,32995,39456,58105,18891
44167,4836,23931,15189,21707,23467,33610,56405,56341,32108
58217,12571,7124,28975,21205,60541,3518,2933,57265,54339
33441,15842,43142,9240,11411,57004,12191,20681,5656,25021
57812,19503,3328,31611,44562,23956,37496,6024,51619,47181
11942,13856,46415,15459,56340,29995,17005,30583,26995,36368
33543,50513,62869,26972,21778,61508,33730,8066,34068,43379
6766,14289,51965,5241,8086,10827,25373,30435,43415,51207
10204,16524,42684,818,59397,8354,63534,4819,20228,176
49171,46329,51926,18040,65391,60775,10893,41965,48413,59116
40185,38620,41367,3333,12734,32019,39061,45424,50777,34362
36909,3843,42938,46508,4024,47260,23673,48846,12734,21662
56685,61806,25358,39227,32427,14025,39257,27773,42596,8457
38784,56856,5598,29353,57243,46429,36614,65210,1871,1444
17336,54061,19417,1304,40334,27336,1134,17095,58686,6110
56635,46844,56869,842,47447,4393,25934,45737,52472,51797
47664,43218,25133,23571,23444,9484,11061,63609,19842,24558
49572,27692,50818,64047,20134,904,52631,50384,39536,43554
38832,46351,19583,13178,5974,31903,37331,61331,19831,11528
35883,47003,26644,35678,15087,26895,64648,19210,34399,65121
17373,1858,27773,44888,35093,19205,30363,14819,5375,48904
35515,20825,29396,52765,8822,27359,40318,43362,54787,60366
56496,52150,59128,52832,47339,8742,61776,56498,29795,9230
19363,61494,916,14480,51524,16565,18962,39252,63940,14513
16816,15551,54252,34732,61850,32956,10210,31321,45694,55711
28007,63679,35080,48084,3076,59457,22203,51889,23125,45867
20500,23696,49542,25703,32710,26744,59115,13738,40723,55183
4122,5171,53929,18326,24615,42465,16169,17560,59571,59380
36874,3664,1260,34030,7339,33606,34876,1447,28095,2476
57290,57463,54173,14903,10010,30958,3860,40014,29984,33403
11915,16206,3647,17094,62137,46162,10393,37991,21439,24839
65,6802,57030,48876,39334,37409,57381,31628,4347,38593
43295,15996,39812,12590,14673,24002,18317,54733,1370,361
20911,11935,21522,40307,32844,51228,39315,24101,52371,34798
45636,41107,18568,45524,44898,19096,12982,39684,1971,57780
60277,19108,53958,28990,26623,52232,13138,9111,1108,33783
54067,50591,50345,36980,62253,17001,43118,49591,22090,48613
65312,39511,33482,60301,25479,26518,28926,31759,35159,13057
30116,30047,62703,63752,16990,38963,18343,58256,63159,33585
50166,32190,486,63803,57650,51849,64555,18715,18051,46653
33804,36702,53780,1746,16925,24701,19447,9010,61614,42972
10410,15176,62551,2674,22154,15563,31633,45504,62254,44714
59633,58232,10743,50569,53520,35229,53256,21199,64768,17792
14677,10715,40145,20497,13816,44784,23441,21258,16228,56777
54924,45138,2816,11414,37581,14126,49062,681,4599,58885
31445,36208,15776,64920,20186,32665,48181,32608,48832,508
32475,42689,52690,11569,52891,39984,57775,54718,53778,30465
27992,3226,51262,42028,57103,27316,59509,7899,25319,23288
21630,14546,9032,52494,40647,49472,43685,57841,51703,60140
24645,60210,28894,41870,44215,57615,13125,41800,19173,1916
26260,21212,14541,46757,12273,9264,37868,19388,59939,56038
63962,3610,9895,44117,56156,7506,64320,16115,6343,8176
23521,58614,49211,32142,26330,42210,35348,13920,33587,45269
13008,63895,49008,39920,59879,22034,63030,23092,39219,28556
57046,6603,57433,22059,5366,23569,24185,6527,44239,14954
43004,48012,49342,38589,20668,14685,21186,50689,2120,50060
39307,1886,17520,53745,28352,32217,4671,913,3466,58880
40986,51056,17991,7972,2225,57734,2873,27193,37131,57472
52124,37563,15388,4281,55652,47985,54721,5135,15220,13630
20742,63908,47850,59726,19677,22106,42141,59564,62167,22514
46269,19738,42941,53409,57983,36859,62954,1984,55099,54812
42344,54843,13572,34156,55278,51067,28482,2230,65105,55338
18033,44300,85,58511,11547,11325,17758,33005,15731,26747
42715,36940,3265,824,38982,2489,10995,34809,22072,3967
49709,47536,49674,11286,27848,56102,25898,26123,31197,22663
49598,21651,14772,48125,47620,54277,31692,41701,54864,633
54090,64392,51264,20821,50746,8802,59842,42491,19217,45274
53250,36563,19986,62092,58957,31050,41630,5700,64340,10912
45371,28939,6900,12735,44546,63984,22411,27657,54111,50976
20692,1984,1998,58632,57838,7921,50056,32147,6184,65512
34834,27861,29768,46841,45904,4672,564,28918,16008,62445
60007,47365,34184,17576,3415,7510,60220,56582,40071,41014
19882,41585,39606,29182,29865,47000,53794,50136,13650,6659
21409,23648,2250,38331,26783,27751,3962,48289,1079,37122
12580,11505,55825,7988,39524,5142,44555,3228,61302,49908
29238,12012,63054,12023,26419,1345,52427,63235,14850,9696
32768,15782,38646,21007,28391,33344,4337,31172,18579,31531
30508,9758,38915,1486,20515,36467,43971,18157,7268,6398
8825,5203,22617,27394,59552,1084,20353,28402,48767,52131
60256,45376,61722,565,38863,28070,42986,23856,4120,7914
58769,8553,7532,4885,59214,63524,15931,40241,15887,17282
8388,22902,12136,61520,4330,10788,39821,29810,30879,12594
20637,8558,65050,45417,53640,43871,19550,31199,21076,64528
10519,40755,63596,23910,41885,23750,28613,29348,41428,47706
3232,51149,48809,41139,46011,2593,20313,39454,39240,55669
12172,23802,14344,21254,62067,27973,61787,11199,43618,3252
22533,9894,26027,65126,42539,15422,60447,26012,46658,13883
9816,17963,52571,63822,14627,32011,40228,5417,5225,62142
63086,30799,47335,7215,54922,56225,56821,53103,36833,37851
59082,17259,53828,25910,12314,40615,1890,50154,54858,19
62938,2322,24885,37146,4211,7975,55335,54445,334,32402
46786,565,62293,51866,38777,48705,11680,27164,43851,59049
14642,50616,59027,14860,21333,38491,57310,1746,64290,41819
14720,35865,14482,38478,10060,24867,17156,52054,38088,44244
60556,17896,30436,32428,38506,57304,134,51282,61710,50747
15558,27102,54037,8647,44761,40423,55153,14800,26107,32584
14685,42116,134,57180,26844,11678,15770,16492,59399,18294
20649,41054,25922,34580,26723,39977,3129,5657,1762,62833
51280,41586,26500,19395,4096,32363,20981,36961,46864,47059
30518,28347,23855,58123,54145,48842,61783,62823,18937,44777
31656,15596,12718,11280,8425,159,21235,40658,26259,16327
50033,61906,4158,26033,3322,33949,15620,4575,12239,60467
37242,416,28144,31556,16250,15025,57215,17777,27041,22986
36082,54854,49551,41871,9517,5242,14635,8257,53380,22321
958,5653,23732,47973,9439,63145,50916,7381,19124,7689
55522,44792,23458,48302,10334,28271,33854,37353,41700,63226
39128,4105,51009,57204,28656,55857,48935,48581,19784,44794
29364,20003,46234,65338,19890,46772,55762,59378,24634,49121
28968,55993,41658,30312,50036,29776,43311,47076,41585,54326
14844,57561,23393,61462,10449,54141,54409,8875,42390,35990
22558,17985,88,17017,27145,65214,37541,13284,39808,34261
59051,57333,30521,20669,48398,29335,27586,45948,19145,22850
49681,33772,23327,44037,2972,40269,37284,5462,56267,646
489,22497,38006,17597,40366,1664,34401,38985,58234,13113
25078,65406,4545,38118,46449,13543,28119,42478,17777,2507
63927,60322,5186,40863,1769,52339,56847,49410,34926,45502
45014,12671,3150,25409,29609,4064,26823,42682,4263,4216
33885,52252,34538,38617,44599,49404,11003,42507,19625,35757
57119,12243,48234,15975,41842,10706,13031,38721,62757,29296
25083,3697,7080,63479,46429,39558,49336,56688,61125,17483
61757,2023,45309,13004,48286,40534,14044,28181,27879,31935
1829,64331,58815,51337,1401,61580,31199,22949,42509,27066
10794,4458,59000,41656,43696,22001,41921,19926,23884,55176
55259,33881,16893,10325,3056,10102,64619,4562,35081,64806
3737,13687,13875,31133,32462,9627,5226,39064,17866,22514
62333,21673,64759,34171,55722,39427,29686,46594,15742,29097
3749,13544,47520,29789,44260,65481,52375,26013,55675,46265
4239,45529,34232,42253,51482,33269,51372,18127,51965,38357
25063,48952,21044,64358,52402,4522,51609,36894,52039,36218
25412,37958,16603,45349,35426,18929,26517,9273,24910,8836
1387,18185,4660,41138,57567,51896,48921,49963,37339,15070
40769,32572,49399,25284,58149,11819,58347,24741,64461,29952
31467,14914,24383,52307,15320,8124,33154,29727,42459,13428
35821,55945,13887,49313,35964,63745,29069,30211,23205,42398
24841,44835,16925,62146,18298,42106,25755,22374,61997,34544
3430,38614,19949,46219,13854,24302,40975,44549,30122,10570
36860,10980,46076,11322,17498,15044,46942,57135,25058,25921
43603,44329,18552,29866,45554,24521,34131,2769,64645,23898
35538,11938,18908,28764,3786,61707,8205,49390,3975,916
242,60760,8915,6842,54080,41185,32846,6940,22734,37831
57341,49169,11556,57263,22301,26095,35324,1236,27130,31027
59153,23958,17361,27755,25637,39843,59548,32239,62689,52865
55308,50135,53275,52919,10287,16838,52089,36174,42913,44924
54013,11739,58617,62133,34770,47264,37803,52498,59149,50719
28206,62546,38575,41957,22053,8196,64128,19964,34090,30529
50965,19790,49819,33685,62938,40253,23055,27468,1687,63080
27163,41363,57929,11823,28035,58706,36947,53555,65097,25338
57470,24100,61234,32967,4413,42969,39800,65407,42283,939
52291,28680,21218,35406,38930,18574,40727,50746,58628,22231
45677,5844,61880,50323,29326,32528,4354,10167,29767,30717
54653,9726,25616,2316,28312,43650,49671,9344,35346,28704
43149,50658,13917,19478,14553,8191,60988,23341,9370,58210
53405,24119,47027,24722,5859,25297,50027,53561,11532,18878
6678,61192,24128,47668,10719,12528,6217,3665,2206,728
15061,43039,31537,9950,37030,60325,24873,50136,50349,50519
14674,8354,35101,7732,2101,17332,39194,5858,22461,3657
48388,2014,10418,4165,52827,52695,60478,15955,8388,11037
37304,19449,4207,61220,51474,13480,36150,35859,58346,52853
17776,48073,9662,18934,13307,47744,30124,18018,21888,45288
26102,16066,45566,3785,58642,47824,12615,61267,33104,14986
55190,15622,55511,63435,13229,8207,15521,36796,17158,4424
35717,56255,22005,34643,7787,4390,59244,17522,38529,39875
29640,49112,64447,29981,123,57539,8362,52413,2390,57812
17332,11033,52595,21565,1508,50310,8613,7825,54485,55782
10588,33583,1565,1979,48498,11655,11277,16994,17052,51082
19654,12664,41836,32973,45267,10298,43655,3476,25197,45882
44802,45934,44534,37310,52260,57232,54774,59401,9211,59540
25551,47267,48362,29514,32535,38679,13585,42417,49377,63846
37021,28192,59596,7737,36295,34547,13823,56322,21350,10756
16804,54147,14378,18039,10715,47765,34136,63173,20968,5471
33678,3860,12203,23533,29349,13981,27116,34527,60839,33105
17228,22253,42049,23186,38432,14443,48749,62630,32792,11755
25945,55613,23369,7097,746,22751,55105,1848,52938,15066
15472,42156,27448,29139,38516,41497,45951,3975,25609,4652
41096,26716,52220,39986,49769,53685,50529,53323,22977,23857
20654,24719,13706,36203,18437,25662,11452,33101,52192,29588
35342,13172,24633,62682,40019,47608,18707,12533,53757,5349
20822,58400,2052,58142,2175,38073,48103,3612,31472,654
40364,46452,7650,6922,42149,63099,3273,44245,10616,41824
60055,2507,42617,46991,62346,51062,1790,27646,28199,34746
35801,44791,28217,3092,46714,39533,12099,59696,15447,40202
44300,2292,19752,17575,21710,15435,18657,2915,18879,22232
31588,35775,26921,43817,43688,4608,25376,27727,36505,55034
29583,38640,50379,14506,52046,14326,32917,35044,31020,51773
38062,48885,55876,15055,34753,34316,41861,27390,10924,16081
43228,27471,61377,50140,47136,30324,6526,12411,14462,59448
45027,49716,31000,8125,3357,51932,46840,16934,59894,31675
59643,5204,56779,21436,61033,50280,39565,53317,62228,12639
25641,8756,63412,10503,47800,650,59715,62971,2037,60922
16434,6930,38335,5703,38510,28312,20365,11044,4370,35268
3713,35953,57363,48632,42156,56015,51573,45534,48659,27799
18484,53624,64016,11043,18535,11001,39487,62730,48626,25919
26244,9347,46982,6606,55837,31443,31414,19601,23260,59617
19440,40062,19980,36754,38278,16429,60565,10200,25107,31332
54482,27200,38904,14817,63012,57187,30610,59768,5780,29170
46081,21939,41565,28954,32548,45218,12018,17711,64099,1123
41093,55086,35183,51360,24670,56333,39713,57579,44422,7982
13819,21115,59527,52874,41221,46078,13080,885,61082,32504
60526,65284,13955,22053,10182,2809,29969,248,32160,32514
53155,44163,64330,14626,30026,22870,6431,44804,15573,46348
4296,60636,63285,4807,17239,55632,9343,9311,60908,63685
8798,51289,8592,58505,10578,39762,39463,8785,43275,54167
45685,59946,25068,64611,13501,15567,47693,31431,54778,31348
46256,11597,54950,35740,10512,4958,41436,30425,42286,13078
47076,20268,1904,30170,65140,46666,34887,52178,44707,57795
63878,46518,10169,63261,39185,48091,15997,22854,31234,45334
13695,42932,35990,63860,18778,62603,18311,19903,9217,28154
34934,22573,45282,16157,63515,26984,6007,20501,26774,42789
39011,6153,32429,46421,2800,56137,2037,54883,56588,52997
46745,62065,7095,57528,38156,58965,31602,14020,21159,51455
39937,56943,40981,25695,59763,49927,37216,38101,4042,41551
34394,63039,38715,58109,41512,62791,43783,23245,44445,61969
59630,16215,60279,51269,7564,29950,33462,31223,17178,34234
24116,20068,54903,62873,27915,887,50115,28762,2889,3634
25473,38410,53731,18315,62928,47187,4427,42192,11065,6382
10996,53655,47239,42399,50737,54519,3232,31213,22251,18385
43280,34806,49378,48628,39725,4769,9563,62992,58057,9545
56351,53610,42397,29197,40893,30361,42901,7921,6588,60235
56685,12201,27126,26964,12394,27503,47653,51663,51369,32750
26128,33689,53020,29350,22361,35525,38977,42818,58463,2604
22609,2510,46461,49712,47666,9835,40016,56441,5428,34419
56914,18828,51212,10098,23064,20265,34665,5560,43751,49777
8449,64148,2642,33910,47463,48480,16043,40056,59661,43495
26809,14273,7125,60791,27216,48274,55265,64054,8414,14635
62261,52739,9064,19073,29235,53900,19643,28710,9622,19680
48209,3144,22018,37641,37694,853,55509,47540,15821,63068
7409,38207,9615,32204,24127,2432,4694,33469,28336,10818
23451,57201,39446,59036,39575,49920,11909,51080,32151,839
44894,15891,5164,1814,51640,63679,54497,3662,33887,63920
36137,38468,40287,35184,44939,19771,21776,18332,47027,10418
8266,54402,47673,3731,30487,49975,50575,26010,47359,32828
63576,38561,10399,34647,34786,5290,20251,33505,10075,46507
20249,65214,59691,59971,40715,4654,28527,46574,56875,47331
21585,25957,12909,42269,40191,37781,61730,38919,22610,23872
11577,63608,37483,19366,59092,24644,63707,5724,40416,4448
64510,56070,64224,15881,21260,26566,26856,920,44709,64815
39040,52429,39319,30002,65498,48518,52640,19416,43532,7401
6077,65461,62166,21041,33946,19650,34406,55483,57999,49703
15881,26238,59053,59692,13775,17467,2931,53874,22988,19734
19174,25972,40375,6151,27932,45625,58235,15442,21974,23637
53619,5844,43279,38262,59355,17296,51827,17289,2139,31783
43376,20179,55797,113,48304,24037,7048,49553,10917,53164
40265,39470,54554,8837,16281,60652,57886,31322,50113,14908
13572,26134,41487,11988,9994,30721,3122,54466,65337,28148
15794,62601,5199,52488,13510,15160,62365,34726,12393,2410
11535,50496,21582,2191,57795,38928,11508,8456,59674,51792
16672,890,3146,11636,21679,38633,4569,41729,63172,48107
11395,18574,6228,42009,48072,28850,5465,39746,34903,22543
55878,13629,19293,62128,24226,1251,55950,37234,61340,34010
5898,27215,31937,24290,20877,36147,7236,34189,35853,20193
39316,60989,3293,52698,35308,24794,36013,18327,9093,55612
8628,35549,53543,34823,51440,28111,22133,43818,2162,25897
64982,1919,34663,52226,2453,59914,15587,3227,22338,1668
23083,29541,45568,54582,59523,50872,1319,41280,32554,64337
41824,49248,46936,62489,47131,33290,7073,17434,47172,329
39819,45410,24405,21975,54503,38143,7439,19327,37080,36478
11609,30813,8780,57463,42968,58433,42738,3790,57661,22894
45031,51825,9182,33549,24878,51516,23090,41297,6370,9104
1844,33978,6228,55331,36565,63811,19719,36169,57696,48218
51027,10278,4181,743,55844,56199,5663,31270,18630,64328
64345,28767,59251,12689,10863,36677,15240,1433,46374,15366
53839,36857,59653,21817,40087,45715,64013,45901,4399,28732
55473,10981,62516,12585,32881,44863,47948,34424,2129,63525
5761,33554,40432,23053,20930,38853,31458,53421,19214,43660
46999,16385,13306,46697,13385,57498,57450,29720,31681,33045
65058,5083,14222,18791,11934,56490,61377,14304,12923,8883
7873,52159,58036,30495,23335,44193,34201,25332,58407,12977
59768,25330,36704,53538,32356,2842,52099,36593,44348,6803
42925,22627,19322,12710,44483,27997,31640,40700,49077,46609
38091,60956,59290,1991,4176,26666,43673,10589,24780,21047
33151,53830,8585,21797,53555,12224,36396,43603,25825,14183
54539,32351,46778,58404,59050,12731,664,62000,63248,27344
56502,51362,53224,63792,44835,24473,63142,40825,14424,36718
33602,61289,34205,31137,46808,24170,41888,43369,25489,20208
45450,48414,50342,45584,30863,46576,57049,6279,54887,59902
46547,58651,46583,27816,18368,43103,31004,51045,61229,22425
4100,3918,889,4584,15989,32545,15189,21877,35193,19675
58309,55209,1353,4777,25615,46443,25917,8834,59546,23137
57051,49579,22781,48625,20502,53288,8159,38118,6288,4219
37813,25797,19504,51113,37417,44330,61620,38420,10730,65100
17413,23555,41349,64880,15309,49710,16581,7433,25189,25524
52383,55548,48835,36508,49537,57158,27994,41408,23958,422
12508,31865,41070,461,33533,2263,6659,9433,32237,23110
49637,54700,26683,20839,32160,54863,15269,59538,44413,41009
10108,12114,46720,59521,57417,41315,20471,44704,9883,60233
19877,13887,27142,8388,34053,16096,36057,8550,55789,9325
14690,29423,57092,48948,40317,60844,8845,63375,21372,43420
35509,1462,52644,27130,2900,60119,47677,56978,5189,41230
32039,15195,40328,32471,59498,50144,42689,7341,15352,34927
4671,38175,9076,54017,49971,45747,9865,48706,30868,1270
17286,49223,22533,28404,50059,29135,12614,30685,12202,63141
15537,43719,40918,61102,22066,11223,23322,54895,47020,28198
59791,8554,16036,52046,5159,50784,47751,3557,16927,17406
31738,3289,57431,63414,9997,58864,17372,59729,5123,34012
26808,10235,54296,21093,34580,6130,14519,64629,11322,8809
31348,46461,657,2152,24587,38830,35512,21460,36203,63748
6626,1731,22688,49808,2270,14909,45577,43376,58767,17422
52205,16946,51776,38844,50150,30697,31659,52167,42211,3567
41056,60440,1862,57434,60847,54405,3085,48331,48019,11896
15662,8922,23422,34282,58519,18234,65398,41594,57410,36809
52311,41259,6164,29658,4238,49114,61894,45558,36619,47638
31705,57559,48844,17742,23438,37674,34077,21808,65460,5000
2972,47980,1202,44474,46352,56573,10923,65323,10644,5233
51602,20282,30186,64258,13836,44681,3174,51827,38480,25708
25901,43479,15030,29553,5205,6207,59460,50857,44590,52224
27977,48793,25826,25790,59900,4142,43993,58914,1493,54456
57562,59301,48718,55186,4061,50118,56557,16422,22208,32104
57793,27389,57427,14093,46999,4416,60749,52411,52433,14676
50157,51834,19793,47321,56350,60668,63569,65351,46657,56565
30033,53987,24332,64290,8600,45125,51407,16113,46916,44400
47227,56752,8018,4337,35426,38693,27893,10211,41268,19921
57459,63057,34650,17113,38080,50427,49427,51454,47430,3254
29854,2659,33882,26163,49411,52859,32378,10534,59655,22902
31340,43854,20927,8162,50553,13453,11279,3625,38951,27138
49664,50204,49550,13042,10628,46619,38962,59759,41458,15920
48679,27748,49760,13435,9018,16397,32833,51423,1393,54092
16385,60665,63588,59406,1292,5335,24143,13468,39335,62165
34223,63103,47671,30829,55726,33419,11573,37000,7454,59625
36330,24850,43199,14476,5550,24405,52105,11054,45786,2392
43004,6795,7309,8013,15929,3933,10675,55204,25739,21663
2330,61100,49855,57195,46850,36881,1234,32472,9651,62036
34215,19232,7797,10523,22198,41278,47,54131,9297,30836
61814,46005,31756,39690,52498,14454,55821,61717,38063,52706
15178,34696,36725,51989,57157,12500,63895,5722,59025,16731
14864,62476,26491,36039,29939,41935,28541,57132,53201,53754
40149,40704,36084,62335,1446,7370,43714,63837,39051,23998
9214,54463,6426,54155,41531,63822,55593,7896,165,28875
22209,35973,46279,4705,34604,9968,6367,24295,4772,24870
44683,47235,958,7315,65314,48406,57569,38097,62073,11213
17586,12650,30060,22429,3957,59358,53,374,56071,12984
65383,62967,17626,14974,39821,65075,33005,62386,26186,22816
40389,23738,23519,13199,2109,33290,32610,40733,20807,26975
19440,2514,48990,23005,33052,38293,15341,8852,27443,21573
11156,37304,3604,45360,26141,41848,10624,54335,49019,13896
35987,25245,25011,15828,45029,27164,26177,29944,10179,38233
15989,64804,6511,38341,23281,14745,31339,11135,52647,25190
28706,53434,39432,60565,26923,45542,61447,16027,7292,25364
39554,33282,60599,18145,37971,54450,39626,27687,40088,7206
65213,28063,62709,4515,18321,1345,27879,51597,6714,5650
3617,12054,57199,56736,23451,58184,38087,3978,33868,38440
22212,54624,297,63965,45030,47620,60734,20631,58520,60127
6759,12158,40620,25309,5013,12772,59480,59844,50,64885
21232,19353,47441,14414,8700,59332,57769,43681,17961,61094
10678,46000,56679,49727,58513,8996,31069,9499,60698,58780
21573,50675,11825,55050,40974,38853,33333,49405,21624,18386
9286,47049,44335,31313,1328,30392,34284,64843,44317,60547
24101,47114,24837,56771,50840,50093,3106,2481,22535,64444
47397,31950,24716,55676,33692,55197,6024,60560,34268,18024
45700,26681,49462,64883,14990,21448,451,5694,28467,44301
43670,37592,35620,46597,14538,58063,39220,32517,30954,16945
13452,25787,19973,10636,8343,35010,9615,63352,28478,7028
62119,17988,12172,39318,6496,12120,5913,7234,5049,56415
3309,24577,16695,11483,35282,37522,13172,2620,30015,38379
59609,11077,14032,9826,13040,18739,51094,2058,340,14431
22988,2575,13885,53751,28340,60964,10601,45767,47918,64843
53099,52815,35305,25006,46386,32065,20271,28203,28005,2428
6052,59593,55363,44839,50185,52711,59681,35821,61069,3341
8605,21557,22134,45169,21355,40661,57970,55863,15194,57721
29804,37693,44352,33783,30896,38413,3350,29436,53287,54951
20693,46519,28700,10930,59093,5719,37483,22935,49898,38276
60953,1540,18537,55934,43484,60594,40126,11258,22325,16360
24194,21885,42820,14758,23316,6167,27585,3745,55988,35135
59208,3398,13772,18179,50024,24437,38023,31653,33192,47999
20076,37722,19888,33334,36743,26322,58449,8680,30374,46303
38720,24561,47788,57104,279,24221,20881,11338,62941,36322
12836,28515,60410,34444,43539,51368,33202,53091,35698,23069
13918,20799,29519,54170,56761,57100,40807,17124,51108,53227
53545,50729,3788,61457,13256,20553,63230,42751,34104,20143
50940,50401,9707,19740,34364,12470,26492,56004,20658,49291
53908,56928,50371,59406,59971,46882,6368,63654,19556,7379
36788,36563,33064,60055,36676,12284,41651,21467,32943,17055
42691,31382,20193,48522,57532,30723,24225,51695,52606,21103
51842,32750,11943,45411,2070,63245,50510,31367,15790,63420
43015,57958,56982,14451,37774,5570,58705,60939,59249,13635
61001,56448,58941,3,57231,36869,35947,44272,41306,12948
42747,3755,57963,26921,3440,50948,19529,21500,45524,13070
41350,37942,37095,11730,20717,35064,54365,19955,2898,47874
25258,32299,27113,14761,39977,26701,59292,24182,21164,49632
27391,44632,21272,47288,1160,4501,42274,41342,26646,4946
49955,25499,43061,3467,46171,53126,57073,32218,38860,24609
5939,217,62609,53945,44411,27876,48263,47306,43954,55850
7015,34281,33290,53691,51776,56597,62330,45436,47551,58959
30889,31749,2861,40993,12091,17035,50205,19636,35501,9386
47812,11356,62687,35806,44062,31949,42680,52184,10606,1068
30457,7408,31785,65105,49441,21406,46009,11562,22497,39858
55308,49105,56853,41577,38031,55787,35894,11086,23805,34062
13148,4314,65290,32037,46455,5847,18226,25314,12516,31366
41818,15363,44734,38367,57409,18120,58473,41276,61221,29723
43746,40965,24927,35358,15026,7582,20481,16089,16337,44749
38552,11198,51312,53190,118,3381,32388,18923,19970,6914
34932,33305,45241,28691,39842,32557,2785,5602,41184,57421
46826,17964,23150,31036,30297,63964,15215,48876,62707,396
9586,25820,15057,920,42778,44729,52509,39979,35724,17591
61444,61010,53118,39183,53731,27179,10101,63498,25579,63271
27023,56494,52009,23392,34694,48035,29622,12593,14907,36195
2834,11052,34474,12738,33869,5944,31969,26310,23621,31230
591,35733,10031,10008,287,53249,39437,11700,7803,52225
48671,19979,53264,56168,32308,63138,33268,25129,51734,52919
43437,26850,28104,53852,60590,55475,63628,38009,33820,22110
53681,22049,1777,54940,44334,19128,19395,39250,25289,55294
15243,59144,25584,56665,48252,8279,57310,47247,3099,49984
40696,63379,49005,60978,42357,25989,46749,50340,3046,54853
25637,63675,17911,10526,39053,57097,15751,17743,30032,48237
33986,32930,9749,12338,11721,59097,22913,14249,34619,57317
31046,49773,27504,41108,5827,51948,11429,36707,37717,18486
33821,3658,4476,16443,22934,15426,54193,15361,14581,16355
48951,56514,23324,55410,62037,27551,30285,62365,56617,29327
5714,7219,62925,56768,8658,22922,42151,6734,38837,32175
30988,51671,59710,36794,32626,6621,8899,16785,19460,41343
28835,26829,6557,35221,65446,50996,40076,52200,4916,22846
35164,17376,49297,44652,35347,23355,40952,65443,14702,65378
28989,57802,47787,31363,31635,37983,47818,8752,52837,47829
4796,42430,22213,55587,4605,32511,17840,23231,61293,29501
49936,6439,11576,46171,8813,40895,29062,14488,23798,9848
46588,1021,9248,62239,56247,42694,36679,29484,57911,42015
57651,60688,58833,29842,48434,18358,14273,35530,39754,26696
46565,49261,36306,45819,2542,15952,32719,48334,9239,21566
17854,58713,39534,61732,53392,35451,24225,10568,45146,25802
29205,33318,21603,48641,23397,17073,5623,47876,1919,12337
59485,20003,47921,40148,25902,17982,10695,10538,28572,19967
21708,61154,13717,5879,11384,47628,35619,23700,59419,30921
52025,50720,17561,11937,41069,47299,48285,16513,28067,36106
50760,1528,2279,52137,10834,58924,60100,34872,38456,53657
11351,48195,52354,56641,630,61122,41496,50206,64432,20176
1857,48441,47049,53786,43893,16784,61593,10682,53933,26848
25203,49583,9989,36510,29450,60548,12021,10153,61060,59330
14110,61526,48979,37253,5198,64589,12134,51366,15690,25650
37894,46218,44125,11693,35472,60234,35616,2755,43419,13631
38674,25012,26847,29583,52401,7255,34821,17667,56859,50741
5121,16096,54225,47951,45003,57411,30395,37771,47898,35670
42711,12971,5898,32753,53068,55023,35713,16492,55767,44702
47449,25050,8908,35733,49629,45166,7166,63442,52990,40130
2935,23332,55513,1331,23050,6299,42728,20043,34436,1094
27518,19265,22756,33811,6094,5567,27977,31645,55568,62958
45195,32017,7530,40594,62078,55286,11200,36247,32350,32950
45240,15176,14360,1951,29885,53550,50507,46831,2816,31733
47856,7516,20919,50264,34467,51026,48105,30839,54021,47334
36924,9627,32319,28720,12505,32652,13458,19175,29736,52017
34742,45462,24655,54078,50518,27508,52857,49120,24607,30599
64470,51107,13592,18643,1106,132,19623,41099,23391,1258
39220,61092,20016,17739,609,33872,34869,33146,56879,45336
17899,25561,51365,59864,34459,41791,9387,55475,49160,27650
49807,32720,14077,19872,34919,47208,47750,17096,30341,64301
42705,33876,26119,22496,16216,3343,44518,25517,14747,62230
64401,25432,39991,53079,63109,50901,17032,56010,33021,27792
58049,60159,4193,53481,9382,10891,47627,36684,13009,41212
10964,51257,30550,9537,30295,45979,45525,19765,41528,24302
46616,44556,50746,52377,42068,47928,30709,27330,12377,60017
22610,22628,53151,44651,31646,24321,35530,538,9607,10481
59973,32739,60475,3092,65403,60355,46345,52728,52834,31467
62142,8457,33013,19498,27433,55351,47400,1491,18919,17580
53364,368,62270,7837,37587,53080,5720,14518,212,30841
18231,43041,42222,9424,34379,46248,3376,43048,1128,22178
52466,6687,48236,23028,27869,49508,52141,45559,55837,46246
5169,23194,23717,45146,46178,58563,15178,65492,64116,1704
9863,24576,51743,58066,16450,45494,71,6312,10777,2612
58027,13533,45821,27350,8180,40274,7646,62300,12792,12094
50168,760,2573,56696,31072,9910,55610,53213,22895,51981
15110,15192,30629,48437,51948,36162,44196,52100,24582,55268
3829,15535,42553,57105,31395,40809,29190,57557,58790,42758
33845,49516,7312,62531,16830,31667,50923,64211,48482,57654
54408,48732,32822,46959,15557,32094,60590,16540,16372,21894
50631,4906,7688,53842,33241,55529,27291,18837,22664,32909
16456,45620,33267,48049,33524,16124,42571,65233,27362,63772
10473,22855,52280,29930,36363,45165,45916,42659,59401,17186
15121,22628,49047,52005,2147,7484,6695,53633,4560,16912
20376,31482,7952,56285,45829,5834,53351,23500,24409,51906
12579,7332,32152,23880,65468,21497,44673,27675,20611,59338
7884,50763,44042,1757,20137,20671,1635,44230,6603,58271
54252,49890,58134,23295,30220,52063,43583,46555,51311,63459
2136,21235,62677,59293,24055,52480,56134,26214,54271,37889
44197,64498,56774,7424,18476,63211,14145,23214,27239,21042
10805,45085,33979,30600,12535,7959,41230,9871,60537,43656
26531,45172,33041,20437,54184,10097,28980,20225,46181,36385
34547,48915,43260,59966,51159,22633,52136,19384,46421,59121
50916,62853,18030,23216,23638,45534,38940,21083,29179,27802
63899,389,32712,53584,33868,10911,45078,61064,43336,50851
44989,31156,24820,3034,63476,48302,39357,35580,3754,58333
17424,61472,57750,56442,24621,44765,3097,12884,10351,64259
62362,36854,2836,15857,22602,14333,24395,38734,5589,46169
37014,23827,53432,60895,7298,26809,29748,5958,7751,3736
34365,46323,8993,25349,26627,35418,11463,14897,61088,17313
2585,698,50083,8283,20491,31475,27309,5619,47273,51065
53924,60796,17424,38859,27747,5283,17342,51905,5546,696
63710,22129,14493,62663,61011,37763,1385,31323,12012,18879
51390,1770,37549,896,16796,3426,27534,57438,64694,54507
21794,50032,21335,5709,60359,24023,34316,61956,45898,14622
441,10211,34499,27364,51458,22171,18472,5579,1292,12531
11638,25295,14276,58215,37464,25671,24142,467,65381,57080
5551,8748,41994,49841,14735,9593,26510,17795,296,30403
59704,51587,53027,6558,61838,15401,38390,28514,57825,29314
6742,32741,53580,30633,3305,39179,28388,38148,27252,58923
42396,4800,19040,55346,51895,45598,14501,4251,19300,61097
28802,50056,21734,46282,43371,30727,20563,65104,42389,56797
38486,25277,645,59740,24765,19242,17250,53913,3981,22784
28961,21500,47901,42461,47215,29788,50842,28708,27238,40890
65378,16418,30992,60562,7998,17034,38226,2650,56462,20882
63562,60922,65127,49883,8978,59943,20108,15706,32398,24929
5650,65006,15180,60614,53070,39671,11705,21401,47789,31789
31208,25723,33590,10183,50067,45569,5397,12466,26582,26778
6305,46701,51440,2268,45429,30955,58108,21691,60592,14758
60954,48028,16781,53936,60541,49996,40540,51559,54041,16167
26881,49165,53005,52190,32500,46697,45342,27470,64276,48948
54298,24524,8648,35849,5333,9605,2425,62006,7194,15115
3792,2422,35920,59946,14999,61471,39533,6165,51781,58124
22841,46387,41903,58843,17301,4199,33158,40879,13361,24493
17063,2216,52748,43802,37776,41222,50249,7871,9622,7964
10402,52212,1836,54559,8686,32001,19725,16472,55710,51483
59756,14006,57354,4902,49024,58813,59278,24043,15187,1861
40323,9364,37017,17864,33929,16416,30733,57857,22018,202
17969,36860,29453,44813,46151,17541,57107,35544,54940,30789
32942,29125,31912,47688,12238,26968,65254,54075,35374,58914
65049,36564,35592,45932,41697,20654,59698,7919,51631,2344
40894,38422,54199,63874,50993,13635,46261,5366,60658,65012
13740,21650,64846,18139,6507,53051,26023,20879,44137,63020
22180,5454,17380,39103,63981,1885,24588,39954,36849,7937
36728,4640,62699,36723,50650,34781,3331,60674,2865,51506
53586,33974,59184,28899,49889,4529,7081,20481,64095,8890
61413,10083,24688,22461,2673,21256,8099,6812,12246,19430
64794,42494,33817,20517,25477,35992,28913,24097,10873,59972
35107,14180,15523,39316,47080,39484,60191,35210,13364,52148
15994,9589,9046,58312,911,63630,64176,45046,23635,20284
45100,49313,2875,10919,16845,31195,48475,15769,35781,51066
44503,46298,47869,5906,27731,29888,17048,38750,65494,31663
42825,49246,22091,48186,58352,14314,56448,39688,48651,7672
62116,21257,30537,51036,43778,28939,58212,9625,30317,12625
48138,14006,49909,5162,52400,4849,59441,64284,17219,37607
51076,56138,45146,829,16457,41162,19973,21944,6293,50281
25467,32646,48772,55884,31145,49899,48273,3515,23210,33030
34434,52266,3774,62527,18276,15459,54852,3535,17260,50052
20937,59954,12468,61072,31982,47649,33106,1149,34178,63595
2166,48837,419,51282,23039,51812,24657,38005,16456,34925
52136,53497,34732,4490,65187,26421,39801,37389,28259,45094
33573,56815,19727,49091,64179,57682,34211,64091,719,53897
18315,37589,9236,29806,27548,1135,36258,46124,45454,37948
34063,44906,54310,28937,50072,58626,52616,3905,15632,4458
47957,11643,59350,56280,24648,65319,41849,25719,57948,14262
3011,59341,33762,60492,59220,56665,32422,41419,65520,49164
35738,38157,56395,3382,9876,59148,57510,29307,49535,51117
56731,17927,21044,40156,55164,35528,16394,65193,53745,32052
7717,61507,4119,53620,24741,50210,44495,5310,52283,24144
17916,19310,44839,34590,2454,19843,54069,44792,30654,36289
3375,60364,54773,61711,4597,2128,32443,56213,44232,57606
5581,27524,61729,30083,64642,33784,15985,45847,30538,12066
12346,34174,2338,45220,51243,30716,50574,41016,46429,17279
63959,49485,50913,25599,16801,61740,14411,61700,58831,25986
50579,3882,60248,38243,63857,13241,26613,43383,6702,32184
1382,6426,9376,52636,937,17555,22796,14045,42988,15867
61798,2998,41714,49001,1322,42154,45454,14074,62072,958
37594,28709,52623,35920,47695,2956,41608,26760,17479,3842
7379,58529,39061,9181,40450,37056,53011,61215,58871,5772
12922,51792,60606,1785,33385,34599,24181,14579,9107,4138
27878,8061,50000,56647,54351,18613,57348,13359,13277,49560
43179,44646,1740,53039,41608,64374,13342,49412,18859,11408
25040,18917,45265,32830,21152,16043,47957,57533,24582,63214
30943,56648,49903,19211,184,14371,3369,12731,39528,30274
32136,26617,44871,65344,16502,59087,60847,9651,9440,33528
52764,10651,64510,52436,33862,32076,50301,10751,46733,12722
45,42602,3961,23213,501,58208,16870,48716,48622,42623
50824,6497,19751,46237,61044,43465,42367,61894,43693,4041
53482,36109,52103,50644,4565,57192,11055,8607,30746,61721
36589,60826,50746,43099,53717,3164,19,45738,6392,58496
30005,23690,20521,60938,8953,51372,19701,51882,10642,12859
52230,30505,19760,15762,59002,21792,49909,8416,8840,1067
1869,53499,10105,28398,62719,44326,57499,42167,21627,26960
43084,7939,21851,22533,50562,40725,29163,32104,5584,59804
37061,22799,17755,33762,34870,48978,58896,41064,49710,47719
14575,26959,17646,32672,35341,28231,52876,56719,26446,15734
39102,63882,1207,17647,35661,53500,26883,42443,44175,14177
49838,45916,26502,4524,21662,35443,679,52875,52166,1341
43991,5692,14104,35541,21788,10360,2611,3993,40180,1343
65360,43613,42777,62566,12463,8896,26986,50484,9588,61585
48833,62447,34851,19397,50265,26593,7424,52166,42980,21126
53816,23512,49825,10765,22687,35411,45688,18465,23914,58739
37022,11378,21640,50770,45168,43590,19179,21015,38280,9682
42288,46855,41774,55045,48444,59393,45978,59944,2383,241
4839,11870,863,53314,31097,2139,4756,7057,5530,22174
37540,53186,54741,43444,48630,38263,26892,4581,33496,59810
49228,65168,54344,7274,40048,50232,45358,65157,2604,7552
32659,1239,33500,44859,29440,5956,1713,46868,17013,20094
57043,40251,63415,4873,51129,19363,64182,46919,9616,25526
25340,31097,33224,52081,43629,3527,11389,5532,829,3472
54155,57124,32662,16010,61324,15404,63019,18822,37869,1140
52628,2822,39068,27601,9490,18891,37749,25222,18443,49588
57739,16431,47368,40455,43037,35742,55848,8458,2373,30623
8742,58206,62022,47239,26023,17704,56961,29280,10584,16118
18893,19427,8836,33448,63715,14698,60007,9815,3263,50356
20228,52019,25243,53362,61231,13901,14097,33154,21474,44514
44868,49968,60480,5941,8512,23257,1109,27314,50445,56156
41402,47425,98,40975,47609,34276,36300,58262,33695,15978
783,27621,26201,47273,17255,57300,35333,11611,52727,1011
51706,53370,38311,20484,60451,31037,27806,10501,46230,53292
59702,54792,7199,18395,23327,23981,36516,58365,7811,52237
25306,2611,30304,11063,60097,6479,31569,25057,57774,36462
24510,54809,10117,1419,7870,30533,33570,34045,18793,59609
58397,18862,61701,56987,16723,62632,874,58447,58082,48181
48725,20645,43456,48800,58623,6553,10093,58204,59290,25767
23784,57979,15986,46885,3010,35836,14895,25387,28885,4433
49436,1083,64454,122,18328,61268,8132,25867,64890,17228
34853,46178,31501,39434,51124,43660,12040,30630,17144,6924
44481,12045,13161,8653,60981,17410,29416,46386,15692,43933
59944,20746,22602,56910,56363,56733,24250,23072,53717,13683
25850,1157,18305,1455,18440,33863,53235,16006,2616,16775
36502,24211,39644,12956,63476,39188,10481,49353,8457,44593
52182,7188,49486,51280,5949,8376,61872,887,11900,6648
56745,19076,23039,44181,29641,12835,71,54732,3721,13131
13083,13493,30417,9319,61660,9301,65445,47099,54119,31586
60379,31645,59950,7031,59975,55723,48821,20153,2884,12909
16332,3053,56346,20825,22331,27385,62452,3506,19859,46657
10595,39720,29859,44310,13148,50601,48092,20316,46759,42727
27448,29941,55367,47187,54319,44008,58993,16912,30506,2862
28681,57261,45010,33374,55411,2237,5520,12294,52505,55753
42448,49162,25273,47517,18402,9475,5575,1662,48652,32364
39584,2334,55248,13021,25579,35698,54038,63776,33094,43683
60744,25578,58647,32254,50498,25957,7402,15819,60773,13887
2102,29244,35590,51953,41766,49147,7232,11564,30241,43247
3302,35459,18476,25124,25782,14828,23137,41551,19479,6022
50057,59450,33369,13164,15887,64728,6525,22107,50988,3933
41639,48965,40845,56772,21145,56475,58629,1139,31965,1585
37261,40656,18703,35897,51731,48525,42640,22363,554,26139
30055,17806,39312,13272,41131,20580,61017,29659,8786,41888
1072,2463,63272,27867,57796,32950,59547,26871,42640,41891
3435,64314,17709,38493,4289,60278,58029,1531,36391,65472
42848,16613,25779,9174,59549,55768,12212,25923,10802,54703
57303,19306,9315,57801,21985,5066,41797,41508,9349,46876
55054,18145,48983,28097,15641,6151,51161,27229,429,8108
22634,27767,57498,1521,11189,52019,27788,63295,22654,43048
5064,9759,5688,3060,48668,161,60213,39599,58374,41274
42829,60863,26305,5318,38390,23584,23236,61850,16344,32892
45365,20546,26550,33263,21264,37786,60075,52726,46613,38667
54856,51066,11520,11178,15793,14072,54840,59410,49835,16112
4277,29771,2517,3872,3587,43096,31256,61945,47627,26531
33491,3092,38460,32034,52459,7816,41223,12997,26083,50940
57408,40346,61894,36875,32664,15061,7098,42336,48719,5415
59145,35499,11406,15352,39289,3363,45602,14791,53340,12201
53957,45956,44507,52078,4567,18804,7565,29722,51447,17513
52353,39313,38982,18687,32560,55585,61496,21293,3039,17585
43313,48287,7684,32435,29730,48145,19718,53343,4086,12735
37538,32509,65380,40076,7672,45417,25893,64876,47922,32143
10018,39580,30265,54527,26091,56118,7297,24558,13510,16348
41132,51063,39495,10154,44580,20034,45975,57815,41783,50285
59820,28939,18021,48189,54619,53706,23775,55246,25706,2454
37857,25483,16000,39128,4656,31943,55142,49515,19176,24604
63880,19475,20984,60353,31943,51404,7270,35296,25364,2573
8499,22657,43437,35985,25324,32193,28190,44369,7845,5682
18797,46427,61321,62232,49282,49332,56723,17352,43070,47977
53235,39679,24277,460,10873,56989,42102,4585,55901,18359
36481,25266,42551,32026,30171,25294,46090,57736,53028,46511
62565,54894,54861,31161,47132,52797,60409,52900,61800,11772
38115,7119,43326,56196,7226,36191,62404,33171,42235,8818
34354,60714,23249,63973,19275,12149,59678,8016,59377,10208
34400,33046,22931,52970,38669,23262,43278,28490,17526,58628
19148,41752,61636,49489,41832,20432,37764,28413,334,7466
968,45241,10734,9817,59971,4791,6101,36606,37282,54594
24758,50669,31835,27175,6999,42310,44361,52967,30505,25390
54315,59447,43819,33207,59710,48374,13725,20584,50753,26818
51373,33828,35166,8630,7131,45387,137,25393,25402,64021
27505,55205,27093,30347,9575,57654,13315,55864,25918,50843
63084,12977,9554,24769,47432,6712,48901,44822,61106,54959
26308,10496,65090,7423,56868,59931,56969,50910,14007,37137
28666,13103,5733,61059,53901,3881,40126,51361,45844,8235
25458,38060,7161,55787,4630,23175,29989,31479,19387,20499
22820,52334,14598,61683,50532,20175,5323,1160,51213,35412
28706,20655,42795,60687,4799,56497,2436,1772,3708,19134
56318,43703,10771,22819,24237,41882,16339,54327,41768,12108
59982,39311,42505,64882,15121,19226,9208,15473,52482,13561
49008,42266,37909,27923,5440,38740,39494,11818,60452,6062
57682,53406,62338,58868,48183,20949,45251,17882,6754,12250
27534,35079,10188,49150,43386,47359,64343,23980,2319,20578
61418,14515,64600,8298,15854,30232,10463,64561,37158,30192
43913,62051,44673,56,179,44212,30894,5591,45783,58635
5530,18786,5699,59729,3905,14993,45163,11980,13371,10225
28910,5118,34325,39646,62689,23979,5840,5805,51172,35561
65180,24245,63809,21365,31424,47107,15636,42043,3902,59076
37246,7130,21274,9155,43126,32492,1679,12319,31066,28000
13203,23693,49542,4419,39935,41307,23348,10733,56192,28870
55378,41193,36814,4561,9860,36054,64688,24256,20807,48058
14581,655,53986,19058,2403,1194,54736,27278,32861,50767
30368,46578,55410,1704,18811,65175,22775,16300,45251,57881
42986,4512,33823,55705,21417,5332,64903,35802,51282,10795
47898,55520,6862,47007,59769,65322,26330,58386,50408,5887
18076,9116,32912,475,42678,18486,9831,60819,27206,19361
51895,577,3460,31269,39612,58602,22332,14286,17058,60071
31703,54027,28665,36907,38183,1635,1419,45623,26468,59731
27299,39176,662,27464,20658,37076,45961,56030,16602,59783
10892,16102,38193,52159,34586,5336,46558,50495,55626,34382
31571,1569,58509,13509,7627,35694,18347,58657,24078,53048
14284,47194,12365,24996,15642,55110,6065,61633,20358,46393
14376,52895,4471,28315,61709,22257,11793,37348,38432,16239
10005,56744,9905,53935,53071,5749,22530,36933,20823,1609
41427,43180,21188,20251,57890,64785,10603,33549,15060,62299
57924,38038,45838,17064,56520,57935,10799,15815,40921,60057
15607,49783,6777,46542,17735,64134,3073,10095,22426,54514
34384,42968,9268,57886,7826,14581,1673,31204,5820,63580
27860,57716,32397,54600,10184,35299,12809,25361,34479,8825
61444,7592,62319,13430,30806,57706,44453,4448,49719,34558
13304,64406,48860,167,18582,5257,41885,9656,18270,34317
28385,22123,9482,35941,41645,41593,833,26726,46081,22712
34079,43636,38111,63719,25998,744,2657,31315,45812,27762
64161,42132,9883,33026,11454,14414,34066,63551,2352,3073
15960,26539,63949,64754,30295,57472,51555,62022,50869,21529
18081,62686,24807,57929,24244,4442,56852,2762,39112,35453
42325,41989,56470,22670,53391,38519,51796,4547,13917,8918
10321,31539,26727,8199,317,53897,1821,57758,20887,39475
18492,45390,47716,63430,61993,29021,25328,9775,59807,25526
37931,49310,51324,64687,13156,35427,42399,63793,43555,21093
42956,54671,38250,26562,33786,12037,57777,30853,22411,2184
48519,62186,42709,41788,9072,53237,35006,49999,4167,52559
45458,12840,26948,12940,33813,52894,18917,24817,13156,55396
51774,4588,48808,7601,49255,10845,15402,17100,46170,24590
21992,46656,43033,37458,59053,18197,50813,51348,52288,3580
16807,15557,39023,24144,56037,21170,29221,63603,7292,2644
57520,10158,19505,42409,26434,19275,34426,63641,4345,27306
13146,57083,32964,62425,21574,24254,19580,63808,41398,25510
60575,27396,14508,20607,36867,60565,436,45532,26207,49094
51292,23541,46712,12780,44359,8064,6200,17057,38618,60215
15853,9553,22194,11217,46352,60016,21304,64172,45400,30212
62082,4876,52778,6922,53526,27755,30999,48493,6455,62215
4747,21853,17359,14794,35309,5696,29886,1915,39492,2546
36093,64452,18766,61525,40585,31390,52659,63114,47551,30923
19045,58699,49718,14529,61456,58659,64559,31952,362,2325
46924,46421,28447,36045,10061,26622,47071,703,21869,12736
12751,24874,34481,8534,10335,44398,24230,11031,37018,35152
60257,29590,36477,13898,48876,60301,1037,3435,61769,18027
46016,34932,7372,6016,51561,56915,12636,35040,46313,57844
57551,24528,62743,49430,33735,31085,4879,6826,41040,60187
27244,19691,14063,64079,17110,63279,53993,30822,31017,57318
17359,27069,5638,57592,3012,27650,52367,7420,19821,6551
35215,36925,6778,28648,20755,64932,29923,46080,37624,50897
12525,1152,29027,55820,8500,30915,48268,3279,61791,34193
54716,54559,21372,14156,20248,45058,55888,19020,21820,8903
52978,34503,41195,58593,37683,20220,14828,14182,21089,42037
22110,65189,43975,28325,63033,19265,54999,37014,19608,33349
32583,55562,57458,58813,50839,54672,58084,34525,54951,43537
3613,26292,61708,2168,63998,20133,55768,26022,36258,18093
43050,56983,62195,25815,53065,47289,22473,40510,32388,32471
43557,58172,52806,6353,55438,45323,27789,32747,42392,9530
11697,13705,37524,61071,45,57457,13348,56408,56844,57913
49277,9329,35710,24443,47991,28139,32507,63595,3735,2672
43948,18704,14004,19153,29374,24317,8885,34924,12992,34253
56138,42474,19839,51446,58177,4925,43962,24509,17225,36577
3501,55609,3244,54343,43981,13945,40079,24251,19338,48870
42623,61408,7581,9549,64349,52771,26445,17028,53581,46918
23002,2663,27246,34518,56730,25397,52593,65019,41275,55165
20490,62913,3495,7037,34049,26680,53562,2476,41171,38849
26886,41793,62574,43612,14752,51054,37044,19473,59726,30041
26965,54979,52345,7291,21652,39347,21162,23451,15822,37907
39061,31560,10793,27334,28120,55164,39546,6120,22316,18235
52788,37261,48102,3052,48799,51046,52171,45696,3777,64635
63653,61828,27152,62974,64088,60433,15626,4599,50990,14612
24716,57553,4624,2973,51931,45695,15587,40107,36366,35480
649,60802,57577,43383,58430,25082,53603,6499,52426,41056
32312,7521,42023,61094,35701,5450,12507,34486,30932,62219
16951,16204,32371,11734,37695,52284,14619,28058,1090,36128
10186,31291,54933,28343,55482,39923,31895,35816,37393,51970
12487,10041,43019,19700,27807,1619,3893,40280,59825,24422
20723,50325,28514,46183,2617,18709,45672,10479,37639,54124
24400,40241,61005,24906,54012,19642,30125,33017,55519,29044
40712,40645,38554,45151,57885,53739,23577,39931,53284,5133
53078,37265,11402,57625,11500,20108,12584,62792,39241,4704
62789,37377,62164,44280,10834,52582,59022,64842,29969,38052
42613,62240,11053,10855,64642,36757,20723,43347,22891,23480
14916,32267,28727,52668,2177,2655,45002,36119,20474,62835
27743,47830,60336,60521,26581,35688,14664,47240,2144,55549
51980,50922,44741,30139,58277,6177,24229,16715,29262,48169
60482,34487,52015,61652,58339,22608,18988,51869,57853,33890
27480,32447,5002,53255,39912,22729,1882,49124,45604,2264
40512,5628,43797,19577,65412,25780,21472,15455,58258,42316
38582,23216,16398,28711,47639,38451,4022,43796,47663,16594
51295,29121,6532,63591,35202,31103,28431,2720,48306,4721
30191,57686,28897,58794,28407,13562,39191,40757,64054,46539
45921,60808,51785,58258,43699,39783,61266,3,1143,59489
46307,15559,45298,57713,22706,49157,49674,38239,54104,37322
48431,2984,3689,28147,31081,1446,37455,63002,40325,61303
57227,36229,36272,34277,4338,7800,3412,3937,13465,49144
21924,81,36816,30290,25307,758,44096,11618,35210,6984
60855,50924,35763,43293,24244,62777,7573,55806,19066,51095
40223,15763,21614,44542,35735,16529,48737,40610,44987,43255
45735,34488,49141,13187,30013,49949,57997,10036,55669,60934
55111,47100,7389,38011,16247,13079,31833,41651,23759,4434
62348,18908,38323,58079,7987,34625,17300,64027,48789,388
47515,43981,59809,4574,11979,48586,50933,23588,58034,13162
40682,36272,10435,50445,57833,56812,8503,27748,60547,757
53302,8679,6880,3334,13202,9008,14526,46819,59216,3095
1166,65061,52808,9712,32891,20421,9798,36554,57206,44562
25278,30982,8138,64370,1978,50144,57792,16314,35142,5246
27102,25797,19734,27489,3766,48643,59500,14783,14177,56640
46220,55442,33399,41748,2238,38578,48528,5125,60505,14924
60949,55362,39560,60074,24768,62635,1868,48613,15262,13738
46810,48409,6540,13413,50731,37786,20178,49961,4726,58331
16338,51983,5091,60196,62261,2683,22031,39180,55734,10583
8623,35278,58005,63492,29705,34307,59754,61864,59883,22554
39162,26631,4954,33828,36567,30262,30392,16323,26026,56105
20147,53707,6226,39612,43350,8270,38575,50587,45485,57366
51900,44209,34323,45453,852,62378,44765,42456,15866,55027
50708,18803,22784,28894,16719,29040,18701,4029,37251,52926
62132,17910,39059,34574,51950,6820,38843,64551,18785,44025
25916,53498,49199,61577,3738,13520,45346,15060,62045,54719
50325,54929,53111,15673,62372,61385,12804,41326,45089,37597
62753,32468,36101,32421,47665,24923,48388,51482,40122,33832
13685,47606,47698,18429,42390,36245,19567,9370,4653,64338
53528,30189,34484,57774,839,62187,41118,38194,19285,36227
51059,1349,54984,47778,9341,35985,55638,30714,65180,11104
28512,2182,20691,14664,38539,58005,35327,46263,62497,40586
34235,22665,19419,9700,39646,12661,22741,38167,38367,61319
45666,34540,21115,42346,52543,12299,15483,44723,2103,24062
58626,64641,48392,25584,38216,34480,42947,5340,25113,18054
27231,4176,34293,23301,7981,47318,14622,48225,39633,8568
9478,58384,38820,63392,57746,52168,32565,6991,35060,31076
52020,45668,1549,39131,14426,13640,32855,17847,53028,24743
37308,28165,37563,64364,62350,32447,49007,53757,44363,19770
28637,37001,51453,21119,127,7094,21482,34215,64834,39308
16027,61880,23304,62898,43871,60327,8879,14179,43155,13610
37424,42583,19283,45229,26070,20134,19472,41039,29634,56338
9075,29032,1998,7942,27219,34616,14870,37603,9873,33833
56431,17961,42802,63981,29241,11739,41392,49773,37127,42843
19767,11620,54610,47117,37319,9329,11594,12001,23453,8388
41671,16945,26129,12136,31477,12298,61702,62678,57305,15297
3387,40735,8685,25414,9567,22360,14900,63457,11951,24898
30959,18724,32752,58980,24682,14515,29271,21123,54007,43592
1929,15297,4467,32916,9851,19977,58830,13862,33386,44519
57175,40420,56619,21746,61425,7187,41984,503,62484,50728
47304,3287,27890,2190,51446,56138,53006,52121,12260,51765
21377,8543,44208,23142,27563,31703,57344,14465,50076,64100
7901,1672,14743,32648,34979,362,25680,13085,25038,23649
8276,54791,33737,61879,57716,26144,63003,55547,50357,37132
48072,34495,22241,35935,47841,964,62238,58809,50926,50559
7688,10810,3866,24218,62694,1033,53433,1231,57295,30440
60615,64529,6852,36883,28293,61396,56682,62952,62886,22311
44507,13715,52154,34862,55706,43231,47114,55782,47633,16093
56763,57152,25835,24410,46576,36035,11761,9748,52622,60850
23718,33970,22763,51585,18221,33070,21282,57107,19730,40663
13466,48479,8566,27626,20301,36405,44168,25499,2867,61226
7748,17776,32744,9637,1016,46033,65501,58922,4641,7284
23624,53078,52277,13573,31805,63548,40925,56120,54814,28953
17964,7491,42515,42254,62317,29509,42170,56469,64364,43166
4661,8296,10517,37872,7791,58590,24968,22786,46267,28635
25948,65093,11056,984,38653,3129,60223,65531,48155,55024
32500,9434,15441,59562,64869,45221,36072,9812,1697,4232
64098,22129,12007,16005,30183,1546,27550,45212,39815,30849
19044,60693,9489,305,47776,11428,6941,60045,9906,42032
27078,14613,33315,6744,46911,9699,36909,30610,49386,49515
8780,42195,47504,22486,59522,25280,47882,50732,4619,49670
44554,58502,18513,9759,28393,39054,1056,29022,61706,1717
25454,45743,31429,1938,48253,47750,41522,38237,39701,11095
14979,61450,7170,1272,40704,39447,4900,7760,27851,7164
21177,33824,34097,770,35542,46128,41352,20958,34808,50236
54672,29468,8581,10788,1914,56980,26405,10773,51491,63243
36434,20835,51180,34548,54628,58886,31041,26826,16770,40338
60576,63714,2226,12077,49004,43773,54618,23471,60030,41837
33250,46148,14209,48221,9634,62232,63968,40994,23983,31455
26063,54679,17285,37033,14218,3325,8207,50389,33319,59075
24330,12256,53072,64581,39926,34453,41219,37164,22574,3580
33942,4016,30510,29383,55583,24965,29993,25407,33240,8562
3942,29723,41097,49724,21465,26347,49625,59206,54059,39416
551,49314,65362,53615,42286,35673,54883,9180,47465,23314
64718,54297,39833,27949,31006,63148,2782,1506,11773,54409
598,18950,25243,13125,64751,1272,14443,61381,47419,55374
41352,45213,13055,60819,41828,54567,11124,22244,55749,20438
24276,43570,15119,45096,61236,30002,14865,22300,14866,720
4045,13575,34786,10356,16617,29206,2539,9615,28697,35986
69,64584,31789,8342,26697,64984,63213,50773,26434,36383
65133,10711,25375,52929,37162,57742,26799,36097,3839,64242
1420,44566,13120,29118,16803,20761,50425,29796,5804,10162
51447,40091,28291,39301,40732,9518,64203,47278,58357,55551
21025,49637,51293,38512,47204,62463,31099,26127,3769,2922
11895,24309,25552,34533,2548,62876,2670,26736,14915,47140
24280,29167,20633,20228,43039,30634,10260,36407,62105,39296
39725,22461,56437,38140,38509,63908,37529,50176,45307,33313
23846,21392,20288,55614,37811,10741,47122,20808,29417,22996
40782,46744,19969,6856,2153,58106,36615,5950,22003,19439
31684,39316,7671,50552,905,9421,64686,28711,9605,22326
56550,4174,12894,23485,4123,55005,13583,56513,27581,45045
2979,9475,5827,14360,32736,55571,57220,27750,63211,15799
57804,33125,9093,17423,57749,3083,22696,25943,7360,20147
62624,49960,27625,19761,2856,14762,14051,35001,25160,31927
37449,40705,2921,10393,23017,31259,58788,20717,39494,8212
15495,39495,57429,50168,25256,44387,5094,45720,34777,5193
21192,18684,12151,38348,45578,18491,15279,403,48009,60195
30407,2299,12433,19955,61476,20620,39799,44687,51466,41303
26776,61119,32042,17793,36451,29359,38380,31887,32629,64475
20124,22136,34587,23477,5403,5633,57417,28004,52418,3867
15554,63118,7156,2235,26504,15377,50727,15753,39020,36109
55705,17919,33878,35543,32738,52190,17940,1736,45793,14985
61195,1904,7455,12226,712,23423,23544,39511,63160,30928
44029,22098,44625,63387,47533,46224,61666,36160,21307,42463
10955,41985,10392,19421,61046,40874,63428,27790,38617,23391
55446,60444,35488,11648,12530,20143,22565,28199,62113,208
23826,11384,40472,25623,8595,15392,36670,34847,14183,21972
991,37215,13142,35932,12205,25878,21860,5265,8068,54725
35953,52141,10164,54779,25142,56607,48779,54324,7444,28046
40558,15180,21246,26509,2245,43806,6433,28007,24484,21441
5522,14199,26963,19674,22633,31,46522,56135,37212,19454
2877,16551,37530,52612,60646,33109,301,55335,53601,49803
28688,30654,36521,31043,52094,42787,54579,12657,20232,31363
33125,36721,35412,34088,22977,33952,14338,65034,34479,26174
51057,1886,44058,46386,28984,56525,34803,52816,1825,59366
62200,32295,6256,3739,43711,12085,26682,46588,53942,9547
23146,6663,37904,4747,37911,44331,59894,11444,36938,19034
47151,30796,24059,35041,38034,22477,19508,14443,28246,12220
58588,11139,4531,28468,36541,10432,48740,18023,43462,6569
62843,26806,4097,61780,51319,49662,33130,29926,49045,54697
1994,30210,44030,33476,16526,29446,49418,11806,58509,36740
65091,25926,13898,17951,63533,49444,42115,36391,19786,32591
16965,45392,47671,29084,57748,44548,60736,22091,57130,9707
55881,63322,351,63573,56103,12507,52682,1376,52528,49182
42562,22874,2733,56431,60817,29998,56764,33445,50908,34270
16436,64023,21310,34159,47948,18888,36686,25052,13565,56899
6274,62357,2518,17473,29968,26052,28754,26720,19871,18175
39288,11369,8054,26344,38727,64177,13191,45688,52498,1583
10343,19346,21890,15757,5718,21259,46830,24645,24881,31208
54855,55567,60621,61772,34803,12972,17637,38309,12196,17403
12085,65418,29256,38622,39536,40735,53795,51132,27611,4679
40898,336,53999,34717,27253,60477,33660,57630,21495,63822
60859,11442,47650,33554,2742,59100,40181,44545,2879,32973
1327,53623,30494,38335,9758,32948,53410,19722,49475,47952
25680,24447,4601,37504,20751,40859,18441,2359,15199,35076
44102,30824,34298,28291,26138,41104,7136,50883,42103,41381
24572,52688,23417,21896,24719,30167,35001,4760,50547,60911
1844,18190,43763,23304,45075,48230,51465,26937,5742,27963
48393,34234,17852,40462,10025,48445,6614,17905,31300,34303
14371,33969,13291,5027,33147,4742,32967,41404,46739,25756
47142,48246,10325,6077,64996,56372,18039,10643,5779,37992
35468,11234,5358,19706,58055,49858,13081,52440,33574,43607
50446,55822,20386,29670,8413,21064,561,16225,37645,42749
39321,5495,20419,48337,891,58617,55403,56519,41848,8825
41272,41416,25914,62384,9483,6361,18919,55871,26570,35060
47923,11848,49471,942,2644,52,60481,34474,18556,1782
3032,10665,18573,4399,55931,8972,32785,27472,49250,20295
22700,21669,26416,41174,4865,54716,44563,15624,37082,14321
14527,48767,39694,7902,34323,20095,54540,45944,14830,50531
45851,14279,64514,47363,15084,53074,48032,7227,1867,25237
20656,6151,31120,3621,38829,30283,4522,63767,24910,13246
24673,60974,42356,6406,55360,12643,44115,24676,19551,37497
54174,64786,11866,53096,62751,57124,25579,18418,44988,8455
28057,13563,37606,18755,49875,37577,31666,8424,59485,45462
55547,2745,17852,60366,11145,37726,6229,62772,25155,19068
61180,5004,46008,43937,34920,27049,5286,9043,4458,25271
46314,25279,44633,64900,30717,35467,51613,26066,34890,51256
54652,55370,43349,10480,39832,62531,29863,42981,35947,64917
22728,1599,2627,43848,37617,44346,42400,56522,47365,9130
37476,21654,38925,14984,13735,21274,11489,62787,43467,33896
2350,17199,56329,27457,58580,23996,56415,65363,62718,13112
18130,1135,13856,36293,26544,18650,54080,25692,45763,57005
33027,7885,37647,9919,37119,10586,56672,32797,56493,40683
26211,57688,55386,49607,25162,6243,55182,29592,30704,3008
33283,20073,40425,21057,25578,30655,12977,31441,41757,23347
10622,37890,64860,46765,58735,33564,51178,59712,51611,26273
54070,44117,55985,45829,51037,31237,62901,22289,62967,40759
60548,46404,8510,38632,27941,19847,53989,28662,49,23309
22666,47084,12713,19583,54679,21967,25994,7288,11515,63566
61091,37161,22798,61134,61452,18605,13476,9406,49679,39665
18105,46888,38386,7243,24456,46538,41669,14137,8849,55445
32659,21974,8654,45131,27542,50539,38909,49578,53741,27476
48152,27056,8672,22211,23188,43772,2234,33268,27947,30505
27991,15592,12429,35031,48442,44290,35606,52331,5507,21965
53458,44690,32440,18313,55624,32906,49265,18531,41856,1617
22261,59049,507,54724,11329,19661,2848,927,5469,3436
15655,34712,33319,15077,9064,28304,56483,54562,39218,12778
63416,16138,40818,61128,24267,13724,56656,19156,24136,19671
37131,27862,42729,47718,43850,23412,41591,51489,20148,28434
16279,57339,33901,54303,6845,41984,2789,43937,37073,36792
21513,8534,8727,51461,24393,51448,7340,41251,7623,19497
61721,23307,31133,53722,37462,18143,63358,13454,5400,63189
22103,33056,30271,46405,44704,53719,55309,8308,13072,52846
2827,31960,7929,34269,13874,20556,53584,61782,3636,1788
265,40400,7585,32039,49168,10611,50816,3449,45420,29407
11020,11613,57149,34348,54439,51484,52346,27726,23292,12605
30930,34103,25092,46179,49242,11457,5718,23730,2823,15424
11941,23731,3494,40626,1786,27685,33818,64003,1960,42560
29738,57319,44696,59684,49331,5771,18720,2102,31772,50983
53248,34793,51038,28235,25871,56394,35268,13502,56428,33653
10940,54742,27371,39061,25959,30840,54313,9115,38393,3889
63246,64425,30924,2041,11175,15544,53632,36066,28615,29642
37816,54258,28924,54391,41307,21658,2443,23377,20565,26882
33596,8824,6029,13165,65168,60391,13274,28395,42262,37139
59576,26309,37807,27789,39145,920,59271,47009,28323,47878
58302,43394,29632,48577,56961,17682,52196,26232,12239,48972
23903,61569,30548,6434,24462,34554,43627,63718,3299,53504
27004,64541,58191,55481,27917,56288,54931,65171,59622,52634
13753,5582,62106,54819,33507,64530,59319,43096,28029,35263
3869,17786,49600,13032,49247,15693,38938,26883,19111,47117
24782,14535,45498,50173,26421,11293,4467,17229,45348,51561
34640,5148,13049,41516,49107,62792,32794,55629,29945,32275
7875,22069,11474,12478,50895,13445,9226,44284,36510,57550
15097,23573,6944,8428,2834,9791,6104,4592,37403,12778
52246,53834,14537,24387,5334,12032,43208,7785,13778,27883
4092,38398,53455,47605,18008,1096,34060,43636,5585,36340
37042,46890,61761,46395,56776,59796,47626,17740,25805,41953
38483,36420,56377,54510,17808,4828,62539,59217,45018,25806
44934,2364,45928,27939,31225,23340,142,39523,1224,22774
37365,26612,22892,17932,49551,48801,12207,58788,18736,12477
50591,3686,45989,56471,50539,63192,30887,37026,46336,27792
42154,39802,47451,57872,38713,18770,13213,8450,33277,28789
21970,13132,22603,613,24222,8013,18231,4512,30916,9468
1019,6452,55006,14173,819,62236,12879,13245,30573,50600
37834,49722,47574,9886,29145,10055,35166,23809,45622,25316
50989,62700,48736,19181,946,17666,58842,4115,29322,43244
32113,10459,1153,13461,19703,30072,44018,64848,14823,28827
20612,28169,38407,29580,53164,13218,9410,523,1273,50838
21324,49521,9181,13991,46345,40675,21883,43653,57808,40840
25817,22479,8698,22535,57777,46193,12836,60653,10042,47682
46639,5781,2285,64991,34783,49222,7143,22169,16243,41685
3456,42601,7425,31555,22732,45540,13711,19170,11083,47309
59281,61933,63181,44951,28913,33530,19937,60008,31820,58251
48937,51638,34896,1742,7166,32737,107,35752,55896,63532
51298,53911,11269,12537,21629,10371,48224,42621,64755,3109
11248,26800,26192,61171,41960,49530,53032,29095,29148,52489
58677,59184,53029,48211,35765,35682,60330,50205,61644,25821
2203,10287,62401,1627,47252,20498,33536,40410,64546,28442
24040,48329,23670,52255,24955,60102,52409,35614,38384,32250
11910,38313,6368,39056,31638,36525,57666,1613,64486,20849
40865,21231,24068,63664,38090,26835,8981,52522,50693,5680
5392,43906,27703,18760,52238,5734,25319,51954,15494,31056
54172,62171,20326,20280,44786,15141,62475,6632,9316,20945
49617,37925,4960,65177,21124,27777,7198,48346,4374,29182
23562,51284,3207,9729,65451,1696,60179,23140,28443,12038
32104,53474,13419,8415,38666,16682,2667,52953,57891,37313
3334,42122,40517,36102,49873,54194,59834,39885,8069,43263
15663,42622,26214,27905,41543,465,31939,61826,43416,61213
60545,54084,38785,51209,16760,30335,60041,33550,9832,25963
61950,54518,53287,17695,3143,3141,15624,45439,28419,54604
35328,25551,24203,25249,31841,44518,24908,30676,45633,7523
6746,5562,26153,12482,61566,58758,1447,16478,22163,6573
54158,28407,51390,10086,53963,12143,13962,34849,23210,47943
48423,19946,39795,47886,19147,32751,60915,32634,58040,16722
39187,62300,30749,11076,10855,21943,27942,31891,39311,52247
54319,31160,59043,31960,61911,8624,62024,44979,61239,3440
63432,17135,697,60572,18680,64843,33529,39298,41304,55369
39389,46772,42443,30094,46539,45907,20714,54859,4471,51446
19631,26864,51863,28243,63888,51714,51322,42475,57656,37626
47004,24239,49014,43639,50474,56366,35866,15990,63111,55057
34670,16001,62521,63412,55724,42948,3767,20709,58236,25681
43422,6611,40095,54713,62052,17701,33459,52305,56005,30076
2908,37789,44625,49341,13139,15129,24369,1177,41357,23402
42409,52373,14241,30506,32216,10823,2745,59845,55402,59856
22404,56806,59103,58919,39983,47641,7396,26741,4524,33373
27597,4527,5399,33412,58922,58952,42809,59269,21577,57014
57787,10462,20568,36173,44496,58861,21738,19629,47118,33173
29434,6875,59959,55825,17432,63896,41014,36579,64782,39695
21124,30607,63043,29553,65465,4455,24747,43765,47127,56937
11475,10799,29922,30605,418,55160,50463,38809,59547,2723
9290,11046,16859,40183,20501,55962,26548,50677,39705,41792
22063,7986,28112,60842,44334,49821,39090,22152,53483,30530
24071,1122,52906,12996,1754,53323,36360,62016,20423,19902
35700,31873,17152,45827,9754,44300,33574,15806,3244,18534
60641,20566,34799,5541,46821,37156,30064,46259,22646,11203
39329,26633,24441,40711,42080,581,34102,52735,58419,11212
30618,51041,24907,39272,62924,7558,40497,42148,6715,3876
26591,39496,16648,34059,19843,11858,4104,7466,65001,22711
50088,58531,12593,29798,42173,2364,30148,47569,48623,40989
28972,59564,50710,1008,54290,25004,13595,46119,21656,24352
27777,30267,17680,40333,33312,25167,14506,32621,12302,62514
14375,43942,2279,15984,57939,5902,59065,48924,34923,54991
15131,43905,15598,34962,10408,37936,1272,1779,28063,43488
33115,42375,6312,23096,7200,30447,50703,13320,50514,6620
16655,5887,51306,62292,45090,4957,38069,13741,6028,21517
25434,56882,10710,1441,15592,54175,33804,42144,48902,33262
46141,48477,26726,34754,53284,22126,47241,64655,11094,31668
2153,9334,18862,12727,42883,62382,11795,48746,48931,10964
22905,22125,2019,11612,35992,45722,40381,54474,14306,5261
3064,30266,41936,6630,23060,64549,5609,30844,38353,50199
26070,45209,29364,43526,33023,5022,46136,56586,2580,56818
59137,26060,24086,16489,32533,62261,53044,16704,52152,48085
63995,17210,47061,44444,91,61472,52482,41795,60169,54941
45543,30613,21437,43226,42440,5711,18948,47688,57944,11853
26310,41221,35094,52977,31419,39309,36962,2623,22916,15748
7187,62100,9166,43285,37517,32602,60943,7718,48832,53154
57367,45527,15469,7676,11471,41207,8948,13828,1903,55428
6132,34093,14540,33380,6914,56840,22452,59614,32764,49396
59590,31654,4180,12104,1589,24604,50158,50608,44917,46288
9642,34889,61528,21569,42227,53189,60426,14325,53421,33391
40850,58111,51198,57954,46075,698,63083,14510,33713,34091
37525,35810,32817,43096,9581,18161,36661,58034,29925,54144
42833,19078,20232,20047,59646,51362,44206,48409,51768,39070
24845,34975,13051,13391,43823,44105,19949,19091,16325,23742
49619,41107,10779,14274,3742,62292,30919,64714,20946,6815
30648,21149,46604,610,19373,44287,16397,18774,50097,53366
20039,64482,38637,33839,13007,52592,33093,12560,23663,57492
13594,41030,61074,52227,28283,52014,34945,33406,10600,62801
4124,49495,45301,34819,62776,36628,34968,24525,4213,29926
38079,43745,17900,50457,44302,58223,48985,48910,14502,61226
6590,48945,9216,25111,27559,20106,10196,54348,21057,33771
19291,43142,61806,30953,56083,4899,352,39054,12494,21281
11740,37194,58759,37100,39289,48367,29018,12408,23089,56778
38839,4425,60814,17218,40021,27395,9494,3399,62088,61382
53363,48771,17158,62698,11010,62823,14732,33042,8389,62550
44682,25227,64967,49726,3760,510,24396,20448,31631,17738
11133,17051,64641,57673,62392,36851,21119,16619,47351,35259
21610,44764,48618,29967,36868,4758,52310,62808,50125,50797
24497,38353,52463,3402,13690,7274,38614,64949,48865,59238
63482,21705,17864,14015,53657,19893,7657,18315,26593,62984
46482,58527,58708,2172,57182,40757,3970,5062,7022,51956
45471,7362,1605,17996,27500,40687,22496,50286,25538,45348
34489,60939,2050,34772,45565,40527,55444,36709,45954,60689
64455,38426,63136,57435,13711,22965,7490,19251,61176,2601
19459,64437,20450,58749,56905,22372,34366,62293,51548,26172
27407,56748,42908,62552,49482,11811,21396,24088,48690,20283
21424,54853,59063,51532,55967,42665,45356,26460,64629,49745
31987,28762,53986,48240,61992,23190,20616,57047,44555,39251
34554,26545,19026,19878,62616,11003,20688,50982,10205,20545
52149,34979,25064,56343,46419,15762,36450,18891,11421,43373
17691,64297,52918,4427,30132,29939,60868,60582,18385,34280
37203,39515,27462,28658,63055,64773,25744,2408,46193,34353
52369,1308,38140,32286,47516,47413,14140,24680,25903,15872
21065,2653,22360,13998,48238,32327,32409,53700,58995,41699
12957,33297,15833,8987,24315,64647,58023,12960,53177,43709
22174,17425,32343,34139,42423,44521,57190,22071,11677,37248
36975,30283,5975,24446,57843,12878,39071,38847,19924,1150
36770,14238,51185,41216,28624,65386,31445,6915,20792,39285
62943,53306,15147,60212,29597,14879,32358,9291,26836,7608
24096,47111,11877,4723,2501,29581,63890,59844,39795,35431
51630,12679,23658,8115,44182,49619,13783,39141,3410,52754
57448,34490,62767,38841,42440,37176,39482,25807,13051,64696
17612,8745,47259,13550,65045,53737,62923,61045,10518,33521
29601,59708,19483,20585,15960,57637,13824,64011,20460,43251
29274,49882,49053,19342,27333,54814,13983,45202,55792,5043
26796,45764,36529,55104,15229,56412,57426,47359,15163,61843
15687,33717,19688,25771,34403,27167,37657,37074,58236,1702
64274,5504,5069,64763,12228,11435,39638,25303,54665,51224
34545,17500,14540,57035,61666,26062,28188,8480,58351,33695
17345,48659,13832,39243,10743,55459,61480,33728,30931,47002
44027,64983,50963,23819,29104,32829,45031,4172,38515,64120
7225,53082,11265,36341,28632,29866,51253,29972,56960,42113
8777,36224,27840,48313,6762,8495,10730,5936,65332,32508
6778,47537,24953,57964,64432,58622,13955,14143,35975,49729
21001,20835,15200,37234,44998,45032,41388,52530,43419,553
14118,61662,42970,41551,7170,57846,50641,25199,52033,61526
9549,14019,55834,27593,18258,65245,10309,56755,45801,8629
44602,42157,7691,39506,52018,44160,14695,3233,14517,30672
32371,4139,26316,13180,55134,29649,43991,12918,10099,15562
25872,35738,14893,45795,64832,52643,53251,50579,39372,12685
59295,19769,13582,62693,38810,25336,11712,5232,9324,50238
61081,41977,12978,49262,40916,30487,5806,24602,47149,43362
36646,22140,60245,14039,53854,44620,3451,22642,31896,14150
61983,55061,63431,23122,38393,7854,21067,37914,16738,55590
35748,37158,860,16441,9518,39885,17601,14391,24446,32407
39027,65144,36098,2463,1910,14382,52088,50221,19640,14491
34718,24879,29618,42111,5657,14102,498,5314,34809,3859
20552,40674,44054,50831,20252,45658,24083,49462,44185,54732
59120,31880,58680,2769,26425,41757,58851,41055,49483,28191
9867,1119,55338,35005,43762,7303,946,52320,45750,4344
37438,54045,57406,45347,40597,25515,16308,28735,10814,27885
5302,25784,35960,59905,51540,36944,15817,6743,55128,34752
10209,51576,52424,19855,39390,12163,15029,4572,45756,25987
50429,21220,9141,21343,64468,16553,34802,3791,63214,22746
30191,59919,57748,34162,58199,61364,18335,39906,38056,27393
3641,14309,17426,47937,37964,2487,3943,48578,11028,64951
62651,38906,59085,8992,19548,16995,61708,59102,25485,14162
65144,55694,45964,23326,64027,59626,43573,4780,62368,57518
41990,59426,65217,9674,33554,26616,7623,58701,56507,55569
42742,54934,22077,28222,53706,62998,50083,27208,12202,17951
16908,62652,49484,21054,46255,35137,10841,38532,38434,28354
3802,3529,46985,21922,9890,20120,10156,9288,28191,14209
26304,50049,5056,47295,58751,9999,36157,25614,8448,44460
48671,33488,8012,22287,13079,27368,32632,9390,64054,10094
17388,45404,992,53303,35478,49280,43105,49843,45489,29635
43289,24393,55173,16556,42336,54828,6679,15420,41810,23343
42272,64475,55327,57473,17411,33086,29234,46524,37350,48128
53892,44795,64540,14343,64163,8794,526,20702,3782,1577
8974,32935,49020,43114,5142,16865,13976,7090,44666,54011
28322,20470,43964,27346,37090,34096,53824,34124,495,30137
36908,26469,43282,65467,9709,28513,13320,7280,40906,40510
14199,63809,45467,46251,21177,62264,17384,33111,50910,57816
64962,7242,51230,10676,20701,47798,38954,50049,52989,13840
26686,38435,17927,64146,41595,38134,17771,26646,28745,51216
10599,22257,18123,32211,47325,47923,62524,62433,41370,48675
1022,5289,34440,9474,14142,10175,41747,21764,18732,56865
50596,29071,64045,12177,28757,33597,58834,64399,18481,58308
34982,13986,55776,8251,42550,59010,24936,22112,14647,35217
55323,26748,59137,14777,47242,19591,50229,39951,34739,41505
35391,33172,15208,52862,41260,8886,55706,36723,47921,45058
7264,42047,4180,55143,15637,12162,53708,6760,58287,29212
65428,6242,21414,37169,23860,62403,367,10133,44105,28463
63010,13731,19186,34544,7550,61319,36317,63923,48001,25727
26658,16279,2287,43519,23147,15477,23496,34947,388,1384
57610,23238,11142,65197,21812,50586,58758,21805,26562,16409
32807,10019,40307,24865,61509,14586,48095,6450,49576,38507
34925,14545,24119,19668,35337,32639,38696,45840,48598,59636
23757,13993,12128,40803,53083,41676,60558,2516,20888,55313
44396,35940,47356,31818,21079,52453,12452,30848,49675,44273
23421,40360,13112,37184,29167,698,7636,58616,50874,3646
7248,53846,21331,15777,5992,65056,6109,58496,32502,46224
15155,47528,55002,61216,241,29252,24938,12611,63092,60730
28803,13772,20498,52465,62397,28305,32764,37280,25222,26107
62350,27460,61880,36605,27404,9900,27560,60419,13024,39605
41470,860,21438,3859,17329,14302,58470,9434,35039,38106
3082,37273,44797,63405,5544,20988,22446,39658,27110,31777
59618,24651,6186,30350,40652,47297,23874,33016,15464,54844
25484,55672,30967,25007,32979,1511,14561,40503,31626,26578
46253,31354,10031,60856,52081,45112,32242,61825,61786,41254
11879,59373,12731,5148,56560,54206,10412,41466,49811,58391
27117,53108,18742,40850,21994,40701,56905,41604,26795,28541
51057,4006,20629,32298,56533,51699,32904,8186,55061,8271
40495,38271,32779,4266,31097,55387,16543,10418,5003,24149
19556,24240,22792,62277,6988,56442,60477,60818,31925,62092
18140,1063,27035,28538,46243,6178,45019,37814,57796,37472
1510,24226,18925,33137,14662,45120,45949,44982,42690,37045
57886,6819,28869,27082,41833,11672,58398,62673,35416,36503
14884,51201,28152,50324,24042,7772,65240,6365,12941,47785
50845,52645,39009,7875,60024,39906,56586,56656,37692,52134
40958,62013,34644,43645,25213,20096,11493,14959,15284,21556
57717,48085,40371,8040,27886,61361,35871,26095,17058,8108
47194,40854,7277,33666,19206,9554,17058,47046,57346,19878
53145,34567,25153,26953,24201,5492,236,47047,12552,55474
26576,10984,39378,51793,8469,17823,53504,35621,44947,7454
48890,35228,58944,54093,35745,26362,38542,40040,34532,55107
1961,48035,52854,57147,37563,15491,43266,1167,62359,3645
12955,61485,3058,60488,34927,64781,34514,26858,60359,55370
31405,35252,37495,19674,57451,40068,51055,27613,40487,65263
882,49865,59201,4565,35678,17769,57664,24898,37276,41416
36347,38406,40492,63536,58086,11828,39842,58584,33895,38183
51374,32296,62579,7913,14925,36145,15254,29093,18207,35988
40689,57828,28556,38639,54141,18610,8864,7356,34859,40590
9903,64349,14809,33568,9170,25981,50685,56240,28284,52330
57402,57744,60198,36640,1295,31964,3868,3969,26708,24571
22026,7931,42829,35290,4965,33099,48402,39578,60050,25660
2755,46226,37171,11553,19347,63142,42568,24996,11245,44990
54167,48491,60723,26170,32176,36978,61861,6275,15636,40909
1409,60681,11340,1054,43261,64081,63719,37685,26429,28592
54682,33515,49166,48108,11381,25125,51977,36392,3451,29446
32107,34437,21260,27333,27161,52577,61529,58650,10522,42510
60885,59196,42764,26941,47719,38436,54895,5933,30000,20861
34494,5787,19066,47368,41852,58042,17778,26043,60316,10194
57149,39935,1959,42594,29114,29594,58869,44678,29871,43894
44983,19761,39769,57586,62701,34587,11364,20455,1007,21931
31458,53583,41799,36760,10080,43460,65365,35223,39800,36889
23979,47818,47449,50753,12557,12586,13281,59805,5047,36993
58196,26559,7731,44199,46381,59657,46009,21620,18993,25148
12564,24901,25236,31873,37505,3875,30992,39935,47227,51358
35007,23346,65461,52001,7711,62217,38248,17798,33091,62574
22210,9751,64335,24767,28458,39724,47880,36969,4495,39068
37460,29085,63933,1552,21540,50555,20023,25091,19031,19812
57957,16914,45259,63208,38399,58720,34932,14835,8606,59356
2250,28678,14678,22559,16974,25049,39032,35183,37671,19513
23141,37831,53089,27902,59569,31424,55015,56594,53145,25255
45116,22853,37572,64511,2671,15935,50514,5530,12185,13120
59534,4718,31336,64718,37533,60178,55734,41702,54700,14459
15018,31245,11297,41553,21081,26187,33476,49983,46286,19181
60358,28822,21971,44796,41952,23555,24481,2300,26798,51924
41737,13364,2012,62192,51234,23063,50265,62113,25009,63076
51021,48327,45022,40939,56402,2795,29520,7008,1582,2502
39483,39838,7307,55509,25195,36528,48668,1061,13393,25330
21310,40593,58475,17882,47866,7817,718,30376,51743,33505
61025,37011,22827,40936,20021,21968,8373,14175,32833,36572
39471,20419,48048,38653,4150,43680,59822,39174,31319,33440
25579,32064,54180,48269,61987,15293,687,33991,1433,26261
33506,55412,17170,42685,10782,27846,51881,13430,17879,58241
11950,36230,24017,59115,56319,34747,35725,29346,1351,8362
20194,24395,12420,8361,15258,30468,16391,18867,33417,38010
56440,12039,47796,55175,44072,55156,6602,24557,16352,62486
18265,18687,12449,46736,62797,54552,40218,18529,23591,48613
8957,59658,53794,34601,48716,48039,39041,39037,24984,31389
19840,47230,6680,34622,4376,13551,11431,16207,35534,33565
4740,9730,53905,64164,9177,26839,41077,42774,57638,30526
18218,52305,4816,537,19494,51733,9613,55358,2462,59725
29033,16462,40269,45767,3268,24457,43065,24162,1997,14629
16016,43045,31556,30948,36806,4857,60274,50649,23255,9919
40608,11837,20467,22291,47843,19943,17911,45705,45289,37456
22490,50017,29242,31661,52684,36461,57779,27490,25223,57150
22972,3839,8238,14615,47828,60730,37254,32566,47243,16494
62671,44512,40499,59774,5331,9144,32770,48501,18860,17312
37707,32092,48197,25931,62226,18687,26130,20865,59645,8679
38986,10522,35626,58675,47713,61233,1285,64871,39742,57733
64807,15497,48092,62426,2430,46244,39486,18148,26939,3499
9949,5202,55190,63512,64717,39528,58455,57150,7504,8040
15888,37126,49504,34045,13696,2770,32294,6187,16316,55586
46540,35799,42270,26418,26743,37445,55545,25892,28903,8654
10832,34684,37316,13685,32674,3990,11007,47259,41166,42196
59918,18978,53917,46108,18569,38565,54697,19638,24417,39282
18817,35833,60852,56256,10363,16173,44554,16301,52685,12687
46504,55971,8883,54760,15698,25678,34983,15576,2393,63639
3724,39145,3040,8772,57103,34366,22724,61174,53019,28324
4974,35044,21060,6082,24827,18748,19417,2860,32304,21601
14470,63022,21599,61183,35959,58518,24324,7246,18911,9889
24661,35039,23743,60690,34653,64470,55622,6648,21212,9714
31544,34350,8459,8989,34852,46612,22574,60880,22545,60219
8676,50697,35042,44117,11134,47098,42776,64264,35510,40004
6056,25947,13772,31375,36127,26639,7425,14125,42209,62107
18151,22172,26273,64370,12797,17739,34528,52212,51277,20564
273,49152,43612,39569,19831,36326,41262,39621,50260,15194
29864,38356,22259,49368,18996,16915,46614,1378,60172,59582
38297,48657,25274,21183,37692,48803,31239,43627,36794,37749
35674,38167,54701,13731,25999,460,49232,13888,4403,57579
47012,55040,34483,29988,45593,22672,53687,40842,46365,41768
7082,17920,16907,8893,20321,59982,24508,63719,58038,7219
2785,52187,56427,20799,15028,10264,46264,64194,21323,26915
12288,42757,44075,19855,34977,2084,33653,39661,44282,51864
32571,17289,44970,11515,13806,8139,54743,2433,26186,52435
29873,32089,16682,7789,3302,43850,50057,1684,19347,39361
20439,18777,31454,15187,41511,6974,46455,26047,17869,30014
44299,29094,23314,9667,27265,28392,23426,46816,4831,54292
14611,34224,39556,53357,14633,22591,42932,52011,6009,45237
44831,16930,40782,53873,45088,47580,43130,21014,45084,8240
56693,19030,7416,63043,9556,20587,52346,50875,12767,27492
23236,50239,13287,32294,59528,45579,50490,51419,57450,9405
31910,32569,30993,54705,29951,33199,44864,13420,40948,18289
46346,52082,39081,58898,54657,14221,22335,62676,35982,12566
18723,62066,9963,3882,25987,8685,40966,56636,11684,65071
35424,40608,52394,61013,95,13138,61291,44106,254,40015
22448,24546,36243,54385,13519,53212,12795,11448,32615,12177
16589,43194,3359,60985,39402,656,52032,40724,63759,20407
24852,40930,56975,39669,62345,31806,46358,57622,61736,46949
41737,1217,64215,40937,23965,5339,39786,29879,53716,28980
29211,21790,12919,39901,3436,32347,41652,32662,3156,17115
39287,8318,3383,50757,14069,4681,42304,270,53540,7137
41135,63138,23909,36822,28101,2875,63492,46326,41173,37834
3635,52553,38631,9673,30838,53819,21779,34465,2116,37324
17280,6229,27706,7826,27495,34430,35822,40851,35898,35987
32204,42264,43012,55981,1747,37348,43847,2593,49228,34349
23087,43092,18499,28378,63180,25069,33083,26416,8000,5702
5129,62077,14098,14194,12871,35431,53408,38074,24605,45853
54453,39369,41612,17444,57186,33819,48243,9319,10525,27376
22148,44798,28163,38268,8794,39287,27507,53271,45208,20261
40020,47762,13161,44714,14344,51938,27828,29438,55079,7018
22663,49718,27050,19720,28464,38918,26259,9734,23006,44607
59638,25646,14727,51083,1536,52607,46139,59288,46191,21012
32204,19203,37848,36051,37400,37618,55682,49349,43360,33727
45602,20505,44729,27763,34161,37090,58804,22237,29902,64469
42702,37998,1828,10318,2766,57725,12885,53025,19693,29652
19162,7409,26927,57706,19486,44669,65050,13448,25690,64467
16517,1497,49643,58814,19581,58159,6208,37198,20088,20280
11482,46767,4320,48498,48065,59122,43497,56472,4599,15637
2632,41975,6206,2991,65193,60348,54193,1112,37066,53558
16763,48803,1506,42399,61980,19599,60135,21247,8986,39394
50704,2440,53062,6823,54055,36561,14056,46181,37985,53682
1651,5623,51224,39291,7490,32793,36677,11082,1518,13273
23914,56524,36220,30037,23717,65012,53770,3990,8956,48377
48830,8623,32727,56697,6529,4570,25740,17414,31698,48675
26671,51469,20913,50188,63073,10944,42505,3873,11060,27230
21586,60216,18669,43319,17670,47766,37827,41633,33912,3596
37912,62045,44552,52807,26243,39119,64485,48797,53428,34757
45700,60750,26898,30825,10487,54905,20955,8027,26015,3774
56015,3030,35324,6897,32759,44156,47823,50852,14935,20006
6900,24490,49107,45538,39395,24934,34510,46706,48464,54536
53989,42162,54484,38969,44021,24932,56765,38218,871,31711
60629,63468,36054,572,14723,39560,13170,62040,27273,34877
35442,18997,44318,26715,46311,39048,31802,40005,55565,46173
41927,9828,29942,30264,50102,15553,62810,26676,16006,11322
39518,37561,17151,53545,7903,12756,50627,28731,19615,43344
28175,6470,42463,50908,37286,32468,4338,34704,631,4735
47848,16101,14050,63155,34438,25561,44265,44224,47846,52114
65496,63246,15519,3523,50315,24846,20206,22884,27542,35358
3320,14996,45860,27279,17929,47534,23575,20877,33893,45363
62534,3385,42722,58715,3339,47246,7174,1555,14890,54143
42421,25679,47625,25301,11406,13474,54519,20682,15145,43423
52600,19072,49525,5735,37806,24614,53749,7966,44178,58377
485,39402,61272,59963,2124,29901,11750,4744,711,31531
65302,12352,12293,52064,16000,3942,42007,32373,63447,12122
20016,30054,52292,31148,38412,12575,45763,55746,5797,15688
45833,12350,53050,2546,6924,49683,41557,12306,43313,56517
41437,45466,26965,40742,32716,31645,51483,28063,42689,23021
46063,28671,53891,54228,14856,59229,15843,4892,63281,46908
24391,11217,59846,48638,7955,24178,49555,34116,18737,17703
35442,48700,808,4506,11309,62319,6966,32064,47346,28242
64003,52944,46144,43332,7808,30941,61917,37689,24191,35572
7605,29424,42362,11376,35063,41741,48780,53038,28816,34457
36333,18458,14706,34041,20246,65337,32705,54636,40042,10135
48647,38226,14876,54386,63557,55213,6148,38099,2011,41471
50111,7714,46496,65361,42783,55515,23912,12236,57316,11465
13604,40678,29704,17945,44350,58064,48429,23359,45952,40979
51164,8245,7432,26908,12996,12083,6382,53703,36127,2164
53040,54575,53006,49,2468,22783,18380,35963,40774,43812
10110,14184,45451,45201,35624,49824,9739,49210,46870,8279
10682,5557,53122,44360,30091,44835,48533,24983,23276,33674
3334,37639,25400,24116,57437,13238,61197,20971,9285,30594
39793,36719,55597,9631,14917,1262,24719,23683,12413,23606
41704,39025,28199,16105,37702,10150,35877,57066,24265,19630
6488,39814,56795,1104,32410,19071,19144,19883,51557,58297
64092,64984,65258,55181,49786,10340,1317,47611,23518,17735
35426,53678,10277,47769,10632,64892,59204,26915,40973,55790
18449,2020,40694,26745,24218,55501,28189,62305,19463,3819
57182,34057,13047,37921,20062,6631,44505,24622,31781,57022
46749,64006,19711,63632,46685,41994,9531,44653,45864,52579
55753,12441,60090,54597,63424,33274,35890,11086,34932,52070
32714,60171,44606,20395,54833,57526,25411,38957,7230,16559
32304,18493,56199,36353,18559,10557,45572,37884,28131,9913
19519,61951,37529,44571,20436,37294,23903,36643,51861,25678
35685,40266,1898,37640,36462,18,56238,5686,46208,23225
42741,37852,51162,22270,47788,41046,23851,44679,39890,64824
20414,59797,16707,45260,26379,24893,3747,18743,2739,15094
49646,24692,14813,9815,37561,53961,19775,39320,52397,29372
9191,46285,47044,40817,57829,16945,64535,42840,41452,26282
1011,30940,50068,15999,24398,25085,39995,11988,6699,16841
13795,30849,33602,26337,45558,65426,62844,15305,16348,31828
15157,11009,20727,57924,55666,55872,27305,16968,4278,46669
28849,20744,49039,12308,46486,24817,43978,20493,2674,5528
39285,13629,19987,55543,34913,48536,10502,33419,50749,38131
15490,54847,60690,15298,36977,18530,16384,64019,21373,33545
64922,55746,61825,63198,39335,62835,20186,62936,55199,19309
32493,56236,18194,9069,9626,32994,65183,36791,39003,46182
10009,57486,9360,40963,32933,34738,13701,59899,22899,38518
11026,26583,283,39209,13070,38464,36396,41602,43786,53791
7972,4189,24432,21728,37934,6980,42533,42996,2882,38728
52580,43886,2561,49456,1478,30763,32899,44729,49054,19804
34347,51097,29749,5544,33016,11281,39556,9850,11403,40636
16467,51253,53480,56569,64747,43479,64425,37842,37337,19135
51577,6675,25928,19201,60241,24971,52518,23316,40389,11442
28894,25876,29775,44336,20677,25836,42371,7633,9292,28611
40782,46821,7644,53401,32247,51187,42353,25972,5857,62207
62607,35831,29206,1184,47983,48219,61208,53098,10491,53869
16772,60549,56312,7170,51050,33168,20478,21039,46373,61480
47295,37895,47938,27734,17904,49888,41280,56499,60496,58895
27947,9215,16074,56066,26778,41058,18022,12010,47544,22501
62875,28166,32478,39963,52786,38342,29016,33070,38724,60919
5007,41985,20523,22606,47521,13141,40877,11546,59079,3442
32299,18637,27349,60317,30918,14193,15785,37256,13576,173
53485,16285,25578,64772,29237,30533,45598,51880,13874,60477
7994,57953,48168,43477,48332,59880,50339,13479,47516,34435
30048,50359,40032,44131,59708,26045,6787,46771,33965,53745
8402,11931,24629,30515,21949,19524,34558,65114,63311,61911
42687,12804,39038,44220,24138,8060,14148,15207,1104,32211
59165,28671,14760,60421,58101,34789,52955,49110,25611,28792
62013,9706,53603,58030,22446,50650,24744,56805,45063,34653
16179,13621,29063,63278,20960,39034,29826,33675,33218,5012
33432,47106,12803,36577,55557,41183,13449,33585,45972,62849
17702,51493,27066,63514,6167,43241,2648,45139,58367,3961
20304,25816,37461,38449,62999,22432,7285,20541,16291,34879
15008,58514,26791,63536,13756,27671,784,4567,8960,4657
50019,44439,58238,52988,39010,25921,16078,48770,43701,17104
40624,26416,54024,14656,36700,1510,30125,26431,18087,52781
20734,39471,49832,32620,61979,8433,39369,33943,647,15863
16868,32285,20455,23598,21842,16635,27488,30117,39744,37678
10895,13429,48416,7814,38236,7153,35779,61796,57014,34629
4691,47428,18839,62056,11713,35286,1497,26377,44725,49634
43249,40942,323,29037,40223,29551,42483,31308,57148,46246
54040,24273,18698,3436,57371,41236,9680,41020,17709,1348
8614,24135,35630,60558,57296,20945,6353,58357,8562,22027
30188,18554,14145,2239,29549,26222,41175,397,18998,10579
61107,58471,50629,20971,38172,44015,10319,25941,62411,57439
3247,54031,44546,39076,39830,27852,18907,41648,41209,13517
39918,2928,54111,64265,52784,62031,16021,36223,63208,49970
23998,32384,64176,12506,12178,42552,37538,34407,24388,54557
47347,57875,26558,22260,63037,17876,19394,55974,8213,37797
63828,7969,12810,39059,40743,59372,27591,27032,37728,22079
44538,25955,46094,1768,54857,22224,22235,12541,39125,7343
52955,36272,43891,22107,62367,64323,23388,25380,34641,24482
28073,60190,2634,50895,51079,42962,2413,5051,63652,10226
48797,58854,18303,59878,31391,27702,4778,48708,64522,19633
51026,17656,23972,12780,20446,21080,25872,45706,39164,48935
63302,23118,20678,54444,55046,44461,8018,24437,57618,58437
23894,31738,8158,30408,34748,35517,41670,13931,5928,18468
38418,65335,25278,35511,31815,58423,36342,40015,43591,57713
43706,62501,60232,40863,56434,31632,13692,18650,62955,18437
29075,38234,54978,18683,21570,10616,29815,2975,54302,22908
36000,28310,44270,7706,16016,24445,63547,7548,35882,39065
47684,64549,64353,36660,54131,15427,33076,7176,4631,1037
20218,5972,51945,39133,59133,46265,43465,33502,63737,20257
2559,5871,2146,3230,23849,17170,62298,38996,18040,51745
46106,51529,54525,31294,13116,61508,57416,26482,43354,61147
35180,58730,48842,22341,49904,36528,57426,23301,64653,31627
38967,7858,30873,56051,47529,39230,38726,45565,39564,37841
26292,880,33737,58671,52881,12524,4112,59626,48657,41146
12603,40799,64889,56665,4394,21303,30880,7661,40354,29014
23563,11794,54612,16901,7385,40116,19278,26588,12234,5744
60376,50552,14148,53800,8302,3325,14173,31939,44274,52278
6141,30527,51624,9097,22726,4691,36091,7680,53723,5940
9122,44346,3676,55780,17116,39888,20797,7853,38055,39516
36880,34587,26641,1538,9886,31508,12005,37199,52038,13878
20921,42963,47059,21524,10630,61768,44961,35254,22976,59002
57894,5549,11476,29288,62327,5202,16185,28990,63877,23147
44478,55914,40404,53498,22996,15459,24846,2459,44916,51551
14229,45020,59490,33230,16805,50973,23060,43940,37369,62752
35739,23785,62575,18483,23007,51667,59258,22033,13905,48174
8999,39229,6112,14749,8921,19990,43940,29762,59719,42827
43992,60467,873,12976,12606,52565,1250,3088,37922,23784
64697,55542,47381,9459,51539,23698,31477,2038,53223,29103
16993,44723,51205,30299,21737,2277,59699,33137,39174,48791
63913,45771,18081,15453,37664,50716,22851,19130,51965,62581
8860,60483,21824,53125,44056,9538,58135,23715,48734,19975
16608,56069,42053,25193,49168,38941,15364,42096,47003,14978
30249,11261,20541,34962,47622,15313,18043,2247,9325,13407
7822,32436,3886,63556,28750,51931,47075,21061,12870,9214
51440,62014,23572,60241,13132,17309,32161,49742,8721,41160
50411,2323,44264,7422,35240,27770,24352,31680,12687,54601
54880,38950,25255,39741,61328,39099,59666,52937,23640,54267
36434,46465,33337,30646,41923,17697,50462,64579,44439,58679
43108,61155,61000,22622,504,44383,16868,55190,59129,55258
38596,7116,55799,36561,34989,56897,44276,6868,32246,17840
35041,26208,48078,3340,33359,44008,8268,63809,14452,47123
8906,55088,17856,64234,51594,41623,50125,20391,23893,13946
38941,31093,2862,25443,13958,60598,354,25292,3656,49582
56341,9492,15263,3881,17341,36715,8091,57683,20326,18166
2094,48931,8019,8548,28034,17793,59347,32941,30088,15412
50033,22617,37006,60968,60567,33636,46960,36247,52869,64532
41821,6406,7221,48019,53382,59968,44717,39322,19579,60254
581,32700,4795,21330,32626,5636,5091,57540,15835,24947
7906,6646,61188,10205,47164,5007,8247,12088,23298,65404
47507,27562,5268,13529,14773,39041,40485,63368,64523,50442
60639,32751,15531,31449,21028,19362,53887,36687,65386,29064
62299,2290,29953,43296,8421,1185,43264,2025,61614,62248
21123,13983,9336,53469,30448,29267,13880,8882,33204,64494
9459,48573,33247,141,21850,7170,43525,59346,49792,41342
9879,55416,15341,20460,50399,37059,24078,47128,27138,39628
26374,55335,10107,9192,33345,62142,4457,60752,3558,44139
44459,43356,27425,1984,61892,47028,29142,33463,41513,7772
24259,23258,44816,9387,15098,14413,64368,32617,47408,4276
15252,63355,44050,29040,28691,1331,59661,46652,49589,55732
10320,21742,54775,23442,16216,1222,18182,9743,54828,28860
48689,47408,50603,62149,62622,1212,50560,7564,10186,45511
41439,64162,14551,8529,24279,45828,185,53648,27213,33863
31019,15967,8744,60135,7545,8593,24127,5174,18879,41522
15500,57145,1967,58239,60959,3075,6163,34032,23653,38918
45769,5213,53501,29560,53983,65492,12747,30363,18782,61897
62969,23496,50492,33628,41231,39970,20825,35909,47120,20970
8394,27616,45526,37462,22323,784,15515,25414,33425,10803
9508,49293,17050,3618,51882,54381,36564,17306,48713,14947
45154,31200,34208,13358,43397,25792,33801,49436,19868,48946
45406,6668,41040,16940,30177,3011,6574,18860,8218,19082
59362,116,51847,21526,22431,43911,49496,17048,12080,9060
8522,26011,59414,13140,12323,42656,1483,36371,45380,60199
11021,18669,29048,53997,19882,38328,64624,65319,19105,54046
714,8305,13836,35542,25649,63425,20622,6850,12156,50061
52791,16532,32138,20055,61468,51899,4356,5353,22019,7435
27572,49352,8261,15587,16641,7983,65359,27,32893,60375
28824,50100,24639,24714,52405,22063,20836,2101,19284,52374
32511,14226,41201,16094,19930,50525,31849,44668,11530,2327
1077,59314,2273,62870,14181,23710,59996,52486,64536,25843
22115,34400,61335,39961,61110,16743,27282,180,2088,41707
54081,12605,17427,6326,35301,26812,42718,42170,65071,16187
59815,56503,42190,47306,8486,27490,20583,21993,5180,3783
58457,17985,61352,2619,64608,21324,8797,37728,17386,8901
38695,55807,59376,7743,45583,47026,47474,38980,43947,397
53172,59598,49476,50486,13676,60085,56261,35200,18773,41224
16949,12690,32950,7652,3756,22222,8532,596,56035,42993
47322,32608,31630,62238,14387,53489,18148,46641,42446,59112
34094,23888,47624,26384,63125,25313,16530,38718,19694,30829
24309,7287,55034,44978,21640,11241,8783,52542,38420,3060
48068,41892,64553,55383,53249,52970,58227,32808,895,28650
3669,21025,6639,44011,36803,7602,44171,55606,3994,13425
597,35256,21942,63030,5745,21764,13388,38026,46377,15721
64285,51747,21224,49953,25726,24614,17109,31158,59527,48817
45201,56420,53386,57195,50315,2758,26695,49529,9544,42856
12058,3001,56745,41247,38856,22379,31430,33946,605,27189
63665,28787,6259,35829,19853,13540,30298,7366,27376,26196
32837,61830,7933,3867,25423,19384,39261,38399,63619,30834
18051,6614,61472,29471,11378,32286,46213,53013,63491,25783
10651,59549,18535,5735,3367,53393,55097,33773,5602,9614
29670,59885,14881,59632,23535,58254,61269,64551,29219,29130
31863,41992,13078,24871,35626,42073,59321,37775,15126,20824
32938,53105,24667,56921,52008,49036,12776,46050,41481,56392
59961,22121,17654,9503,14950,62690,19259,9430,5996,31678
26307,364,34672,44220,2065,41427,54054,2566,19466,52079
3692,24464,42353,14161,14939,58350,25286,393,17531,33440
33695,46191,37639,59305,3963,57252,37228,58726,9099,5362
61598,56052,18649,47632,50150,33858,23597,30461,40092,62552
11234,19212,57532,26435,21061,60395,34067,8269,48060,8560
5115,23556,64322,9415,58858,6214,20478,7931,50646,15380
56656,36641,8393,53060,37421,48395,1374,16158,19608,56058
49693,45282,9911,43920,51625,2741,40369,38546,4317,57517
56761,54100,42794,45160,53620,2903,975,22021,33984,22109
746,50489,14883,65335,3060,55950,8106,40591,42750,46337
11804,64320,10420,39264,13947,62908,65447,62223,28564,29317
44899,14052,6958,20006,4523,63877,42598,24203,41562,40495
13282,29902,25936,31299,62913,64553,10455,50418,4416,37243
64209,21139,32277,27410,37981,31756,31420,31022,59829,37367
29943,42056,28889,22256,37811,59072,56386,5029,13525,1399
12583,1831,33418,45563,35095,20636,48459,34871,31354,12969
23267,63100,54962,17429,44556,10759,51533,32841,13160,36885
23317,12771,39946,1081,37055,40664,6368,58756,49772,59051
50549,4955,30967,38923,46282,60542,64999,59059,3026,49072
63142,15530,26670,32832,63284,23258,54863,45084,31150,63018
13522,26359,44160,51759,50918,3827,58530,14403,49566,21891
58297,20519,29113,39558,55227,14658,24386,23269,29009,5591
21276,61644,7216,25199,24110,8463,51688,34988,19928,9783
30045,33424,2738,12053,28663,46125,53982,2534,10296,47601
851,56349,18852,46728,14440,12862,51408,7060,35150,20123
7846,15710,54106,39060,3942,61610,41845,46087,10248,40636
19282,48540,11897,65471,63976,43726,64882,15341,5077,22713
18821,29487,4332,64785,22022,29790,60557,59348,36890,40302
54413,61870,44533,52248,26219,47204,47938,12599,27253,53726
55762,16065,5503,6233,30247,60230,54744,30848,54485,43077
48398,8998,49947,20968,61829,14863,53420,36518,36471,43617
41594,24742,54148,59214,17540,8310,33191,28150,38482,20393
36314,48024,35141,44899,15963,48438,43472,2497,31705,12315
56740,5772,6298,38630,104,50952,11634,1640,12286,43225
55347,15987,44229,31971,11046,45122,50940,13504,5364,56101
61165,43554,5018,37852,48221,35607,55858,43883,45388,30522
51892,23537,27572,38656,42614,14602,4031,21364,20496,59647
30218,34217,5725,5499,12543,63757,61666,59328,35093,4240
21527,6849,54590,6056,38236,54789,2541,65283,6344,25879
24984,55769,21111,49707,22982,16825,1979,48993,61422,44918
52130,27081,9181,32382,63506,6379,11226,929,52467,12889
52384,622,24370,44789,18524,36515,18114,53827,6625,17712
44405,43177,31873,17157,59521,46280,44835,47769,62321,52859
39608,27763,19487,5163,7814,24981,61827,7732,20627,32949
26851,19330,45630,31416,26913,4439,38650,62612,56789,42399
40800,4417,10829,13875,24731,7876,23045,61607,23238,26435
58349,60353,6405,41366,42103,52394,23078,36785,12896,52377
51607,22375,2612,49751,3613,45538,63491,13146,4359,35287
57924,50157,34933,2600,40396,41636,57018,54902,64484,22404
36797,38258,19009,63880,33142,37619,42227,20117,10050,26376
54983,43453,23849,64982,52815,12016,51635,14818,15441,25672
1254,32078,9834,8494,54,6758,26530,11172,57815,39692
53942,62254,34556,20756,24728,45938,58420,62097,5471,34494
34325,62418,3085,24230,45803,26648,29140,14654,48887,61544
2203,59653,1239,16987,50686,34318,24661,37014,13453,58093
50145,48388,39145,54722,7612,17687,42683,22373,418,21752
26293,15165,49708,17099,41081,57551,6906,11640,40827,2231
59141,63407,16581,47226,35423,2334,61398,43145,33803,125
940,54947,36511,16401,16307,36652,6457,10498,26212,13883
27814,19156,1946,55191,38415,37339,2418,64433,33106,30171
37637,13006,2796,50924,50562,21722,8232,12639,60964,53234
56187,22813,30779,10228,15009,6281,47191,29993,50673,18215
33204,56179,3365,38102,42325,20373,23327,17803,25909,63069
18554,52778,22097,29998,61853,16009,21922,53698,47194,12132
57400,62464,57559,40705,10945,42692,21639,24853,47590,28280
62692,22548,35583,47454,60451,363,23343,51473,21357,57201
3571,20645,46516,5664,17829,37987,15363,7646,55856,9672
43169,50509,16430,23115,21842,59492,31675,8527,37289,37484
53974,36336,41914,33661,55475,55671,7300,10410,39510,25222
27722,52369,22602,24442,25998,63274,7493,47009,22163,41895
62985,40362,56175,21935,48081,5936,58791,33508,59296,42660
14065,9799,50957,16019,16754,44160,63778,49710,43719,48205
18884,15865,63982,29379,335,424,59213,42333,3841,47361
27831,30666,54897,18607,25095,22589,30955,62223,10477,56570
48490,7941,44675,20499,55286,50133,25486,11732,14899,46587
30784,22916,62892,9223,49467,2597,15935,63789,28600,29636
59485,53510,30354,56048,56913,61441,12120,56296,53747,36071
6022,34216,31803,48128,13561,17964,51216,15484,25177,1350
14069,4559,30023,27262,28914,6011,20718,37126,19021,33120
5509,23095,1006,54244,14337,25507,61838,54001,12524,51469
33771,38743,7693,28199,42269,28007,18661,63392,9540,19173
4738,53954,30564,57673,29476,44021,11461,59073,27446,16753
44189,42675,9388,49133,62410,20094,52929,36648,1959,35494
34868,5957,26808,21866,5589,60204,14086,26729,7951,56000
51599,49122,53903,7989,58631,56549,5929,9898,45762,8767
15248,11541,7136,39909,6854,50243,36736,1928,28751,57279
4239,13124,40429,4827,13087,44952,47684,11743,10563,25151
23759,15561,20029,64900,28827,38143,24225,21286,2665,10426
64674,21612,29583,55457,23190,47596,35516,13389,30673,45240
20545,22816,40039,63894,51210,42888,25573,26594,61121,47166
44029,28681,56545,64130,10695,47686,16129,14155,21851,18436
45127,19615,63098,32718,58594,28406,37931,58873,7316,1305
46447,26073,8719,59425,28841,37374,58750,35876,237,64110
23821,2961,39660,33371,59112,24588,58083,8105,28720,60907
62048,35858,53182,59952,42345,33068,29654,32454,28865,21009
54639,15379,13320,44454,16790,1604,4591,60458,45991,30836
32342,22229,48295,53638,19960,60255,52228,14454,27059,17896
55950,47674,41804,36243,55572,39044,34525,48851,15526,62381
57230,54209,17318,35671,44647,38254,14824,47462,43550,21813
25426,42680,13479,33132,56776,23904,55417,8922,14754,48056
45959,54210,16122,37954,61862,37604,54927,53757,17515,34841
56442,49313,34015,20719,48921,29900,463,37592,10023,39214
47747,63369,4702,14058,63019,24113,59647,17189,52798,17791
14162,8975,54517,50746,32572,24717,21686,65183,37925,5679
8376,2748,37613,22710,14717,56843,31696,32121,38983,2672
51889,17804,60769,20765,26105,32484,9186,3819,18001,17709
19797,16498,1104,18414,8391,13091,56236,65092,17994,53360
5414,10219,27058,54530,176,22081,6047,56023,39174,35182
13315,15784,36111,31540,52155,18649,42646,5710,39458,30772
59122,53886,38674,46147,11044,43722,62739,57575,34366,48237
60918,45040,27112,8904,32776,13715,32809,45487,55258,55806
48817,15003,14961,60646,21149,48950,29698,21445,47755,58198
59624,3575,57507,16508,30944,57117,64597,7207,29673,37615
63286,36777,19694,65195,19810,10605,2692,42281,59243,13896
12675,45706,27504,55564,56251,9115,18051,36934,32104,46473
3843,54160,20205,39094,64840,45277,26445,64769,17563,31945
1325,52884,62293,37038,52550,64104,5549,12386,16854,43269
10099,10522,24782,64047,24455,16043,40043,64186,26829,63791
10753,23139,14078,34239,47564,63978,18798,30826,8,58
12193,35578,36264,18954,1278,44249,4259,25972,26263,28388
14442,4215,46194,40161,24930,43718,3221,34792,45485,36667
43918,26464,13000,32523,36490,30966,13374,5670,4220,9607
36525,18666,28937,9588,8373,27851,20932,45847,27508,50349
20733,8035,53757,27777,63761,8427,21501,1630,24494,64416
4174,29943,32974,18803,5262,58062,44596,49714,20929,56531
51160,27681,12941,3666,3414,27708,51637,608,52408,15396
33737,37715,47094,58795,23441,38793,51334,20976,55259,58093
34715,32310,56490,58397,45035,8155,25160,30942,14291,3925
19962,44956,58704,4172,35352,22650,63078,58400,57079,61352
53006,12231,8056,55908,43901,56035,49065,46892,57726,52289
58935,12005,33587,17237,18796,35145,13102,40962,51961,23993
4934,55244,49635,28013,30602,34284,55287,3355,27266,35968
7384,15744,41846,60955,4666,63878,11978,18750,42289,34475
7693,36384,21553,65363,37375,55167,56434,4781,10617,58118
41719,54488,48998,39993,58521,55639,55030,11979,55204,40308
226,10177,55527,38855,1265,48157,18560,17282,32113,42186
11707,57795,330,45911,2854,28565,36862,47175,55677,25899
22097,37582,53855,61837,16267,23275,8485,52299,49770,38275
19891,35493,3350,16401,64870,21470,23257,52001,15548,36132
50506,61556,47738,26609,31855,63856,14476,27326,43321,26985
43276,9450,48400,8828,22758,43428,33592,12352,38694,2110
12428,64537,26430,35752,1993,44057,1282,15665,32838,23163
4847,54921,28238,34128,62212,55381,44314,57304,62783,30856
18000,51956,27168,32204,18249,56072,14720,58330,55763,16121
56789,52269,27679,42498,58420,36235,51197,15030,1473,18819
36120,48735,18829,20593,65105,42610,38599,38113,26496,37052
32063,2031,24253,16180,31547,38176,47460,57268,45742,35504
37254,1234,10654,21919,12791,22056,61185,19510,32130,46719
188,34976,17389,48147,21373,6689,63054,44481,43567,14314
51102,17524,6468,16814,3298,39701,63386,39758,37911,28381
13332,46467,9166,5679,7824,37897,54319,18930,57994,32633
29642,62329,62663,26892,43996,3190,29427,4311,25066,25409
5912,49046,16829,53765,16617,58888,48366,45473,53625,23021
34882,47941,24550,57590,63861,43481,23397,25230,6634,15840
65447,27347,18062,10831,55876,38149,54919,21089,61405,3786
42562,33859,20495,40297,5349,11451,55512,48032,2182,13683
20040,55571,52201,62261,20968,39196,8779,65131,32882,54137
17635,46283,37935,59328,1435,51396,55236,44585,51170,3205
52424,53251,8200,27992,7887,6569,26919,60625,5925,64967
32718,58950,26300,42095,15484,54668,51393,60046,49311,44934
24138,24189,5219,43042,5004,3582,25150,42086,37473,58461
43095,58883,5034,48731,22411,55107,40830,44569,30312,6825
16929,41445,28505,47886,24870,38218,38572,8761,61176,15848
660,46762,33450,34386,10379,31660,35924,59477,49840,28897
57589,24925,44780,18084,40961,16351,14921,14190,38614,22890
51186,19649,10674,62340,1385,21046,21758,58111,23035,62885
23793,8100,2373,1926,11461,62025,58586,29898,59197,17695
9809,15297,19227,4177,49352,25182,51093,51776,37394,44389
23464,20614,63506,63648,38657,44758,22252,656,9957,14601
51936,8849,43797,35608,34222,49393,43938,7566,17081,56312
16393,7998,40201,4018,40777,18960,28810,58664,39246,37262
30122,27424,13392,38084,25800,13920,65057,1160,54842,29454
1150,35073,1988,51937,30304,40514,52272,62811,19179,23349
18222,55637,30473,48020,3048,148,10813,59989,58248,30585
35189,25572,13666,19524,25690,17151,15674,15316,21663,24284
43774,58734,56134,3417,17223,10825,42128,52882,61064,53258
49174,40024,50998,20399,2113,40553,4140,53082,13593,39336
5275,10498,65170,59370,51596,16800,39112,35718,8589,10325
55594,23151,22590,49968,49282,64936,32754,59624,26365,28045
17682,17848,63799,2735,37463,7839,10519,44683,42886,23168
61288,7411,32974,20863,18960,28385,34889,16960,62402,4626
25070,20148,11236,48581,50856,62326,35744,44350,1283,20892
53229,54599,24824,62780,31355,31688,34038,45025,10800,20751
21713,22834,49561,21102,44102,32542,16990,60305,44372,2944
22744,30673,48140,3016,40309,42518,25369,52626,24756,43592
44844,34748,30323,25737,36328,2578,8377,16937,57378,29571
47107,61207,9665,17526,14283,43865,13336,24584,31954,1690
23201,64366,30865,31264,39155,57287,18527,38874,54217,13113
62421,59050,1538,10932,14458,63525,47646,7391,42421,40070
48306,62760,3362,27808,11781,43728,33316,28846,59607,32473
3780,18345,36915,60589,41812,31905,41868,19544,54100,44117
28269,16722,55324,65178,34467,30248,47856,15150,49849,13984
35740,64872,28543,55355,45089,48010,21807,59761,49619,63722
64208,49147,13234,12693,12449,48724,46657,33034,9959,14070
36585,41725,49039,41662,59918,13117,23917,30845,11630,24968
54863,48605,18990,6739,31049,61014,2240,47161,26469,24490
28512,17452,59386,12934,17392,27360,3330,15663,64143,19887
40086,38904,30982,19069,538,55495,37993,58689,20414,36243
7228,47344,54060,23788,28748,24399,24961,26404,63984,38251
27944,39365,30534,28792,18278,46360,58059,19000,48615,7475
53985,22696,20048,33950,34992,45249,24862,5303,24067,11498
27393,5048,16725,57483,23877,42291,20262,51246,36025,64692
763,6552,30710,33067,27893,38317,24341,2281,36489,31633
46272,60851,7355,12844,46059,2860,34904,48654,43130,12940
63831,48936,18031,14532,31435,39579,4904,23866,48375,58769
8520,53991,22688,27032,19289,53134,30800,49021,9777,16155
20392,59241,53570,48889,2076,23428,38352,49531,36568,7472
12626,33380,13539,52969,38716,23689,40106,57183,31721,11001
42517,13968,31364,6032,39901,22387,15709,7052,10914,17180
19122,417,1456,37887,6580,29223,29534,52894,13120,62204
56317,436,24972,64803,6787,449,13014,54393,7626,25875
55281,48935,6218,44142,5123,10925,32738,11539,54629,60939
4255,45730,35429,12853,28206,41560,46150,61991,23685,26919
50572,62950,3315,36410,21375,11482,10247,27879,8484,56483
2889,17127,24512,53336,46322,2095,47602,60221,26064,29574
19501,39950,36430,44346,14639,1388,14034,31249,31323,57484
6474,45817,32940,52506,42745,53389,597,30570,12448,32115
8853,34990,20712,30885,44794,39580,21180,24421,26354,57690
18812,34133,28427,13323,38026,16301,25811,14613,60038,62924
58193,7172,12705,19902,60582,47795,14779,46425,2731,6572
25379,20928,45441,56318,6862,2111,63386,57695,18255,57796
34178,2456,51475,45646,24110,51072,42539,11548,33705,21945
3838,26114,62055,12284,57389,59850,38351,8410,13501,7009
59740,24278,32979,41628,55951,28296,29774,34920,29366,57263
13752,17003,7630,58209,13952,54247,34442,58992,46733,29132
40740,60374,41693,20309,405,11985,13763,28817,46516,39558
27708,49626,59689,61187,16636,7300,6254,53825,40367,51459
11676,49324,57178,63501,33396,56669,12461,41457,41098,37020
62472,8537,57116,56017,48772,20530,22863,59474,57702,24157
28648,51837,31252,54838,56114,64950,36969,17139,15013,29401
47745,35844,57205,55302,65085,48696,42293,63835,14438,41605
924,27460,47087,57581,53540,31137,24554,42921,26720,32901
20373,38399,510,37087,56723,701,13616,12313,13839,9390
14321,10819,26672,45144,26325,62710,15894,5557,31841,51637
44855,15661,17710,32358,54962,60129,34855,25065,10728,44159
24277,14620,51632,39790,34495,55774,29943,46182,48672,4699
40851,23384,8255,34490,25433,9750,32621,4402,7697,20947
61933,49032,26664,15090,6232,58470,59947,21070,54754,42444
5485,24873,45897,13674,1438,57904,45206,19278,64893,59362
18631,43682,2186,37967,61817,48709,25956,48336,32614,43282
32511,53031,45134,49956,58751,4968,16577,4917,27290,42155
33538,46436,63477,8910,44512,28216,46133,16949,27098,60900
41034,47732,13447,54332,57736,63446,36153,46187,52771,38622
23318,56280,12780,31401,12262,3241,54286,50862,34696,64378
2061,35650,17118,1528,59436,62248,11409,29533,57416,11992
16447,10746,51169,16686,2079,1927,40687,40363,13770,50467
33005,9649,52158,54213,16308,37514,48376,38364,24551,4054
50896,38181,22257,31,11933,45541,64506,8008,26086,41132
15804,63435,13039,26428,6345,64459,17218,61268,19705,64518
9915,64756,27551,29471,49995,17010,10804,39553,36737,55488
22183,36199,10974,14580,4211,37942,5222,20057,22268,10891
64856,11180,45167,32866,49400,34732,55695,37915,29583,19056
59432,7022,12679,13804,51660,21709,46363,14548,49900,24609
10034,40202,16356,1659,37028,52252,62373,34751,37944,5613
20669,15647,25727,41721,940,58242,14265,25117,9547,16278
58827,65138,29078,8544,3509,59806,41511,63414,41853,19100
35695,41564,39658,32160,33102,9112,62376,62095,44434,6274
51224,41127,37931,64932,64291,33088,43171,62191,25769,1348
38484,17472,31897,51215,26458,48237,25179,413,54944,24163
28869,49084,5988,48981,38536,4783,44829,22009,28251,63969
38338,32573,29056,21514,9341,54066,50104,22052,23048,45438
32855,6553,38456,55728,23074,27646,4692,17156,26883,7364
12714,53128,54699,63173,65480,5939,36632,13127,32666,26251
10962,2535,2416,29549,61785,25720,16170,20373,52465,55414
18580,24743,61003,37954,59345,4363,149,15067,12635,19006
35482,59553,20420,19632,251,43445,58814,50858,43503,56019
32606,14384,33015,21569,46724,10120,22185,37793,8372,1210
63834,47819,27261,55665,35557,12007,13399,22537,20684,33952
60026,8940,22429,9760,25999,44234,38317,40660,19217,19118
59930,18864,44965,36272,30628,32814,41268,50531,24974,35198
11115,43893,3862,32198,26494,34398,44044,58462,12708,36642
15350,14357,26895,289,14627,62888,28925,1804,47731,44730
60339,27107,34337,48824,11004,6031,28026,26262,29623,19135
7844,3490,5356,31905,23748,31246,10149,50574,24738,61303
37978,59073,31573,17935,18262,50221,59784,58874,59192,10133
63949,44324,64835,37127,13072,45103,25869,17147,22313,4272
16212,18057,5735,3873,63031,45819,48835,42407,15404,5571
6417,61235,57178,15580,59703,6248,43056,27000,905,2834
52836,50634,56828,7067,18478,54298,605,19795,59841,56718
32178,24799,6370,6833,16330,15134,10037,616,54786,30185
46346,38599,11095,50345,64566,137,35617,41672,16672,30863
13608,39985,30909,63370,26411,40955,26732,60071,63563,42642
28248,10141,27660,39586,34170,39824,7955,56722,60442,56813
45072,53884,516,23913,1398,29711,9357,16085,53369,29901
6820,50481,62233,39745,28638,50878,33771,47789,54006,46303
15795,53602,35502,52003,8598,45352,24808,12453,7266,20350
34920,41520,39976,62738,16483,22963,36708,53536,17573,17285
1447,24553,36012,14101,12539,25314,13763,876,19534,64246
21392,26273,56171,40527,39075,23562,62900,17103,10124,24808
52808,19520,10277,60176,41392,27937,50352,15146,19929,17919
36876,23393,61679,7655,5722,46345,4817,13979,48545,204
13392,13425,489,46591,22178,34447,35552,56536,37862,55510
2272,14420,55292,3956,60074,2863,28684,42764,59945,26830
28054,39637,54461,50863,12657,63128,8138,57791,36969,21256
6287,3852,54924,26364,10077,60740,38999,42290,16884,1954
37065,21696,54360,16870,58264,54897,5688,60606,42564,16733
63610,40093,52151,6535,60080,63449,6135,60471,21035,11165
27669,59524,41609,25506,33272,16005,5141,15196,33772,50563
8359,61175,21775,61060,1278,13551,58306,953,19742,50151
59124,13834,26776,47545,6582,7194,44126,45708,24706,12560
49969,38832,33784,33994,44251,8032,39550,10823,32846,61326
45189,29793,63237,55510,33920,49268,13151,40930,60688,28392
43362,53166,12100,18191,27374,63095,54873,23713,19062,9088
10697,39724,39254,57302,38428,58907,21676,43541,9853,25959
34101,63547,15607,2147,14581,59763,27891,6616,49945,55951
42059,27890,23275,33642,663,35947,45722,1635,4541,51814
23800,19872,44453,47601,3984,20866,5468,36889,9497,17174
2016,63726,13195,13039,22077,17322,9812,31720,8278,43573
33364,58208,21776,57566,34946,31824,54040,14551,28920,4991
59119,11135,12993,63612,40541,64882,13013,4839,39238,12652
45733,14140,41231,29898,44081,51407,8150,32204,6177,61289
42782,31116,19183,34160,20923,4280,43147,47826,36650,46286
38286,42063,37377,4409,13177,40973,501,53072,14842,20353
28936,3144,40312,60212,21139,40176,35501,29106,63913,44133
64355,2862,30233,46402,32071,9435,51444,65216,38250,55345
17122,42588,40597,52047,3168,50833,3921,12161,48446,23618
11198,20997,46450,46631,58704,22647,62874,45860,52280,29208
54049,13380,65174,32114,11899,13046,5914,38935,33554,33448
26940,37670,58029,47017,41389,20614,19897,45087,55475,24464
55238,4334,52211,64350,18484,16790,41386,17077,6080,54674
8649,39932,47997,37521,8494,5403,44449,63635,50411,13846
51218,49395,47546,4017,37119,16886,58017,37944,51155,57351
6582,18426,50510,43867,40336,61277,32993,27158,52123,51344
55335,13943,62004,21588,19255,58629,15094,7541,16475,21191
46058,11006,53220,23096,54072,19448,15850,40121,42537,62511
10318,50666,60570,46172,25125,65248,39851,5079,59625,1851
48728,54084,15485,19384,20420,44371,41766,61630,29449,26925
16898,3854,4077,39905,14930,6738,12627,2387,24407,25775
48274,24339,24066,36602,1975,13955,62771,21238,42967,30803
56111,26419,12560,62201,39492,55368,41072,17487,10831,52105
6303,44543,17839,65252,729,60067,50326,26060,38593,735
49542,49237,55134,61160,50112,15955,13063,26600,59589,46656
2211,20869,40331,43995,49347,12765,57091,38177,7258,16776
26552,6810,38183,20253,190,33777,27582,27824,10922,9931
59683,27864,40002,17117,32456,35772,7918,45208,52967,9666
37581,40618,63594,24165,23210,22355,27088,32719,65434,24877
58286,20718,48930,49762,39993,7154,52755,13425,45293,27753
18334,11159,40663,48954,5695,63243,22621,7092,51068,36624
46572,20225,22579,62429,60971,9962,20555,47703,34820,6621
44762,43482,54450,1492,6395,58760,44471,53282,15448,49453
17005,57878,47694,41980,23484,56754,21214,50157,7484,58892
40947,37340,55685,7929,10143,12405,18485,44805,49354,54869
15759,49531,32731,38907,8756,13562,56977,62279,10548,33448
63306,18329,54807,29112,4816,38631,14992,10853,32045,54998
34783,47383,18525,49866,59242,43844,27280,11957,63508,65410
65117,487,6032,4436,27391,7290,39046,63622,18950,24922
26397,11215,50296,47624,23664,20496,18466,50056,8268,53661
30083,11901,25829,51241,21243,46845,60049,30626,60657,61902
3257,22943,25572,32313,11964,6382,49495,62695,109,6006
19735,13313,867,15726,21265,64603,29082,31806,38555,49781
19837,56057,229,22459,42674,17863,33580,40033,65146,16190
53817,4966,42368,43168,56438,9880,48961,35179,21456,52158
64567,40414,39788,34765,59001,24951,26052,30881,10085,2687
49167,50130,15400,12155,61660,6013,62507,26826,32368,58446
26652,10243,57793,8649,35256,55082,35937,64712,50219,51467
42766,30469,36421,35400,55796,46824,8438,8333,13830,16071
27098,61238,21674,52420,26130,31445,51636,22629,54207,46339
25600,6197,54628,37115,46911,63283,49565,64677,42244,4306
56217,14374,42861,40060,50546,31728,62183,35255,2178,13818
60483,598,58359,30317,51590,64289,2819,20823,43548,27604
6968,59023,54265,42346,52844,60017,28009,47739,1799,36807
14921,1899,38251,6754,26409,35539,25400,36748,54387,1962
27494,18543,4145,37436,63591,32685,47362,5252,54537,50985
26500,8626,20631,14715,29378,45175,53533,60599,7495,37318
51855,14511,33536,49801,3940,35516,18821,30981,20465,6478
56921,838,15400,17925,9208,20361,25912,64439,46703,57364
2652,16934,10733,37332,49082,1245,57390,56915,15896,50038
54337,60880,38400,60408,35624,23716,3426,62268,49753,5598
16688,40279,25395,59265,23620,18820,33047,16764,34790,14252
30934,29446,45689,14362,6484,34358,20345,15926,41687,24723
51861,3767,30023,31132,57404,31211,64692,64254,9783,14844
49191,46948,48396,51224,63950,14381,45866,18531,53447,30660
17534,55260,14457,46434,31319,26592,3599,60353,36755,34908
48960,58694,49854,53106,62582,26227,42698,38210,2544,2169
29007,32856,24613,26552,1911,48065,2700,30889,60104,42760
15769,7013,26682,33095,54695,5061,58459,58249,8035,3126
23945,30075,25528,47287,16420,48737,29146,11182,14312,26251
26010,55671,17040,62895,30437,23693,9180,63004,37531,42867
37162,46384,64909,60914,40816,1877,62315,41790,38873,14194
35195,53838,35095,49058,18226,2762,16465,11019,6247,37290
50471,9128,27202,22960,15633,9073,41292,31474,12754,12806
37714,19583,37447,51940,1391,11186,59597,23302,31468,56995
24527,46421,26008,29879,46321,47852,65232,64930,45089,51698
20600,12104,10332,34044,13190,49025,14300,23950,31894,60680
26356,36331,24293,32333,2043,6254,4882,16107,13740,55347
30844,56057,20780,31049,3349,13823,31991,24102,53526,65274
63502,47698,42002,27811,15383,15058,38736,1683,31154,14249
11873,353,60863,11362,46768,24245,3794,65115,56256,52353
46229,18828,14121,14780,56113,5289,47092,13167,30605,64239
62634,2385,52006,60021,59431,65032,33994,19959,5784,52085
51688,33370,58716,2850,61568,33317,48672,4110,45801,38127
44212,33218,7394,55526,44362,20899,24572,16440,38619,45231
27557,48241,34271,28606,3433,23762,33918,24936,48859,61661
15493,27754,3050,20539,42934,27021,55154,59339,19835,9000
38237,36763,35556,51153,63281,56169,34183,13971,2347,18562
24352,36326,60666,6515,7509,65334,13264,51442,9882,39680
42868,49288,41484,21627,20794,11724,15853,46846,4156,46057
44016,28194,30452,720,438,45199,56397,41154,18386,34473
43123,52383,56051,55343,22185,54002,33114,45533,15141,15467
49714,36946,14414,15582,40603,12848,30829,1309,7062,54848
42019,19593,5705,42742,24069,61217,26823,21429,59383,15222
11719,62233,60894,24821,10111,24388,24074,26423,29946,5575
45240,48697,11479,6947,48329,64033,61530,15606,26139,14911
26407,17987,21749,25039,10719,1647,45883,36431,37551,59980
48109,53585,49134,27012,16049,35537,64518,33938,23781,50857
513,50995,44562,31420,32015,52804,20986,8843,22162,36272
29532,48083,17785,27103,21625,35043,5525,61615,17679,20064
42965,36266,61861,22410,874,10279,47977,13847,29873,26607
43229,46880,36384,35169,39111,63798,43626,383,59298,63824
53114,7662,53603,3375,56977,27475,34539,16745,21241,5265
35594,9441,37779,21089,41272,52076,22815,57869,65429,1582
41780,47530,18551,34808,28287,5679,34178,14777,44698,51065
30195,35895,20297,46786,27206,4409,20225,29307,54172,23153
21913,35879,49946,32217,55886,13803,62937,63514,11692,48730
59494,1068,28195,50150,18799,10377,59800,30441,92,5833
8721,25611,61915,45153,3204,28705,53137,62506,33532,27847
19726,27034,32251,4587,34657,30520,51568,21983,52489,43617
63372,2419,59294,58591,8891,20133,61240,63533,10236,42312
30895,52102,16947,46788,57957,55673,64917,37528,64792,59104
44434,11735,30151,51341,59402,21269,38626,8764,50567,20807
37335,58627,48687,32630,56983,28631,6333,29757,6620,16544
49560,53920,33148,59948,15953,951,56219,2031,11232,1108
39163,65452,7489,41493,5085,54251,47631,48478,18857,7556
4366,38031,33154,4588,41759,27679,53368,64825,16041,40749
1175,53589,61380,2338,59298,7099,4778,61126,7108,7723
17932,49248,13930,48035,31064,478,9036,32076,11840,24931
13064,13952,24058,62802,3736,8414,48432,64798,47408,22692
43642,63190,28953,62016,30082,61318,55680,58845,41440,16264
30792,17473,28163,45907,58595,23870,11113,28687,9180,38611
21571,62355,60102,29935,52622,62779,3540,43749,64635,60572
50397,34753,20969,62515,29227,6103,41196,29809,58395,23010
19103,39059,3209,22427,47729,62409,57987,30948,31771,9760
27016,47467,7931,27901,59040,41537,28407,64657,35565,51662
4742,44548,47979,11690,24376,56492,62877,38941,38504,31185
52953,33840,9104,47035,54316,12374,35479,34694,54506,52736
34791,11885,64000,1020,41043,62962,27571,3451,12340,20020
49414,56399,16154,14862,26553,26554,47747,13473,19796,50392
39525,13648,20144,54834,58369,27405,31276,35004,34467,18312
11403,56270,58289,35044,31198,29605,28698,49234,51474,53030
51222,44969,48027,48474,33583,33920,39132,16435,40715,17961
478,21686,56345,19705,60385,34910,13708,37299,50558,54327
46664,12780,29507,24217,25539,25905,4590,9308,61546,27358
57967,9071,33262,26744,5712,21688,30827,51037,18096,58534
52271,43717,51799,64248,14582,43991,36020,6401,5053,2333
42595,45100,2693,18282,2463,36387,30515,52919,40119,16878
61179,58014,36898,38653,14790,31331,7888,44897,47898,14155
5029,16296,51987,33932,30705,14864,36808,63142,25184,8346
6665,42879,33499,9085,57074,47644,49496,37768,6229,12333
6663,15812,40617,59683,39214,60164,49861,13561,30981,5653
2151,41277,26452,36982,36941,50574,44217,52826,46075,49194
43065,55599,996,54450,22467,58302,38610,29158,8838,65489
8995,64997,52267,35865,63774,40142,9619,64500,37079,53598
10434,50136,44572,59292,6361,36597,32653,3204,54003,58564
17249,39915,45797,56629,56974,59551,50408,50544,23449,23339
44106,47108,26573,16771,62277,6326,5389,18653,54686,58443
13358,13424,43846,61873,25607,30714,9312,2914,26459,4532
29536,54904,36583,30324,41890,16258,39271,5901,57397,34450
61701,45737,34602,29996,53182,5970,23575,6968,37207,60785
62534,24051,56585,51027,53161,47672,64986,23145,16961,27099
58806,63804,35057,57801,25989,64966,9741,23933,52287,19947
39976,45688,35615,2269,61616,3396,11405,55457,12669,1204
61170,22601,54513,19706,33822,50340,9434,22018,48749,4085
53796,44607,31815,22750,1895,60148,63301,61502,15505,41153
56018,29482,58060,56870,16671,41741,62234,35763,18219,13989
6311,33763,16487,1391,36185,18213,14404,2486,49257,34625
31354,61868,42836,31665,28763,14382,32156,1006,1925,42380
34533,38395,17873,33205,60033,35502,54910,9150,30703,25526
20600,30894,12686,27296,52776,51579,53934,7268,38089,52594
64936,8460,12533,1127,38237,35605,29110,29573,23649,54141
46826,47377,24947,7773,18528,18507,3954,23158,13578,62420
19195,51638,16415,65234,14134,18771,40311,1887,22079,61054
46436,57731,29222,38661,2226,51040,50001,53657,21837,53321
26426,29975,43656,63826,5757,55266,38579,25316,39115,44213
23418,54903,62490,13391,26500,64668,36396,27105,4232,37212
10398,65095,56477,5586,12979,62873,14686,45955,57375,30544
17724,52532,58021,7347,395,53751,50226,43803,10190,25242
58268,19162,1887,21290,33227,60889,50495,9556,41741,64465
13555,31846,11332,44728,65002,55901,653,3383,5046,8119
40551,12191,39507,39390,9248,65414,8793,48784,62228,50811
49681,48699,39806,22644,1019,54915,44440,58721,24445,39797
1041,35661,10988,42228,54147,18794,56112,44779,41654,47451
11126,27437,16720,58986,54086,28167,63572,60660,6404,8165
27298,14516,20620,52129,7371,33292,30844,46349,39939,65188
16727,16415,48334,25353,17947,28654,23220,42960,20356,20747
16300,8648,25193,56266,63871,64659,9008,63409,58012,31886
11583,3426,49147,35496,53640,9656,56841,23978,15888,52259
25405,54214,29325,20709,13354,44221,41455,16655,7374,15623
45550,63431,34513,4948,21108,4805,55072,54101,2007,40230
52674,44537,40396,7347,202,40561,52458,59538,26423,54493
50201,18590,6061,11858,33894,10335,58212,17706,48290,54219
53746,35512,54025,7451,48121,47654,12731,11442,15070,38175
22234,62590,61051,12234,10894,7970,60775,15133,11291,26569
60732,37889,35941,55607,6391,33574,23285,13637,47680,52550
15663,41020,39930,34905,8376,63842,63818,5037,60668,23939
55195,13054,39963,25924,6705,18849,31082,52248,26184,28363
19724,25640,27003,48736,64758,14382,38471,41641,10,52300
22956,39696,46509,40351,17671,23577,24308,59590,50848,42815
58951,6094,35340,27038,64771,22289,55077,6855,1889,201
3394,6112,48978,15073,7885,42858,40412,18718,50534,16762
18921,52718,35603,19747,45087,16639,17011,44838,20755,4966
9289,10353,30015,1290,57639,36536,45199,43510,9397,50759
27850,47822,1769,37813,56855,18987,12842,40301,16456,52069
4066,34459,25348,55542,32807,55417,41092,1611,26630,39340
65532,60850,57064,62577,32754,17218,50381,64881,1344,3300
48471,18036,27014,6745,13567,6132,48927,45646,30278,52397
8683,60909,60932,40893,9878,29209,62945,54723,53229,61569
12809,31735,34409,35197,2166,6366,52044,19192,27712,11793
12551,48609,49816,36331,38020,47332,48871,36632,12248,44750
23269,7430,44021,23826,50554,40232,24066,32729,18047,30535
51071,25015,56791,33183,5306,5143,22757,23130,62516,27401
55579,51247,57882,49917,56055,32469,15095,18158,18525,37664
26268,24914,51050,58229,58470,9451,34358,1607,41025,56369
8318,7693,6340,61197,58105,42604,12038,47861,7741,14554
45800,40813,6164,2863,45799,514,33637,64236,45775,63527
52685,5619,29831,16589,42583,63207,24808,1284,28148,24275
39607,43870,23073,315,49043,15195,47470,51615,30284,20311
48378,63600,23732,50904,2033,27078,30603,1596,28291,52745
62126,43653,35928,41091,62891,38489,35417,1513,41225,28338
47224,57701,37957,38817,8533,26838,9298,38077,41508,19923
28882,53840,803,42700,51796,47086,58031,19848,38833,61042
45716,60338,2028,43028,57165,16561,3506,9856,31883,53491
24319,47384,32750,1580,46922,37269,1029,41286,49399,23492
61328,20887,31096,42301,506,31933,9522,30992,3280,56286
48803,5208,701,44427,50056,37186,5104,7244,26979,64019
57010,12917,1566,22454,46259,26273,54049,19281,15304,51332
41827,19429,57278,17155,56372,19653,58262,30256,53054,44061
49573,38602,46315,33749,61458,42601,7702,4544,19155,48461
6851,1418,45897,15731,22976,5469,3940,64838,52359,59953
13924,25596,24623,63597,54721,38163,16841,63476,36223,43937
38541,36630,5409,8482,20844,4797,8638,44264,26202,39478
50614,47869,11191,46849,57321,19493,32175,8523,10035,3423
59217,28395,35297,52782,2372,6332,28366,62870,55012,15005
22886,45759,35476,63989,15260,36684,29747,54393,4618,972
61253,35876,15387,41018,56635,63547,4935,60531,3240,17921
38128,30882,33929,22742,22276,11142,48790,65209,4396,31608
3906,48917,22231,6338,24116,3916,37838,60932,45992,57234
44637,14064,38959,46966,55580,40515,39746,22470,10620,30717
61463,59046,55229,54848,11879,9995,34449,57657,1583,35038
4302,64886,63030,49273,1775,43756,50068,6835,43992,48530
59543,12801,59113,14961,60822,54767,7478,32697,391,52980
2758,64569,23823,23419,61609,48358,21388,49178,33893,36450
9070,37920,20128,17699,24571,25551,16981,59120,58311,49482
27970,47120,2871,57689,15639,36433,10480,28510,8002,58851
38146,43109,15515,22556,1123,27004,50586,39375,44689,11893
23436,41931,42168,7928,43049,54447,8177,2299,64100,36395
10558,20816,53755,22302,25246,64160,28584,53001,64607,29935
60387,4947,12309,26666,62530,2041,21576,63695,49323,26391
40258,13752,47162,31633,29864,60438,57382,32667,45624,8416
668,1075,38286,55291,62669,38421,30275,15714,49198,58268
4490,18098,27320,11184,28407,50490,29338,23945,5564,61277
4097,9631,2768,2864,25043,54357,21950,54193,43366,1209
15935,50422,2447,36361,43873,30704,45412,53039,65346,44269
11180,29790,46115,18041,18343,60023,36201,39179,31764,56016
43719,24479,25361,21167,61638,3839,4692,29344,53865,15253
62895,9572,63751,65289,30041,16102,65388,19014,60610,11511
59155,42745,55232,18994,25520,53112,739,8187,50311,34790
6408,31995,59988,61972,64706,18024,50478,47655,50213,20784
62262,61643,26344,22187,27714,49132,64903,9785,20140,32368
26729,13141,20940,3641,9693,24970,62495,7651,33180,11035
61086,26883,43321,16286,9450,2706,1513,61914,50832,6970
52208,59528,21538,34041,44191,49942,19874,44460,45870,43716
25709,28226,102,32017,61587,9690,24626,18324,29951,15058
55719,26233,47188,5879,1944,13679,12115,31585,32226,9201
8258,961,44947,3952,55155,39123,58278,45961,13571,48960
32157,57558,38452,44479,14130,47665,14673,65285,24585,17113
51198,47061,5365,32522,26344,50601,23900,32605,34681,43850
46302,16632,44708,60770,49735,50877,8749,64314,14806,17212
61533,35468,31972,9968,42245,55636,20656,39760,27527,26500
56782,9224,59101,18166,21784,2853,15994,12393,49091,27341
16626,2655,27959,36366,15852,52822,19241,63902,18207,50457
63958,14402,3424,23519,32741,17114,54438,29395,60015,55527
35004,6777,374,38934,59504,228,51521,38672,59664,59112
18311,52731,43205,2598,5675,64569,38686,57694,45976,33519
6413,9023,61780,27485,41486,22298,6999,44035,9858,62335
28074,4357,58603,63939,17731,62711,45204,52204,26324,12247
13302,21493,63577,12777,26398,31969,17912,61520,52092,34629
45719,14316,64678,60238,15957,9435,46558,38880,20745,60203
50354,25057,18706,30950,49394,61915,56609,29006,57421,17251
15211,6557,7271,17720,59201,25722,49114,23219,15649,47855
33075,61967,10698,6417,53591,6784,12270,23254,78,23412
53565,54896,53053,24108,55657,20265,57243,38540,51621,13790
64055,1028,26990,16960,4330,53803,31362,14661,59425,23565
5125,18183,4541,21646,6692,24972,22998,20930,9870,45500
35617,43297,59591,43166,59662,2120,46497,5270,35584,45645
566,62590,35279,2897,40793,50714,23098,24630,3681,9041
14654,59800,26505,21992,63372,61886,12197,48679,63343,64652
36922,12053,3799,2014,33063,34520,44787,6648,24440,34046
34561,61476,56094,60701,12765,39970,39475,10822,59663,8775
36117,22422,14803,52273,55970,6646,5449,17062,877,35784
41493,62349,29676,9690,58177,18843,22314,18926,1879,41530
7535,34549,39636,7832,33017,61171,2708,29045,43344,53378
4411,41509,53197,29167,31428,48988,48961,39567,20344,23037
55621,46377,15720,27311,52454,64258,48077,7976,37151,60081
55576,25129,42905,25055,49005,20993,3328,57634,7321,15881
15106,4089,13459,63052,50209,45232,33800,36503,25023,14035
26145,63258,2181,13003,16853,15211,28521,3345,39297,22688
4467,32553,11179,62391,59749,30413,22005,44149,40628,39861
19077,47188,2061,324,48516,30945,19190,27383,40479,58612
36739,9501,20514,49994,51444,55063,30377,53375,24218,36236
25384,10569,38920,47944,45065,58364,19181,42073,2283,28291
12180,45200,37140,33068,11339,56493,17936,62480,51909,37364
62689,37170,56388,672,10834,54579,35727,21958,34693,56730
17028,7848,55989,49386,53048,48791,8367,55559,15335,53627
61992,62272,55919,58937,25129,58615,31491,52397,5597,23528
17571,55945,11056,42356,20534,31162,27705,32866,12565,24091
8199,19055,22604,40510,48966,21412,61083,52073,43468,25679
55255,55617,28905,36258,1201,874,33906,25137,55889,27339
44029,2147,6997,47218,9283,63604,4372,26395,59805,15399
17924,2928,48559,64887,16519,47256,5172,58780,37206,22048
4377,32134,48855,21550,65228,11892,65150,62229,24799,64200
17459,58871,30449,40575,52419,40414,64268,5087,29366,48892
49622,36512,53864,18016,40189,61029,20401,64372,8226,3869
1743,61239,49512,55049,42474,1353,58107,44237,37445,26481
37811,91,44068,62968,13159,9046,53761,9883,46449,34512
58866,64860,38311,63708,52243,30712,1483,58465,48843,852
60924,26560,17223,65171,6423,62303,40856,25683,28981,23585
18325,46431,31,47105,48508,27486,24405,1379,58114,57341
31132,44964,49664,13899,15968,45074,39558,48568,6978,18167
33338,55293,18480,52946,62409,63107,50870,26077,21259,9641
56897,16707,9062,60652,17646,45138,30512,2994,19798,49662
59540,62542,14867,53041,56784,34100,42091,28350,4514,13095
19697,57307,10077,2397,30870,57224,39680,55084,57611,12167
53159,28732,2770,57491,14311,6008,49046,31465,28397,22464
49755,54298,7447,41029,35651,479,27244,50104,51412,6301
9119,47559,25050,37612,2794,19824,51059,33165,2572,37347
65352,51259,9349,56109,12561,12748,7245,29045,12532,26003
57289,9157,57121,34594,757,61636,61094,38397,43775,61454
29299,32879,34688,29433,40491,40310,14321,52282,34165,47621
49610,40120,51673,40111,39768,17940,26685,9785,27719,34721
56087,38913,10576,55721,9572,49558,44553,62962,26392,31749
21160,44009,53739,43738,53644,43241,56945,6044,7663,18413
12947,58723,33776,23992,65136,295,26742,37593,61296,57114
48070,48115,47636,22710,36608,16466,747,61942,830,65329
43256,26388,29356,8576,304,24254,58872,46075,59760,32998
52593,3704,26529,57373,3637,59746,2620,60542,107,61393
31666,34581,39803,5631,245,17363,40505,56862,26991,14291
20056,24962,22844,28648,27546,11558,8948,41140,23884,59155
52188,49879,64895,46574,38892,63345,3557,48951,5200,36657
52908,48081,63072,62810,25870,29624,30537,22433,26081,30010
18445,6051,43633,49897,61711,8576,25299,65459,60698,55731
50551,16603,9872,47091,59103,65418,56687,23745,64395,25881
38335,32616,32122,3639,60405,56195,56808,62308,56819,39220
31739,47392,14671,17722,2114,53840,16575,50840,13033,61664
52083,57083,62185,12954,47061,26687,27185,2562,43997,58321
48723,41032,22047,28904,55457,44580,58181,46794,19954,3708
12965,22125,60334,44636,25703,13790,27736,60099,65171,51553
44450,8979,37882,54742,56173,39895,4448,56801,47430,26794
42057,15483,45904,63802,10105,56998,59609,61429,44586,8784
59661,31535,46,34170,49429,18666,45618,30507,27154,48563
20070,55185,6965,13448,51002,38315,3464,22847,59805,51613
50049,22217,14298,13010,49104,44188,35718,16863,23970,1479
44640,10187,43982,13046,44033,22624,56046,60795,32058,49821
26637,52588,53997,27253,24426,63158,13703,46095,10686,25525
29070,21983,6693,3749,53240,32828,62494,38720,37000,61467
3842,1872,24765,7200,41040,59669,58197,22867,60008,53363
21281,28993,42375,24961,58991,62027,52302,62881,28500,22063
10510,48311,48869,11957,20395,12372,41576,10176,12620,21250
39954,10660,19546,4123,1278,26644,56032,412,1393,24263
25447,12536,15660,28481,48664,17877,10070,14583,42212,54820
47394,7295,55966,36766,43696,31658,47447,53682,8762,5449
8521,63422,56390,18858,19725,8367,8558,64111,1010,33274
55379,30774,55697,63826,64768,8253,53115,35063,46748,41695
42829,11901,13366,55408,11249,64759,19207,44562,47337,57830
28272,50348,63002,64492,3248,26729,36908,57865,56935,40044
3450,62893,29361,58721,10240,27056,44012,6404,17152,52106
56101,52496,60070,1780,27836,13762,18314,41352,29973,57261
39689,24600,50767,43051,50171,12236,10492,32292,53210,57100
1860,44562,26865,15182,59833,24213,25091,48053,2972,20525
8507,3862,124,28202,48055,2788,34071,26662,26321,64522
9250,32219,30868,1002,34265,6764,29843,48221,41927,21979
14671,5920,57692,37516,38649,39701,53489,8283,50039,39070
3009,23957,38020,1508,15678,33652,44722,15337,61365,28716
14893,19079,16322,23944,24210,19032,23039,47465,52404,52760
34589,52158,13964,49966,57350,56442,5654,48190,33910,41425
47452,60777,59903,21072,18362,53414,27752,26347,34839,28177
46225,54822,50479,20875,33025,35145,24454,46039,51347,34853
51133,26759,44562,28016,49195,24996,6588,31414,25157,46626
22230,10671,40048,19270,57945,59986,49657,57596,4868,28486
53585,6619,42322,25175,37640,1750,56624,42019,36785,58577
57519,23907,3822,20747,58549,15624,63537,36083,3194,1212
41497,1435,63528,63294,37371,62378,48705,24233,62443,45103
18419,17630,17355,56152,53350,49569,63113,3582,48722,38204
22893,16312,33976,62485,17688,40148,22048,52427,49631,29795
56749,5549,60967,30155,9639,10365,65215,23298,38083,50302
13511,56610,6370,30823,9777,48968,1873,6551,16179,9844
988,24654,42175,57388,23855,5838,1533,26325,17947,48349
47166,62157,63905,4310,55553,31730,4343,23412,46452,60451
53417,23613,51901,17090,1997,10192,58404,50294,64696,720
28576,32392,62544,31457,59429,42865,48333,63497,32531,37360
9438,55794,62688,36647,41896,18869,64193,2486,42735,56232
3166,19626,41795,35789,55171,36192,10978,12965,12037,33212
41298,3969,36316,55791,64536,42591,29986,19991,25736,41606
34025,34135,63454,15412,40172,26820,53936,43639,41990,17139
5470,27477,409,42284,25545,1839,13953,35105,8084,48485
7193,22738,56865,29376,44644,52936,50965,42794,27858,18220
20035,38565,52753,6256,38230,22072,61034,5663,25404,60192
16843,31350,53472,52543,63302,56000,51064,2120,32994,15386
21613,56970,16514,25247,8700,42719,59637,22642,41431,34979
35390,53440,42054,35778,38965,54049,44231,4221,27855,39256
25904,46746,36556,24465,61465,54220,16012,12758,57482,34538
63938,16905,12996,61500,16216,34225,15573,31949,8223,5577
7460,63148,62427,2920,51327,44644,56454,35105,62058,38137
50290,56889,59913,41073,40705,48910,14545,46926,27758,10238
13995,32308,6429,41673,15201,8061,20282,43852,29662,29908
12351,47473,25334,28851,62640,2298,25183,13988,37597,76
54100,46256,6622,35617,60100,47832,48403,39118,44904,24767
47921,33449,58,54200,58072,50027,25686,46975,27234,20094
55572,46077,7761,7279,43465,44253,10388,51464,29033,50279
13068,48647,44942,35558,45859,48704,39667,61966,29400,28430
40435,51093,43921,30837,44313,9926,37607,64873,4002,44869
28199,50857,10232,59053,46499,50289,49443,59100,27297,39985
23266,3072,22469,5350,24404,63248,20498,24837,24376,10983
22146,30956,33265,13301,40299,64056,54893,22190,7645,30304
15989,52716,48415,41379,33232,6977,44333,6815,45124,7986
26800,25039,60170,31124,58873,64448,51549,30850,7229,39978
54050,48146,49102,9603,38992,34506,18176,35830,61975,51899
7958,63060,56299,64032,48311,52168,53484,29117,49382,53286
18487,58019,5329,22025,18661,24224,49800,49200,45317,8232
12949,21560,42276,38112,35684,4670,53112,57259,2833,1703
34869,35485,12384,23403,12184,30936,8981,46914,22619,32648
7299,63107,6610,64257,11949,60670,14449,20294,59761,22042
30869,11131,46956,45075,25675,35426,31322,45405,13818,13361
55027,34635,32158,45708,18542,26490,44752,26714,45446,35715
5272,15833,24727,37967,24042,8473,56789,49901,34100,10188
57548,18585,15731,16834,41674,50384,28753,12906,32335,51988
59754,46226,18273,31997,57034,27211,30309,30369,50485,45555
62830,4437,36080,45500,11178,57348,50514,6309,25552,38316
56591,43357,51620,24494,25787,27789,17275,24708,28200,14740
30974,38133,7417,18745,58223,57017,63825,49616,5472,53226
23704,58568,42069,49127,17347,57738,40795,64594,20523,44671
6365,49398,27221,30150,10133,41719,6084,5158,60683,36118
14431,46640,12128,29351,29949,20427,39860,2487,57145,40932
4879,46929,12518,7583,648,14805,6785,22312,56809,17768
9071,9832,39469,56554,14648,19702,26889,39017,30076,28713
26824,11045,11445,44187,53305,3888,35842,24311,59345,49793
53445,53451,12054,23348,6628,6552,18319,62667,40532,59113
41041,24931,29670,4038,58748,43782,27148,61568,16867,5177
25431,46563,51878,10445,40174,64018,48383,46892,14589,35930
43087,36350,54737,8740,63572,44706,42566,22452,36628,64357
27414,32160,36606,6530,10278,8192,36266,2120,57412,7917
19982,5770,7368,18973,48165,38793,44947,6654,58292,37042
53187,59456,27118,45479,60318,186,36176,49273,43323,16519
14677,2106,54162,19891,13001,17737,16284,29967,58100,26277
16815,52259,42120,58357,52488,51087,23420,27067,31486,34099
11273,33181,39129,54804,50681,50518,55126,20084,5564,63865
39948,21204,47323,43984,6968,27623,50178,57894,51005,8368
18136,14924,3236,31448,21378,35243,14199,64714,59002,40577
6152,33341,27963,13573,28951,30166,48515,31305,6867,42700
50317,20018,51105,51414,64945,42120,49242,13615,37176,48452
40882,33270,49343,39771,54449,15800,55289,21831,59187,21226
5952,16119,37562,53060,34750,1829,61044,65477,2365,7697
60693,26167,14036,44716,34159,15897,4076,39890,10249,3074
41681,36080,7916,49740,2625,18985,60803,24761,53595,5381
39603,35113,54512,45262,16523,31876,62427,46601,49908,51897
26346,13213,12502,41117,8336,54076,55225,7298,24383,57643
27939,33184,49691,62432,11440,42694,10491,19976,21783,64275
23013,43571,19748,41149,53379,2483,17820,32099,49814,14551
55620,55298,48200,30679,62424,26685,50750,55468,50942,19596
48005,43471,36601,14088,20473,42349,46248,42361,55895,52166
18937,10676,10122,30216,62031,35910,60387,58921,56267,50199
22005,60657,21836,31178,6166,23239,8430,25707,25916,47812
531,61072,31860,57994,43670,46036,61682,55414,65151,7595
49686,34726,48526,13025,39353,58895,57928,39954,33639,31766
37623,43238,40812,41563,44133,50433,47397,23368,40692,17248
7694,8373,61530,59949,58048,27425,3060,39948,23172,10259
25457,58693,62781,8217,4427,20066,13449,33036,26206,55610
62110,6442,64771,36230,36148,5439,18229,9474,28742,24851
42497,29331,38593,49065,11501,61009,41642,63635,19559,25123
61576,12567,60201,51319,39115,6651,25244,22334,47112,44565
49757,4336,4683,37731,24010,42417,12777,47109,4442,2171
22608,30754,15086,64341,7761,33069,1512,42794,26490,30546
7610,17248,6205,16238,34151,40987,13911,12191,40957,44683
5142,57319,16669,10079,31767,9270,61158,63297,55441,9484
43504,52754,22507,22645,64232,4630,10454,29,22732,17926
42162,30824,62464,36947,38836,5335,34339,52080,63527,41661
33613,19163,54815,41157,42669,15820,23970,20660,12406,43346
16620,31384,59116,145,43952,51608,25561,19482,23812,23847
32044,34125,63129,6480,5276,46063,19777,11716,29265,46433
50094,7265,45999,63686,26950,9821,29696,21375,50941,65182
54409,30040,59423,51518,34355,13257,31037,37332,28458,21462
60622,14416,63225,13171,46071,12295,49113,35374,40941,19780
62965,44581,55222,26705,13364,52571,43411,50120,46706,50447
55607,33479,17403,28896,48124,32527,53284,40703,29750,45475
63024,63196,28738,6015,40479,3251,63172,33188,62359,37296
33054,33765,9587,55288,41386,32943,19145,64250,5958,13408
15200,27943,19613,12984,21847,17624,54384,53871,58663,465
65319,10070,270,28406,64683,34481,55150,11688,27746,62514
5228,52300,8916,34042,50153,41663,64889,39731,45893,46226
435,47231,53678,55787,65035,18488,46093,30086,52798,12000
59611,22358,27433,50109,21129,25769,52044,59341,43935,58286
56286,63814,27752,21357,21148,34054,7284,54150,12,26135
16443,57292,60386,47160,18786,53107,1840,44939,35572,40474
45843,29490,65395,40914,63079,39702,54468,3598,57410,7467
33064,32793,8649,11538,23256,9518,9974,3812,54487,28585
56874,61150,59082,48971,42367,18611,62014,39324,18256,37773
36351,55187,31267,48250,1909,29372,6804,24223,50887,28710
44877,19402,15979,64405,54913,52555,17272,52189,30907,15543
36359,10134,52861,24565,62560,59463,42974,32954,49446,18668
42875,41484,43277,7700,61138,33860,26770,45136,64573,7459
58770,38861,34125,1597,47900,54036,59691,43571,6313,1709
61355,18467,898,31797,34015,54903,42564,57892,50759,63364
63606,53654,22283,25532,33497,61807,28018,16085,9451,56495
47685,14109,55270,6230,28667,49400,25726,55144,9121,9035
23420,54936,65451,8908,64413,56751,56742,47178,24815,24161
64046,17748,39311,35097,1008,21892,39296,15742,65229,3851
55150,65125,37195,29365,10119,31569,51009,38651,8480,31269
13279,55854,17376,13528,63239,60944,60276,34580,48927,9777
17492,52762,5171,27026,5240,53199,1963,28425,60328,18376
42418,50323,5634,36032,602,44244,2217,48687,17884,33091
16236,45468,46673,14685,28087,12545,9800,43761,37332,7088
21426,41908,22992,60475,3129,8577,47269,3293,64759,2660
48527,31772,13710,29223,38967,62646,18425,59369,64350,49240
49615,45266,46135,57688,40832,23315,15315,59863,35976,268
37056,18236,27589,10395,37752,28563,14214,10962,54065,40831
36895,14794,37197,22436,2529,43367,6729,9821,43510,63086
27095,16343,62479,50579,32766,61480,24996,59342,45269,62379
3516,28871,57162,13739,33568,57680,37572,57867,20851,51462
37919,28853,21200,40928,4277,65082,2646,41212,13040,51399
1792,60938,44108,56602,19290,39021,38159,53978,30183,55351
23742,54336,56423,54291,10152,8299,4782,52958,59868,8411
59225,42240,15781,13361,30616,61407,55110,37133,39884,48570
13689,30922,18511,43524,25492,7513,1642,39799,60960,10658
17883,7915,31402,2338,26964,55098,34830,57516,38424,46132
6211,18240,44087,11895,34176,58234,59447,14760,23311,55354
24315,19973,714,14616,23882,11367,56509,9002,32514,36380
58903,33722,46201,19075,46481,45078,56379,17122,26311,28978
19043,37122,62654,44432,10070,12262,32800,57677,47013,21610
64028,7,42997,18444,28092,35774,45606,56417,5613,13478
9875,60991,8301,22635,45405,10109,44326,6455,32087,55706
55909,15363,50887,52401,50618,10603,14338,18312,35600,44609
58662,37993,14503,27854,41872,33991,40954,12038,34169,32910
22792,13340,16273,30735,57898,27090,15331,23378,845,35903
42859,7725,7131,2015,60913,15406,59564,47525,56718,2449
48054,54376,63322,43852,44715,11360,9401,60197,31462,19185
55775,27221,784,3149,62245,64656,15823,54354,26456,16748
10243,18185,54159,223,60100,9717,65238,13652,30903,46105
19874,28622,51976,60171,46804,16892,62867,8315,18142,3892
14313,31020,13836,15873,17424,9688,26936,27476,12667,36275
27586,47112,50670,36255,49382,61725,54481,57396,39959,54955
18903,17713,19036,46039,56554,48375,52379,65381,4490,20059
2212,25130,61693,13813,32668,49881,31433,63528,3311,10780
48208,45830,42734,20552,738,35916,29173,65314,14249,2885
31296,17441,37088,60952,52048,64650,63225,1592,4128,24600
32351,36412,29544,27658,33011,64916,51390,45950,45722,64396
11026,1351,24247,57982,54701,48147,63357,20580,41421,29676
31653,19856,21664,17583,14315,56242,18914,7971,31459,50606
63423,50545,30584,1679,60142,32776,9596,17667,148,4107
53918,34067,10766,27454,52100,36367,22923,32386,57593,14033
21711,23798,26370,60228,28669,52631,10270,40519,9592,24576
57064,35570,1908,5337,52001,51223,43216,46254,37393,56802
29661,30695,23840,64087,8693,20794,20137,9338,11431,14790
17845,43736,48615,58271,1574,53847,36816,11579,35800,15971
44697,38238,27515,37664,28434,39694,26316,11232,61241,43539
50893,59251,20154,20902,24080,42490,1267,52108,52173,2902
58850,7982,63365,32429,51692,7502,61221,63543,13029,10706
28121,14510,60477,33324,53735,39485,19552,45987,62883,20784
21335,8996,48595,65203,58163,61161,22912,55616,64580,28234
14815,49652,19494,29528,24737,13460,27098,44890,3982,30250
22556,53924,54684,17329,24497,50829,38466,33885,525,56984
51588,30332,53286,10618,61369,9290,37651,59596,48701,10825
48235,39115,4637,39911,34104,63947,14839,42795,1846,2492
47017,9893,59462,16357,5895,33981,2162,44356,39408,4797
11407,26228,6603,60708,1172,20423,42964,307,27265,50216
26458,24601,30534,27882,51814,8408,56519,8935,63264,22225
53072,19798,43258,1208,9589,40305,46743,49312,25712,35292
36653,54399,44060,16742,35280,24699,38408,9315,6541,59253
6391,39743,43380,32500,269,11088,37973,34090,54604,30660
23163,28546,42358,56323,12933,26407,51964,5879,13400,50341
58488,16939,371,1151,35706,35940,4717,27165,45544,55954
31484,43186,462,17684,33860,49013,20250,38508,41957,47936
21553,3308,48956,52269,47765,8877,46684,45136,55513,32400
2463,3860,43274,64378,50703,24350,50292,57234,4735,52036
57143,24560,39525,64883,42408,51514,59443,5586,20866,63315
40527,9267,44705,43109,4055,12866,44278,50557,58914,41942
39354,45227,54908,49773,41798,31680,17276,8244,22274,49286
59241,8181,38286,64431,21739,9035,55941,31502,38612,53823
45647,55887,47389,16374,56832,56593,22554,24108,11277,8298
52707,45482,28858,64374,6050,15254,5564,50692,59474,28749
59286,56928,15348,64651,59875,46275,48564,55185,18248,2407
10684,31594,21477,29374,42210,65169,31407,40701,13025,17155
53041,29424,58476,37232,36046,39740,15733,35714,51600,13631
13163,28813,61536,15444,27007,47909,39676,23481,21412,15311
42741,12201,27665,44382,1489,55042,14831,26130,762,54606
34882,19743,22890,25073,22082,32762,24896,8931,4703,39550
2538,4081,34411,63333,20066,27724,28051,32341,51196,8786
13500,59269,14695,32871,29417,15243,47664,59118,52732,65378
55715,11793,50306,60596,29144,20052,19652,34225,9224,15308
55488,34214,34364,47431,33830,56813,42864,832,5390,62622
7001,1771,2667,16949,20914,63579,1653,19783,8602,55620
19130,6615,31902,8516,42531,43667,28342,22046,18540,22969
50156,31160,31092,54064,22300,15559,6513,46991,17158,38913
9660,37455,36278,17872,44739,55680,24562,4561,7911,21512
28843,18723,34758,48623,54762,28049,19489,19970,24336,44381
51804,54057,47460,21742,37589,1068,1384,55318,55347,27493
296,52251,16427,254,5638,49153,9371,61845,25267,19134
29026,14187,64709,3842,53694,37646,49662,58885,45511,9915
51911,31813,4097,16377,43429,47665,62274,48864,13287,6365
58490,57759,3393,60316,48170,48908,46250,47860,39555,14792
28645,63,15524,57583,32146,6547,19779,18577,2144,57639
44856,2492,64931,53006,967,5032,55611,34373,2133,60726
6842,59076,16727,33579,42043,23562,29921,27702,8236,451
58052,44603,42982,5056,32606,4643,62164,45695,53194,42890
11526,37466,48242,24573,14885,27527,42624,30756,60478,45421
58040,33218,5066,57024,43497,30457,19825,10888,25311,61954
16039,17565,33816,45989,56631,5791,5739,51567,63041,29333
51475,57794,35286,63449,40240,21961,16145,25454,39058,8876
39569,46724,60562,19660,17806,26076,39745,30420,32779,40497
39286,48962,38712,62802,5405,3488,1777,42502,53720,4520
47395,10852,14149,22889,37967,42087,53159,41153,22340,55158
30580,26767,15420,3357,46415,24849,58205,41684,14131,49705
47646,14115,6259,24244,48542,14925,11652,4455,5213,28473
37493,37135,1251,53236,51751,54216,46229,32717,61672,16218
12076,32886,23669,9013,61887,45760,22467,60485,43450,30306
14137,48832,9295,47041,29829,44334,5061,22329,29031,14640
10615,36031,37997,34865,48721,9877,15745,42915,28737,30108
51504,48216,30346,12384,12341,13714,28715,53964,50855,41030
55861,28819,26155,30976,54213,43589,13626,20094,29563,47939
38965,34999,16000,19328,10450,14620,34132,13703,20436,24671
54059,17031,24650,59856,34242,35203,23075,41283,15601,9834
10897,64062,57880,48814,892,61295,64764,47150,2455,34970
649,5740,3088,11740,56867,31823,41111,29090,42138,16723
33730,14618,4511,54092,35935,20604,21029,59806,35740,10731
56050,36651,20799,12860,171,52841,16702,9058,2926,58608
21975,35733,1997,51406,21024,65398,53023,59407,37271,58624
50451,62347,4091,35788,14156,52190,7330,50724,25151,8570
1012,26086,58676,55446,56133,48608,5856,3322,63401,26015
65339,63241,63371,14510,38477,17211,3744,10202,34779,60717
17734,28895,2115,7575,47379,34217,43570,18624,54469,21528
62790,5935,60231,26808,39470,41589,39181,39830,23043,13391
24686,35009,17715,3499,3979,45960,28035,34298,33578,47079
24106,4178,37495,5810,6754,30155,50224,15370,12993,36382
22887,40007,58181,21782,48042,57681,5405,11438,29061,26056
26416,13233,46628,1164,41520,1939,31610,4907,15949,15743
15866,21477,49095,15526,9339,51379,53911,7436,2128,22155
51344,48947,20067,51659,8084,25008,41037,25684,41061,17449
64399,33440,45075,20765,62972,26523,382,8769,36673,29126
28975,26996,20079,49181,62640,19832,25370,4267,47217,11630
65353,44818,51401,56425,57453,22066,61122,41726,2161,6947
57388,59248,58583,8586,51464,64321,42726,4793,61874,9447
51094,47964,34304,9642,59700,52622,54568,28857,64620,47714
19077,63194,19455,13038,22813,21455,63534,62819,46571,24830
128,36426,32604,6289,12498,19038,2278,28431,57986,35428
60089,37388,11982,30940,34815,3814,27987,29450,44522,29590
48046,44433,17007,30966,21230,22105,57361,50288,35741,46561
36905,27402,9690,61966,64450,9142,41819,5242,38668,22014
56613,9446,57494,42503,50334,64234,13955,42436,63128,5560
38171,17069,23127,60190,17249,450,17972,57931,54523,5063
50848,47987,45224,31672,43386,22047,55772,20352,23328,3768
5263,42654,53362,54523,2924,51537,4614,24350,63650,64637
39667,57198,15791,63626,16145,45537,47254,38875,30452,15746
19271,9686,21450,21914,45720,59313,25089,58407,44996,13706
39880,27894,56592,15386,31156,61656,34119,15829,23121,28404
36342,63411,37243,19210,16898,8688,24570,35588,58413,5201
43626,33103,24202,12214,777,64742,19530,18516,13663,6309
15978,3566,44366,34098,13769,21564,14842,37725,31305,11696
55190,16134,8822,58310,1003,18269,51153,14243,21281,1193
48920,30346,59734,31575,7813,5977,18896,20929,28509,61809
3051,25537,30994,37593,47753,34465,52675,1555,56817,24223
54493,22872,36324,35767,15625,50768,40586,34629,3968,25581
50715,16352,8345,32169,50646,17323,33575,23965,40445,25885
61457,33031,2658,10674,55788,13680,5776,16732,15315,23075
46845,48312,19797,21585,52144,5955,11459,25219,10291,44151
21472,10213,24817,14263,52917,21629,21575,14616,48738,18932
65047,35733,17295,17582,54110,5360,42912,23428,48000,59043
51929,22433,26163,49955,23157,47494,55508,38194,16504,30445
22209,14674,38348,44011,65402,20429,45409,17848,5292,51839
49958,16509,42647,34223,38421,7328,3230,12229,22966,61749
23105,62077,57579,53585,43266,16869,52538,364,47109,12937
39388,27617,37703,60073,41694,26870,30872,5036,19169,22942
17194,42899,47896,11476,46417,49423,11436,25563,6891,24102
15262,53050,37625,13065,7664,20298,635,24351,63249,61370
59263,51807,26966,22541,21348,7011,46534,18093,43615,22674
63482,28204,18504,48184,35834,43424,39014,45013,1122,28239
51571,32341,52513,4559,42280,2615,56665,15537,20042,44101
29143,23536,46588,63773,39895,15249,19063,32622,60361,56600
43003,19315,65332,17855,18865,2229,64350,28881,22627,4833
9567,16546,54098,11762,57681,27673,28195,45162,32941,27239
58149,25459,64042,17700,33552,8049,10762,52364,64146,60878
1449,60705,65233,29295,54421,26870,37672,35345,40479,533
32162,31146,51988,40686,12354,53609,34505,51252,4459,54690
20407,8422,1254,40008,46772,61285,63240,44495,7557,37205
7115,61011,13122,50495,32023,33502,40054,39892,54952,45342
50673,337,10032,41628,58963,5808,53961,51322,59252,55241
4122,26908,1775,13156,3675,3329,7547,26554,30873,290
684,30223,23006,11533,18462,24329,46886,60530,54826,23671
40401,10072,48322,21804,15410,27965,18767,26191,25760,4533
2756,13548,43317,939,40118,25552,39955,28888,47356,16338
63832,50951,8314,56722,47377,48644,16925,52673,25583,41285
19664,21858,12239,21955,36763,63392,24449,54155,7383,2671
60904,56272,17981,48794,41713,31833,53572,14063,55468,25646
12565,5939,42905,36659,32621,46111,45906,65131,9744,41619
52980,40735,43421,33673,16741,63374,30543,46514,8834,37002
21004,35504,28249,52725,35651,40442,64670,32110,62806,43091
45091,27376,35269,14664,61396,16731,14832,48259,63998,56675
36610,26775,42238,11949,33893,61721,58521,26300,55615,45794
4695,49412,11886,19286,21339,56985,18554,28631,49201,41120
9611,39614,27402,47711,1784,61925,28050,17426,22942,56319
42118,5507,51615,38137,14534,53843,50642,36697,3820,12969
31446,3403,61547,13911,2306,30692,28157,49687,44353,52373
32341,30809,29288,64587,50222,63631,25331,20569,50463,11070
38569,55786,29497,32118,7468,42054,60361,5202,49914,11758
40160,38508,39972,55120,8405,24667,9110,2647,13999,17109
14802,52438,56868,31753,53267,60046,4039,21997,44408,13763
62582,61203,16980,36690,48572,28996,21138,15860,23645,59519
16434,4179,18444,14086,19998,21570,50691,14926,53374,3572
57387,56030,8715,52756,49718,13807,59159,25807,19354,459
55198,4158,19808,62936,55201,8449,31226,49721,43786,52222
44621,1402,4875,51506,41029,51187,28679,14510,47015,41700
16962,5568,486,10605,28758,43131,59244,5698,7893,22375
65398,30565,11094,23212,45801,43550,50198,22054,54404,51129
40912,4654,5453,34340,65023,45517,3000,32093,28759,15966
38124,19911,65357,30947,28932,54617,23546,16616,51299,61658
48967,23235,10407,53842,21736,59640,22846,65355,47489,33645
50469,64787,47554,31987,58566,52115,44399,43556,56701,33392
56713,50799,13210,65144,52469,19953,20589,30517,47756,5349
27161,10746,58307,26768,46853,58175,14155,46825,29535,6949
65383,19209,57356,38952,24625,8420,29612,42863,57433,9902
52580,62589,40283,9224,33429,11507,27896,61192,39921,61934
64296,38584,61145,12938,17464,17916,7270,23366,6601,12284
19047,14428,52765,34379,35489,36565,20631,58776,9400,55079
47330,3823,14190,24932,64686,3671,24102,47952,4452,62303
56636,58626,9056,27281,37049,55661,26290,48158,12763,56358
36945,44507,49568,7050,7526,10287,30934,55204,2856,15408
32462,17490,12943,15395,42863,19381,47471,18774,8125,60844
16615,3759,15376,30933,40577,46260,44760,57651,53552,31523
59078,24684,10248,11283,34330,38173,57906,11371,15672,9241
24904,55096,28405,27541,46835,15348,11224,29322,39410,13421
6247,14419,13070,19732,63497,8127,10194,47010,46439,43512
32001,20180,61886,57918,48074,8395,22274,9104,18773,24788
18996,27392,6134,20258,52867,60987,27061,36163,63713,55498
9402,19333,3988,31704,44268,42618,16413,62827,43759,25127
14227,27042,34851,43233,53587,55686,57091,47555,18263,19425
48352,61012,59456,21609,28604,12074,21796,57500,42044,41008
63816,34647,21790,52165,23310,2345,63321,42075,42516,54030
59735,59528,18119,466,59921,381,37718,45576,1968,62834
33555,53346,53869,50588,7615,23671,9799,63889,19093,15333
56772,37970,49915,2802,35157,21197,22262,14577,35158,38140
55486,31575,40495,32061,7359,2161,22850,9858,60620,64461
60594,26009,13167,54675,39682,61321,57172,26148,16605,12938
63580,10724,7155,14640,26413,43757,36138,32288,65532,931
30886,58155,63682,40630,45950,36409,52119,51096,65241,21641
9242,32601,40090,40437,48694,2482,34051,55543,47988,28860
41794,53839,43197,31071,44332,35206,57455,32175,29233,46646
65056,589,9610,48376,3427,15637,11055,8966,25556,10681
24472,4065,40715,13249,64967,21105,35654,64549,7326,44712
42338,3914,59380,48119,58415,47421,25972,29202,38638,54204
46826,4249,51970,25921,64991,44465,43684,35950,34481,25070
22721,5616,21300,19216,46277,29374,26859,9414,6320,49529
51467,25240,43479,34814,16310,52820,62980,58553,29222,44759
46931,49520,32463,11723,38369,4427,11107,26569,29155,37661
17040,28829,15623,12668,49675,25037,41252,58070,36579,4231
40166,57922,17716,63978,19132,36268,21656,30095,62826,22061
36866,61309,61900,31157,15497,64772,27886,17207,16331,30994
3443,10663,29819,4567,11818,39470,26075,34071,30587,22022
3553,21908,17490,47391,988,56718,36149,20993,4304,26403
1516,55076,61083,46174,44512,64621,5843,62270,6655,20922
1279,10667,18207,47545,3978,50601,8853,22701,8049,17882
61338,61786,48641,47938,59426,37684,42890,49909,32171,24913
36929,12102,57893,4415,57940,19597,711,17755,3226,17495
43813,24082,33575,53921,32024,60535,65378,20380,2435,59775
12293,17803,18398,33405,60286,33569,48586,10271,25983,45135
57515,33931,35067,54098,37548,18831,39875,14053,49167,47149
50087,14859,45718,28591,61551,42244,15543,8354,15441,46853
13555,48793,11672,59981,54647,22578,35511,12227,39485,41510
59020,29613,34171,53572,29819,30486,15727,40878,2557,34278
27955,2127,49420,33381,37179,59313,4111,20260,16512,57635
5054,55101,26871,48696,53938,3121,21097,10567,11428,40292
12152,28358,8401,58961,45813,4507,43944,54734,25501,9985
49287,56694,51937,62287,41692,3075,9581,55818,57314,38266
54315,38337,59361,20697,6574,64048,21269,2402,52986,32644
52264,45041,7602,63862,44454,25584,6014,19756,36065,50823
20375,51326,17885,45611,47270,27807,58435,3544,14008,47555
41190,22843,65349,55694,54635,50598,28739,53549,47150,34028
44130,855,52536,21702,64231,56958,35614,16762,37582,2864
52185,34057,19097,40174,64013,64140,27428,43975,3504,16550
9946,58154,8846,26403,61500,60156,43856,12282,7204,24504
29445,25334,214,45123,38343,41150,9739,18236,33941,52687
21922,10793,35031,20771,59759,25160,21958,45715,13246,59452
37596,53748,3415,6781,37354,60216,18134,11259,22495,10907
26995,45465,11792,62644,5073,26850,50235,59944,805,7440
17486,52277,32202,64531,18021,3032,46289,35584,3215,15837
45886,32981,61249,32183,56786,63492,52581,31108,13630,16111
59191,28427,35354,49403,39525,14392,44031,52729,37927,40565
50349,62899,43523,49225,31944,53180,2934,34764,47287,30325
11077,15826,37099,1284,58005,23850,51543,3229,28027,5581
7249,47865,16523,34141,47303,39090,60744,9534,6057,20994
36849,20394,36627,8612,17640,47907,64103,36524,57039,31270
43998,19903,58037,57638,4981,18748,41346,54296,7339,26676
59970,2651,50811,21226,39202,40531,12559,18077,13036,29937
51117,46593,5559,59643,16747,4963,62653,62442,30923,11455
53827,45850,29421,47269,42614,5982,10099,18756,43058,23872
7740,23715,30938,11414,25543,65516,33735,51886,64826,4485
58352,19577,54396,30668,28565,55470,15607,20393,44340,54792
24212,11217,58245,32912,49888,1295,50041,3257,62410,29139
602,62518,34723,40401,17897,28888,36223,65128,42255,14127
33407,56404,9642,38221,51498,23428,59422,19493,39908,65025
52330,7288,6373,54062,53151,13304,17244,40099,13761,37419
29492,14609,13961,27053,26632,551,32637,25856,56895,6620
59518,7619,44536,38564,48336,53948,62531,39101,33219,62082
36529,26104,26563,10091,50977,24412,44445,12883,11132,338
4178,50670,10751,60271,55379,3599,57263,19666,28020,64926
46179,64836,53733,2756,46203,9026,51264,25507,15058,24023
7399,6707,59198,5521,36672,1979,5331,13878,52203,52501
14224,8706,49034,36964,6147,35578,47886,8062,57024,34803
56285,25953,33060,39405,52229,19153,11253,19965,32221,41223
34753,27104,16399,60598,4376,52671,13352,34205,57939,61598
48440,55147,25932,13703,65161,36974,30420,61095,44458,63127
18966,22571,29164,14021,16661,58800,21011,38376,12312,55059
40738,29530,31683,27109,49702,36619,64380,32826,26636,30715
62164,1123,54552,35698,54154,16355,39237,45404,7041,32536
13760,64380,9204,13260,42018,3033,32283,49534,37180,47504
21824,47027,58608,3595,55777,51985,12696,60949,31594,30596
12678,35496,44265,18993,62618,4697,33715,37939,59537,4929
4655,6828,31939,12213,31568,32837,27874,51628,2609,11303
45084,20710,38910,24287,41627,52355,3298,50289,36733,48714
29571,85,6863,4135,7210,6354,20781,53506,4038,22828
2762,63744,51794,27907,38056,3965,3428,17732,47551,62163
37841,62127,37342,8805,61930,58174,4622,57901,16815,11381
26080,14227,1649,23509,10415,36974,28524,47664,5577,11264
34394,221,2886,44592,23484,40727,56906,35365,15292,4771
21771,9972,10370,33569,39387,41012,42361,6650,21195,61908
8362,1950,33237,59500,23224,19946,33104,62687,46677,23755
59155,10122,6463,19046,55728,42071,1740,48793,4445,49065
34437,13256,27999,10453,20505,65034,64463,11462,61513,31631
60570,59234,59197,21964,45997,57156,18665,32830,9411,10196
25184,45673,40510,8062,58023,51792,14691,41952,41791,63600
109,2555,27345,32881,3960,27215,61682,24323,3697,22435
33056,2361,56076,53622,7260,7250,819,26187,44394,8164
29471,61331,28515,32931,44870,51251,21297,51322,58806,52102
27030,38056,29167,10489,5544,2607,28473,56523,41123,46459
49100,61273,38171,60326,6557,22964,43734,46254,49919,15495
37475,2389,16980,10693,17235,4465,21199,7707,25745,46088
16537,62058,62793,43410,52466,52227,25797,64310,19526,26770
8896,38578,41774,45680,12997,8778,47589,43334,21555,58116
21294,7303,36815,20529,7790,1528,42549,49407,745,9372
38841,32886,13723,11069,5285,53780,55807,48660,8076,42460
34528,7756,25626,26433,18419,60351,9083,1479,13127,55612
14073,29786,8339,55428,34394,4757,55694,23285,33466,59119
6717,29665,36254,62023,13500,9464,33447,53104,32020,53101
4655,2501,3135,54333,39931,9069,48812,64755,45853,54241
64804,3696,6939,18349,1596,57056,33747,2360,12192,44106
41768,6411,58802,42026,6398,30696,41096,39018,17676,20761
14260,33370,13008,44946,50042,53575,50720,9192,6511,1134
28701,33241,24015,11045,23100,46108,28100,3312,48920,39767
19836,8901,53444,54301,8240,36983,4642,43115,48732,20734
42889,45066,31755,41820,6632,24941,10486,42188,64801,58393
37239,47014,65400,39381,1425,33147,12169,52703,37803,52828
30210,10733,3040,129,511,3179,38501,24222,6075,11220
43258,64720,7574,61683,25915,53476,37762,48575,40773,37347
40578,55512,60569,53324,6461,35606,8325,63385,40509,8944
63731,17707,43502,2876,54095,9883,16279,30539,31513,42288
11855,37709,60120,35884,14789,44664,4499,13642,34759,13355
21251,29355,13892,57611,14942,4497,63987,24425,39006,63680
49308,5535,64069,50062,34087,36365,45882,48523,31203,9958
36499,42843,65349,52284,18710,13307,45768,41226,34728,59339
43732,450,24233,30295,35168,2899,45514,47742,39074,23157
40140,41053,31400,31752,45312,43392,25209,40515,48961,48774
30947,32766,14209,38988,20421,21280,25168,16910,22248,60249
65073,18580,47067,19956,23179,58711,40410,330,29769,906
36900,45792,22361,20765,2961,27023,25813,55001,1998,51473
55236,36579,24654,44731,150,12725,8801,29512,33765,28655
19752,6361,11057,2562,63572,35799,62807,3362,43997,65401
56772,58039,51757,58575,61872,47950,13111,24720,28605,4647
55300,62907,60965,45148,38002,31086,52965,48931,14269,54216
17010,26351,499,61409,43342,41043,38903,8662,17297,19678
12546,11032,5928,10616,14290,59809,45292,48801,47699,4124
54321,63373,4376,2158,12251,12212,38532,9718,62985,22519
13832,48297,6672,24268,1654,19484,41553,21746,49204,56593
28885,6769,48956,50788,6016,34052,27530,11682,8049,24233
36091,13620,33101,58606,8808,22488,44915,61470,3529,35116
36691,18342,48844,23595,23371,36076,19963,1636,57989,307
22087,17787,38726,31407,57328,58712,38592,41912,15217,16678
31263,49111,49822,10054,15974,48340,22081,14202,25573,59465
2069,15888,20056,62340,25219,2336,40519,41490,15289,22641
21933,5095,24355,36988,56622,30924,1327,53606,47695,59668
50866,4644,36606,21771,11310,33417,35936,4307,10106,64555
48640,12992,30595,59419,22872,27887,63697,37396,58543,33194
51416,26533,30921,58629,28110,50392,48937,58566,54218,61842
52420,54867,15934,54038,3722,30441,2778,32653,49663,8995
10657,10865,63622,16099,9846,57462,712,59319,51369,39813
30547,14764,18821,26242,31962,33321,10221,27632,13636,14363
64284,29388,6193,27611,19448,4230,57576,57077,18080,29015
35200,30086,62728,30113,44258,62783,50808,42958,27804,48053
52704,22521,52213,23682,48149,27839,10112,5436,13402,50323
30021,49996,37764,30862,9344,23891,36879,2683,63101,33807
2618,54002,41142,46320,23842,19988,51228,24151,11653,26496
3407,29357,14720,52422,10995,58785,12971,37502,58314,39010
17784,22840,51224,58692,64867,28261,52515,53794,12919,18610
19399,27871,45024,40437,43139,63773,46505,43673,30215,51817
19169,54855,64256,46870,21122,41260,27121,32138,16443,59988
59897,56997,48616,41824,57473,12615,9605,1379,44758,6841
53702,59974,11823,39644,62716,15533,57,31246,62062,45200
18086,41675,48916,56798,49842,57862,2789,47143,56049,36422
25283,25095,41627,56051,19845,28732,3539,48606,31719,16010
39926,35345,50272,20619,35472,43180,62826,6057,41379,12160
14055,33545,41371,5414,34474,38633,61814,51484,10424,17569
23929,13339,14480,38530,60190,65022,49614,2497,7260,44945
11409,43709,55256,54523,26982,14430,31955,29801,22634,49968
4170,41580,940,28590,37766,26617,9929,36655,57564,41492
4065,37913,31630,13269,64488,5828,39048,22294,25506,52899
38667,5835,24719,28597,41405,18927,42030,55315,59462,51741
23791,53827,37591,64247,48467,18549,40889,38946,40810,56739
29994,59424,34263,59850,13898,59466,15681,48177,6635,25533
15010,12388,51844,19791,51602,36807,274,61498,25885,42683
1663,22294,61196,14352,12270,20466,21674,6274,19902,18419
39913,45,51883,53844,45485,64620,48603,55761,17516,34280
9599,38701,61225,25290,28774,53021,10737,60221,28198,22319
37605,33750,54610,27173,18910,23938,9618,27068,7512,7855
11854,14817,41868,45744,47720,20263,52374,1438,62122,14145
34090,18972,60321,55770,8972,12833,56718,15535,21675,45709
43745,5568,24413,52882,727,53448,39540,51344,16773,57739
57521,43540,25906,4245,44685,18024,41161,13453,7257,2459
53334,61092,29962,56626,3763,30317,54776,49780,35101,38877
1996,44272,19643,39188,45108,29881,64541,944,16134,33696
25417,16360,34679,38941,35555,6483,32288,46066,29250,40407
34440,1773,10746,29570,29326,4634,41347,45549,262,8690
40306,53590,51419,60225,8167,37103,54434,63005,12056,53565
61045,16327,38749,12782,18411,6500,32068,50221,51781,54462
17759,26652,24517,58799,50676,12096,57032,1073,46085,28732
34436,30148,61419,2873,56587,38944,45976,17414,34907,11182
56271,42417,45393,11235,37416,62294,60146,43174,14238,3122
54269,11620,29477,56484,56704,18975,27001,14056,48734,54667
33901,15413,59360,10913,36690,6416,26016,27608,18564,28729
12333,10042,37411,58693,64695,48016,62592,4344,22152,3991
60320,42997,47180,2372,46955,38356,12330,64389,27000,22899
26698,30420,60214,23171,25618,39488,9132,65020,44073,19260
45218,13759,59450,40155,5669,51558,51384,60587,45323,61012
8038,60021,32761,25059,23649,35995,6841,48080,11258,52714
39319,24555,25735,57906,48,12446,61346,54063,50584,47116
55155,3550,58109,13526,33459,46005,22220,32384,31748,8166
31343,45194,40485,57476,49618,43303,57944,38333,8020,37741
41448,7029,52751,9101,7075,40478,7993,35140,44895,52804
11115,65496,31104,14666,49887,39355,52952,5691,24703,42785
3654,63560,33335,43150,10781,35074,51667,22856,45662,43705
21444,51041,30090,42147,63130,40900,49773,52982,59628,3623
28467,8636,24230,38712,59500,14251,15270,23575,21377,64334
15917,3478,5615,20124,15456,64928,48409,23989,1352,6229
64422,61268,8989,42908,15797,41446,22169,62237,11484,26527
62681,2643,18827,47779,57180,13584,23401,62017,25413,63434
45800,21339,44267,57223,36303,21859,56095,64293,13935,44602
31729,10133,36908,15070,47895,46425,2963,62141,3831,56277
26861,61185,41648,30256,44595,32993,26208,29330,7579,33781
25803,48999,60477,25601,25034,56382,11638,14487,20958,46125
18258,10898,14264,725,12575,18794,2883,10741,3246,51080
8992,19684,24923,51932,61606,2127,3646,35392,3980,36789
19439,24024,63432,64249,2036,62839,30934,16308,31417,55710
25557,54055,58382,64183,10967,38865,3961,17566,35803,2118
17885,56109,4835,25861,3270,36174,39633,12914,19645,8225
22437,21634,9866,53908,13409,46471,19030,12021,23360,55986
52026,15569,3343,9544,4705,19386,8380,31775,37710,47237
20010,33266,3020,20164,48119,1989,59755,10133,11081,20833
14798,24751,37038,37350,14077,7912,55609,28808,19704,28580
47928,13679,2174,42536,36325,32821,57712,30803,64549,26167
42662,18920,54376,33304,46508,15587,51272,61007,50435,35174
27457,55964,23370,43402,18052,56657,12081,24389,61519,18926
3619,7120,46522,18340,57016,56675,39088,37161,16121,21408
60446,61214,26719,52589,20202,14994,27263,37815,45357,24147
16053,18961,22324,32588,39722,42927,7852,46718,33325,21122
41423,18079,8231,33844,38142,23698,64811,48836,54760,55055
32803,41318,59180,1246,56536,55402,35788,51512,33945,2777
36769,3722,14273,17668,65006,25688,30204,7745,37372,44735
39108,3272,50580,21690,12695,57145,52566,26185,49817,47858
49856,35211,5697,51996,49696,25207,56925,4139,54487,20710
62722,33863,11276,27709,12085,57163,36298,32291,41214,10658
45390,15143,18521,12871,6441,65441,43071,35433,2520,28914
63462,48970,29793,57459,28394,64256,50413,6456,40650,38506
63806,1166,56528,27991,24959,48925,51399,12240,17616,45032
23225,55434,9516,56888,58416,1278,32893,33478,49026,64226
202,4658,28938,14934,11951,26843,65144,40212,19283,50675
53808,61402,47577,17372,37358,49082,27780,4248,30306,28665
5271,25389,17649,43735,46549,35728,30040,11620,33869,34034
45515,13842,35147,36034,8823,4020,32332,24690,48567,47841
58479,35067,1065,32953,38895,28854,1481,57159,38839,14429
426,61942,17272,58644,13253,26827,9677,33871,733,45045
49714,56673,5427,16491,22466,57783,15173,16509,56983,59709
59950,59168,46280,62591,6780,41533,7908,36117,23866,51621
60942,57483,28201,6469,13398,32495,38227,61968,7811,24227
58920,35149,4117,5986,57881,26809,48513,9036,30320,58373
17703,2756,48014,17513,14853,58230,23320,5167,51189,30073
60234,17312,61746,37251,38498,19248,45930,1613,12723,63997
44402,34624,44221,21290,1431,39493,10500,13328,24498,11975
58222,53851,58187,24066,27408,37061,16458,38273,9357,54644
28328,43835,17166,38123,63388,32838,18751,44243,45313,60446
18615,8906,53640,13331,14404,9086,26050,59485,54473,3678
20267,4807,51478,19506,51376,8893,8441,46056,20509,37558
10051,13456,30839,36151,19735,33740,19633,21479,14968,34061
62612,8802,51055,20471,52402,13641,2729,43484,29518,48871
19661,60682,8368,19108,41703,65164,30489,6441,44137,41724
48750,27174,62713,5000,16379,35427,47388,20443,30449,63736
47400,5411,4217,52203,59692,12918,54636,48529,51320,55113
4770,52616,56677,17515,38023,65086,18335,44763,56806,49666
23782,36354,35475,24478,47229,19213,43394,30833,37535,12527
12089,13242,50759,65162,19995,16752,38576,12099,44881,36238
23946,4342,40265,28702,30469,13354,53754,28402,58344,25104
13966,40496,13074,29073,31511,63914,56131,61798,34265,47569
60429,45214,8806,28463,25688,51518,47476,33654,63351,59547
32653,49757,17315,9669,58779,40889,49748,57497,7464,28184
1100,20273,33219,64742,60706,60297,42063,48446,2112,7775
34179,532,35047,18477,18223,1526,21754,9955,28601,14365
59231,48595,30159,32256,13372,56054,3789,14738,15048,28323
43090,24103,14867,10872,3369,7356,52858,60805,60736,43492
8711,38988,43077,10882,3665,8162,26877,4776,17611,40068
3334,61478,33070,11941,46193,55298,53009,44162,8399,25339
40527,31521,27868,55580,43386,35445,37957,33694,9398,27234
20447,33373,2548,20419,60881,29172,3142,31789,11070,43018
54562,9402,29534,5666,64426,45869,54497,3487,55007,17207
43498,8249,27585,34058,17535,34422,60095,61906,61266,13758
33619,31690,24004,14714,29022,56968,18539,20635,25110,7419
19724,18402,60657,10590,47952,16346,48084,50544,33051,56923
65332,14575,23892,5288,63151,8386,10339,38084,61654,1599
10612,63771,35249,48526,48687,25296,48342,60492,48681,42246
44341,57555,17903,29570,19618,42497,4326,3894,48964,61719
22354,59747,32321,53894,18662,26492,4964,312,19190,52826
43226,45201,13938,10542,60687,33261,305,45270,56640,60872
29425,14596,7469,39040,54238,43367,15497,63459,50325,10819
36619,16148,2766,21457,14554,45345,28992,18999,42716,63989
6096,3662,36102,20965,53695,59492,922,17195,27197,12872
21153,47157,15383,64290,30024,23139,38121,42173,54420,45282
1091,39252,37371,26340,1804,36422,17998,17370,48237,55797
22972,46019,21182,21417,28509,2251,21058,64926,46195,6761
47200,61418,44620,50953,62306,62682,4365,5176,33684,37889
32498,4095,27489,11829,38576,51229,38439,50013,63090,11050
61737,61230,12679,63332,65199,794,27851,41856,39025,64446
11881,55348,2742,12064,18149,25753,11270,53227,19402,12566
5451,43134,43246,61122,34487,52983,31459,19276,15225,29795
35714,18295,26869,14760,63668,36584,61344,14529,64433,40406
23685,37517,56209,53791,25771,27170,61772,52496,34284,24785
27986,24791,57006,32726,45067,30703,53630,63805,47516,50308
21162,106,8288,39599,58043,15158,13218,50001,16023,45994
14347,33061,21410,28143,60336,39109,52461,11618,43929,54721
55634,39487,34581,33123,25504,26910,61273,43390,54889,47853
57270,5474,11431,59443,33794,10453,40922,47668,33418,20364
30876,47774,30958,43229,50197,50715,55342,31873,42578,1317
12456,51250,380,30455,7289,59180,5930,17761,5340,26892
5072,57671,57746,18103,21257,35389,58821,31791,45504,39244
21141,18375,63607,42861,32336,14540,18200,65472,48923,45955
27501,19532,48816,43544,11270,4840,4572,34454,33857,11427
43930,53932,52698,64999,15978,55287,17624,29156,6629,51348
53020,59058,19987,48228,11577,33750,26074,53543,50709,40287
56440,15556,9154,57620,2737,22232,7623,49117,7548,25936
31323,47779,23181,28062,9988,18244,32477,10476,60012,24163
56774,63590,5953,74,42100,21397,27652,16791,60826,3464
34905,61250,48841,59025,21051,58163,55254,59521,42275,22489
23760,6956,24151,34153,6351,38725,62678,36193,57328,29815
46059,57918,21591,40453,41106,45722,1731,25504,33022,37598
28450,33267,49775,64372,26759,6713,56705,44048,20434,7781
21620,51395,40865,31828,30658,26040,15096,49930,65241,61458
13603,30407,228,19456,4914,36762,1031,3514,49739,58737
32999,20371,58911,41147,41379,54588,48203,47188,26741,23650
57591,12049,47734,32560,63237,28683,22283,27754,2380,8156
16902,1320,13345,29163,38738,29961,45320,45000,33841,53833
56590,52410,62991,35668,13722,30012,13730,24207,57010,14096
64369,18151,8567,5793,234,11274,43724,48172,28055,14371
42250,3587,14484,5559,44027,26364,30121,29012,13268,1174
301,12608,8831,8694,10686,403,24028,41166,47921,5419
29123,62429,18778,2009,13902,47577,16119,35452,60109,26656
36545,14199,29220,30427,19024,31725,3588,20589,12024,27033
52441,52296,47356,40775,51642,28567,6352,57729,51482,62931
16803,7548,37584,22481,23516,46501,53832,13789,38894,593
36712,1340,41431,35519,24313,36435,8947,30704,17843,54862
54519,22431,46956,31976,30689,38317,56218,61434,57084,39689
45913,40518,30968,54278,23523,13847,5548,2198,5359,36755
15790,56331,58687,31497,57541,18693,50130,58297,40435,43449
22078,1589,24579,30197,28813,28021,3124,31242,20695,59842
29112,28150,55684,40790,49270,64845,39367,22129,13040,18740
63334,45963,37556,11077,34886,64891,42767,34016,46533,3521
5772,49053,54305,37234,56435,8077,5654,11115,7966,5301
22847,4362,9885,26053,8674,6292,14659,33904,46745,18738
42963,47958,45707,65522,35734,32195,5190,26034,27311,60069
33502,22986,28189,13558,48372,42628,38702,48712,63149,57010
52121,49598,28726,7620,16002,41786,61439,63912,55642,19791
52482,10509,12679,29404,529,12283,29291,41798,63155,15055
55726,883,23447,40001,25929,15645,34036,30677,26457,24210
818,15847,46151,36843,48440,38079,64851,53977,15747,48392
10242,396,23410,63163,18683,1969,4594,48210,9246,58163
62747,31341,35340,3972,15576,14964,54539,18478,24385,46041
61717,64318,1036,11452,8958,37539,16960,38319,7345,33831
30362,5572,36643,21989,13662,3454,54584,64077,63051,5220
43580,35335,26195,59576,7210,7314,58980,38500,6987,59920
64717,34764,31742,58930,42349,18489,5513,38495,38687,45744
27682,31269,33320,42513,35020,56469,13460,5255,33156,64338
42451,32787,58626,34333,40448,11999,58905,26941,53250,7561
5771,36376,29805,39309,44004,49010,55827,38818,26716,19900
6496,52203,45266,13147,51885,60904,36564,28971,36781,63102
34050,50640,62147,56882,62561,56827,56446,43401,50654,6826
58880,41235,57799,5080,9276,12630,12054,34159,41585,53011
34857,26296,42924,38522,7641,54695,62066,60775,14792,51327
30938,12298,34056,30923,20318,41183,11699,62236,46633,8187
25351,27850,57467,8904,4964,44094,17732,38768,44885,27436
7395,49698,10935,44146,6831,21121,50077,31614,25791,18127
39983,18667,9562,55656,48949,38786,14064,41343,33092,51406
15498,46145,47399,60338,40839,1712,11255,42148,30634,7865
20436,47704,21106,36814,26494,28609,35204,33027,39343,48063
32367,58498,7065,58043,36998,7494,34347,33856,49824,16742
13279,18717,33626,33784,39225,48107,8911,44340,56815,34016
13903,6628,46023,16156,28155,29736,43605,18764,3350,51025
63886,36957,49178,42276,4546,3900,39867,39966,22611,23096
15920,558,5295,40322,28086,21455,1689,49348,28049,34510
27162,50604,15211,4773,2023,12824,15797,56794,53724,15045
55362,46500,53093,40651,45584,17136,24722,941,14097,62238
36588,56327,11613,28712,52839,45102,3914,37073,55633,6465
13305,30395,104,369,49334,19725,24934,46223,28586,13982
62077,12532,54937,45605,55356,12092,44963,1611,8424,28610
26432,60194,33958,31236,47925,40350,2698,23492,7902,30590
11715,46607,36170,55032,14185,13725,59949,26998,22439,15076
6124,3759,31927,52475,38151,20455,51192,12983,50731,38010
7486,24231,37483,3291,49299,11857,25357,14683,58044,19509
54836,21066,35838,36899,661,8514,13558,65510,25505,53872
51147,24390,18465,6838,46119,10464,30162,19190,39321,50087
21856,58107,12575,18082,35122,64968,47630,25409,988,54767
22553,25452,984,5529,51385,11204,8822,5566,15487,58586
30772,30304,8974,16106,9224,7383,38091,65455,33184,61664
58228,64315,59538,53125,56439,61379,47576,60811,62629,48856
42489,53377,56909,33764,32402,49897,52870,60362,37629,69
4021,59383,23504,60833,41820,65002,13452,32194,38187,22880
19546,10413,18087,27785,26006,36032,53351,503,59899,33645
46723,44188,21373,7824,61797,34691,14251,38320,59342,55578
29177,54733,36014,51689,58450,57446,6525,50141,39497,55333
32731,58913,39620,36990,58249,15236,61798,34916,48369,47343
47171,45243,17934,57933,20195,6394,33741,46146,5000,7571
14392,44415,28160,30050,29439,33189,3387,54360,11274,56972
55225,31047,42035,24752,30684,44957,33165,31741,65198,33430
3766,32714,13250,51959,26987,51919,63437,25446,2805,52645
11273,17768,51003,54859,37497,55441,44877,31401,26419,29347
34882,17486,20145,20605,36677,28838,3838,3966,45320,41027
7736,36528,28441,40485,8735,39663,62921,50039,35814,4838
50509,45801,13191,49499,29267,63627,34774,50327,4951,46792
17577,4152,26960,49994,45123,24976,18767,31102,52961,46945
19250,32608,31366,59899,20719,564,34371,25673,57489,19220
62511,51179,371,40061,23858,47220,12753,65431,31281,41548
26089,41865,57239,44401,37206,44174,33364,25402,19546,14978
34498,35347,52679,38464,57911,18181,4091,59980,46796,6778
59661,10209,34944,13651,3006,40591,33032,53121,5995,58625
55062,960,40000,45247,40423,60507,63698,8215,14942,52867
4792,20393,29619,34078,14481,13696,59147,17932,21995,3396
62997,5773,18275,51872,45135,47356,7908,10735,36065,25715
21276,49953,19998,2121,49533,31619,65153,31327,17237,40142
31916,57541,48282,2263,24855,37657,17258,17202,10477,29422
17796,22460,10490,21160,26782,23976,48769,29614,55382,28422
52125,55046,64264,39745,14114,61862,26664,56641,55100,31213
5627,37196,30432,3470,23814,42106,10493,64498,15711,11806
27137,20572,63198,26954,27663,43292,36038,37154,43155,56892
31565,20131,56078,51526,20849,12357,62960,8871,9521,12077
37420,52791,64665,64347,36019,18714,14831,7888,7174,55912
61930,59240,5171,13947,33924,44953,51107,30356,23267,5397
63849,46139,43051,18158,27349,54163,7385,63336,31731,61369
5498,58116,23582,23754,53414,36926,28721,25619,42901,13791
57012,24784,27530,462,22611,37371,2969,46528,29691,45405
43668,25080,16862,4181,21370,5116,39220,55964,50167,53451
30684,34269,20628,47977,62073,9377,37358,7115,63806,2870
57153,50084,39610,30365,39053,23710,57038,60475,44853,59453
47982,20348,29571,51536,49548,31694,27295,59206,59921,19377
63282,18417,32832,25549,13656,59323,12865,14363,12201,42087
12350,20828,65487,23930,30906,35078,49025,48606,22104,54638
21062,19579,17869,48117,777,1633,27916,56276,37305,28039
61421,53496,2094,50594,22516,59860,61369,3694,16928,23411
16948,14746,4528,37852,8295,14015,33773,34459,46458,51023
16622,56165,4823,48243,7486,9380,61427,57429,22221,34496
36535,3668,10557,24370,8376,60752,35277,26140,52058,11575
60627,24461,38908,60275,11724,48515,63649,17603,16097,43963
36175,50429,50573,20657,64310,31629,50656,34449,14041,20317
47362,55512,33706,17493,5044,26794,63261,64655,20786,10308
45150,25213,19576,8458,27950,25517,33654,27507,11301,45476
56462,31935,36929,54554,41558,18615,43796,23564,15357,60731
35145,41982,1597,21760,29879,42017,30255,53043,8060,28354
8756,13563,15745,40139,24911,54054,41848,62733,6266,27696
58196,4329,53890,2046,25887,36399,7804,32672,26198,41450
14840,50247,61764,12060,41761,40640,13223,20657,48943,58235
61144,43058,2590,28941,50721,14097,23386,29648,7013,61201
22509,31572,45863,24440,39807,62988,42266,59955,41646,10995
20011,1392,31988,29380,11716,62812,53321,20823,36170,35207
23637,51561,42314,24988,55691,51582,5416,3826,50636,24340
65503,24606,13757,49158,1956,40026,22681,36884,22469,60038
40881,49204,6395,49029,45207,17623,29508,41246,35001,56296
37047,14829,61919,22705,61587,34633,17911,44550,37916,63349
39657,13147,17550,18335,2454,21707,35329,7529,52877,42842
4903,38908,24199,23726,27733,52347,44740,9563,38850,4825
51763,14378,19214,26207,6551,7980,36038,21029,35868,65100
13677,47173,36453,5127,53844,60532,42462,27931,58579,34742
130,21161,6203,17092,28187,48250,27588,49882,54686,23794
53938,4769,49664,25233,24911,63372,15012,55866,47698,28488
1351,6388,39475,51515,8966,39215,26660,19852,59263,44046
26927,2018,50453,58904,62320,45331,9686,40244,49886,38544
40091,35280,5870,34360,20896,44376,6926,45991,58349,29378
57713,53446,36766,47019,25322,38555,64481,19932,50095,35152
12859,11360,39276,51408,54295,28501,27910,31707,65477,60806
20000,20151,1617,16244,30327,809,22427,51892,10598,59197
6625,10763,23669,46720,44443,31647,25593,17330,1823,30639
49798,21075,14605,56222,47974,41870,39341,36415,54098,24563
64934,48286,61786,36619,22234,35784,15561,56549,22172,419
57751,7337,52190,41805,856,57298,30145,4387,46711,25709
5638,8094,64827,19419,50987,22676,7716,50446,45200,1440
49083,34445,29058,3330,15642,62056,15039,23593,38766,25605
21829,51583,56788,63138,52518,47556,25453,27656,14518,50667
40705,64917,4861,33310,62006,59418,26455,49894,25387,24555
9630,9032,49801,62647,56828,60332,50308,40875,46841,47189
3753,24720,7486,32372,6220,38379,36421,60918,30733,24766
31747,64397,7352,36684,12614,24946,23939,38995,15639,8940
12693,34007,28314,1708,17061,61348,29098,31290,45868,20160
40144,60548,34450,9443,39582,16608,39756,5101,53959,5973
24295,7119,50528,18667,23028,35892,4109,58615,11639,42158
32230,17907,12556,40136,14892,41851,16081,16105,54346,18589
34291,19932,44007,31474,46332,46732,51078,55082,3333,54425
12637,58333,5392,10889,53159,59909,36070,64850,41802,48801
21613,17157,32665,49305,52197,50375,20074,49196,33559,45721
22675,38709,63833,54177,25549,17463,30954,55017,1947,7399
16607,20491,56913,40850,50864,21728,26206,61341,39155,56287
15688,11587,28226,61631,54701,54310,31269,46723,7484,44209
37653,34057,55104,62723,39910,65065,5003,10596,20589,12925
56824,19387,54009,28244,41334,21007,62615,57900,62678,2378
62304,24378,20223,19073,65429,49349,8060,64049,46218,17470
22117,41133,54023,52635,17064,7718,12626,18586,48536,34551
23292,64714,64918,52432,6254,50493,11794,7168,32878,24779
43374,50729,23123,46991,64650,13115,44080,28626,10233,51065
6104,14141,51831,13842,6716,44604,50844,46894,51044,39285
24895,10876,33402,15838,35674,53243,63631,39269,37100,31060
38148,28262,51679,20872,14653,51210,17400,47471,65142,31334
38425,45708,16637,46471,10410,9962,13779,3820,46702,45676
25219,63740,33454,57295,60351,34363,18871,47950,338,53035
30827,64172,64954,26107,63534,40279,63478,47405,21086,26312
27639,63185,24288,36573,44708,14233,62410,47729,54890,6817
944,44689,59928,32947,26660,25271,23414,29278,59858,36133
50694,64925,25270,48755,40624,22867,45935,33678,37821,17421
8091,31568,5930,33781,61650,34644,28711,23120,32982,49012
65401,11690,15274,14819,8177,218,48602,17437,11147,35398
7538,46746,45871,64825,18336,32157,41306,13537,10174,17461
5003,65022,44909,30191,2296,24446,24233,9402,19452,55625
47226,11010,34511,29275,2503,14217,65340,17660,18392,28605
30687,4442,40940,43113,27359,30916,21931,27904,6259,30110
54844,10483,64593,31921,64348,34227,35454,46102,55820,50821
57020,16768,52441,12160,6287,39430,20897,48954,55552,114
49842,5796,8917,3464,40206,16434,26096,3771,60256,9251
30030,63937,38184,17230,3784,62044,46175,4207,27597,27245
12473,16157,38175,54291,39822,49711,24751,39533,38909,44305
58271,35407,38822,16003,61620,19525,58249,30460,60,82
3607,43235,24246,31994,16546,12612,8654,20749,2682,61043
11605,14324,51421,50132,58451,39988,37432,12071,30303,10198
44821,35971,17770,40813,33120,6192,56685,16230,40071,46325
20334,41930,6945,31931,25592,33610,22723,16678,9662,63306
47682,3000,10363,37275,59412,15586,26381,19716,47822,16561
24765,14753,9000,31886,55882,36717,23319,55300,55061,43420
19035,50728,32628,32984,64732,19335,16901,27942,28029,2174
58750,64083,27725,19238,28361,27331,29213,8220,62153,7439
12291,25463,58176,24538,63922,55253,20099,63321,9663,19459
25102,63746,4893,48551,17544,41169,47904,15803,3133,5848
44893,51130,44243,30816,59097,1605,7708,19204,16714,57146
12447,14159,38217,24969,898,57952,31979,28609,47666,63300
59390,41437,12677,22844,55098,42701,24994,56614,47914,46708
7221,7452,54948,6204,54929,54479,62789,4955,8902,42043
55255,32907,42518,1415,28662,22877,64471,20402,20632,62807
32532,52913,57386,16723,8621,42162,36979,8049,30739,35081
55248,59940,44116,1806,25924,27988,62595,26205,24779,8853
53775,35070,6609,9426,44024,7732,22583,29637,5506,41680
36439,31743,22031,2996,22482,44238,34164,3528,20761,18518
48024,1862,63785,13912,26199,54381,13,18786,59729,42561
21645,15146,25459,684,11695,42953,58752,12979,23590,63997
29566,45953,60293,55945,140,27045,22935,21386,34310,34892
56587,8866,21233,35588,38945,1511,27,45070,11602,21354
28704,26878,1524,52634,9761,47807,5927,61397,53054,2234
7389,16636,62138,45582,52181,7345,6190,28442,21369,5612
21128,27898,20535,60437,57559,58224,10304,38450,57979,64518
22453,42719,18373,4938,30700,42543,43493,3262,8594,54673
2671,36975,26284,52046,8868,61321,9767,35907,40938,34914
3493,6814,22224,35394,9325,44462,13342,1460,40374,22748
33582,41036,16645,49594,48386,34992,21792,34356,8666,46580
23208,60962,6311,15460,13809,17701,45584,13794,64337,39258
31979,4065,23167,43118,15413,12532,1693,14100,10252,41757
7773,63828,49171,54319,29640,56159,57640,23208,18042,60493
63783,57405,4148,38326,56324,38884,1308,22103,4403,46880
63910,50478,61799,14982,18610,11196,18631,10910,50472,60230
50765,47826,45952,46222,57641,4887,18016,22728,37418,53832
5319,30505,33549,4920,9184,26382,6486,27905,57948,14713
34214,1504,48940,61381,17909,3710,41423,25558,50341,23351
58184,51498,44437,18326,19718,48761,892,57656,6853,60680
17841,10197,38321,49411,23837,27550,40348,3978,15250,58835
65501,31172,35499,18051,28809,55101,59105,57982,60241,13364
41327,48801,35790,18942,30117,35357,16470,3355,4668,435
25506,79,34468,42479,12487,48900,61087,45353,56552,25792
4727,8119,996,13421,64026,39129,37844,31217,19980,54588
32955,34721,23860,11620,56915,19028,21415,23225,38565,48231
6520,56512,23043,63104,24914,42603,10822,16591,53408,56621
33522,59627,42910,25965,61618,63623,47558,29270,19645,13792
31819,57381,52389,62649,28626,8683,35875,16172,38865,20178
41976,6098,3113,28781,19734,49603,62152,27618,24872,45658
1784,31675,29267,63852,23645,28381,61388,7874,12504,19817
43578,62158,12353,17872,53933,41319,4837,33599,40973,1685
5177,747,31385,20676,46457,55103,59141,48551,15198,2841
36365,10799,1373,14799,41033,33511,30202,28619,2107,16599
52768,17856,33356,59975,32878,21411,16905,27930,48608,47489
24825,22172,14316,37008,63103,11163,55954,15203,56393,50159
36572,16304,61267,48410,14782,39359,13522,50893,27120,19645
21420,14387,24721,24029,38838,12682,28632,60097,17562,56520
60499,41497,45379,1165,1492,21089,29250,53708,27661,25806
53594,3791,4788,25020,62892,57398,11324,23541,64795,46228
1721,7156,38056,24923,3768,56107,12538,36409,10590,54258
24272,5732,43529,23761,13835,18986,22318,21099,59158,57107
55346,56466,63035,5625,36979,59682,10935,65099,2407,45395
43084,19661,4463,37668,20279,36023,41707,21908,12918,30580
41732,9671,11378,37879,34987,50538,18861,56405,36421,59438
8745,35357,32124,33765,42461,57727,1644,3858,29435,55332
25531,27823,6355,13410,10629,18250,57966,62275,53719,63228
53739,47336,22969,1923,6715,46492,57399,32375,2681,51134
21022,24150,57629,4539,23602,63575,44126,2352,39626,37961
14406,53718,33322,36577,22887,18681,61398,55073,44472,28601
57050,7751,27014,38905,17920,56885,25478,62669,42480,40974
16306,53239,8374,48990,29190,28354,16879,12530,45960,10790
55090,26461,61456,22426,36109,55891,54799,49425,8214,13841
14350,22629,27265,13815,41338,65426,63125,54346,50626,57521
51039,23918,43266,16688,4439,65493,14918,5657,20574,1419
52157,46642,43631,14764,29913,37871,47031,32069,20427,27564
31063,59464,8110,16533,63604,43371,20516,53492,46981,30548
12567,5705,19351,60467,61435,20413,22909,23820,51420,18307
44427,15069,1721,7092,14685,38938,30401,51258,17547,10518
47208,53930,22877,23003,49749,46645,59883,19931,9269,19933
36927,38743,40360,54527,18151,29744,10536,62685,30081,31107
49024,9841,53503,22160,43957,13828,33668,24563,10790,2253
55335,19740,42461,22680,19847,32437,65112,35661,20315,52315
44577,21162,56535,18922,34744,16177,2429,39119,2891,7413
56117,60308,46803,48846,56804,25938,1400,8288,62056,41250
4221,42395,16526,21847,8838,54527,4159,61844,155,40984
22005,59272,28377,26693,61311,6517,27792,18342,34337,63479
36805,14383,9537,51301,58753,46084,62624,59619,52740,17413
10188,25019,42885,51602,18295,53591,44233,14734,28188,24476
16934,44668,51254,54060,15179,33050,26137,55122,5855,12013
12502,55594,63728,54189,52990,29298,60328,24553,64312,15463
59331,9995,46124,34111,19848,15451,12426,43185,55634,33544
60897,61673,59149,19485,40231,43897,13378,7165,65318,51209
37195,63560,57698,41314,61179,52172,9190,62718,18378,40809
24500,40878,34975,31535,9894,17842,25053,49789,5599,393
8246,42590,12949,46445,23046,10184,44180,6945,8722,47832
38775,22584,35280,3847,35176,38346,7254,50184,29782,1522
62045,32723,2543,27590,31347,59715,63155,61250,31672,64284
18346,27478,63034,64577,46797,61778,21840,15401,31381,49851
20420,26897,24855,8178,1840,5039,12346,5075,54292,20995
19131,11277,13392,1766,48426,47,28318,23791,23218,10179
27307,56293,56308,8560,49943,59509,28245,24472,18080,59700
9589,20964,15035,16679,41352,1481,56882,56739,43551,21499
21025,14644,11262,658,35864,50230,36373,31853,27666,59751
34301,18946,30814,25537,57981,15278,53338,64442,57586,5777
18380,50898,3001,48195,56956,5887,13768,38334,14183,11217
39813,46097,29478,2436,32684,17410,21970,57298,51589,32281
4967,2475,17617,24538,12571,44748,1852,65186,17500,26123
45404,49504,18864,13056,14360,4341,45191,47561,3201,34578
28563,39884,23587,56638,57780,13544,47796,59174,48801,30549
57698,26269,14400,11731,17729,63245,57859,52260,6555,63872
38086,40262,63576,5067,38360,49091,34232,63612,65007,14722
20409,51384,24734,21425,48789,2468,16171,1656,54649,48875
48234,2890,10139,53725,46010,31782,12612,39994,47315,53454
3595,22219,39965,35955,1739,41272,16351,39590,30816,44092
46730,9057,47591,58374,25560,51914,55659,29015,34923,50437
26869,58128,51869,47436,17462,5334,36986,26960,51102,4095
7326,13818,60295,41946,38013,48559,24769,28586,9159,39175
35988,5346,24171,5080,48313,16399,55976,41141,8138,56310
18248,31833,442,2536,32402,30268,36990,34993,55985,50894
47362,17301,27982,34262,37240,38396,8471,4668,32947,36305
8753,16090,7055,51761,11472,10485,51852,56712,58222,29275
26128,26592,8047,22115,13380,31839,53968,44951,25723,3528
7015,44855,36458,37579,57493,25190,39192,510,49125,32973
10674,61487,14804,12709,52547,56307,26669,26181,27244,11281
64346,10551,17061,20114,29975,64494,53557,60111,466,40169
56029,6730,45889,6736,24979,27618,21711,10492,52574,62876
27539,20190,60722,14905,59351,52846,54258,37637,24890,45943
13745,48015,24841,43259,25866,51550,11743,50217,26227,64076
54266,23723,27656,25020,9189,57025,31029,64735,9341,33134
42319,23348,36901,53502,52637,23345,43901,44966,788,36154
63314,34821,21165,8583,22660,40590,52038,37694,37212,11808
13440,13970,24991,24436,9393,7795,3453,2048,25773,12580
49246,30886,43644,2342,10176,51985,63861,28074,6698,17402
18118,54024,2232,9110,27421,57503,36593,22870,61927,29143
2282,14406,46212,51732,12991,40678,27437,8940,28001,49544
61659,16496,39051,38716,476,60266,30749,9599,11211,45126
24850,36178,46992,30195,4800,4642,39546,38491,15723,9627
36183,18531,46914,29944,32123,46003,62049,24204,36195,50702
2840,2948,36615,10232,42202,21907,17735,23562,48716,8605
7403,1052,4112,27709,57744,41924,36529,12992,7093,9335
9593,63648,39171,42897,62252,49713,13451,54333,52103,2931
43386,18574,53701,30991,7649,58824,60902,53911,43276,43277
61978,26350,61826,52462,7781,20007,23781,15509,30904,40583
39976,47916,1788,20649,7755,39285,43721,42624,36917,858
18135,62132,42668,3620,49039,6595,5833,54075,5549,5039
58958,7491,2445,19232,12171,42237,63349,33331,9853,852
49047,17841,42641,59270,32907,17078,56285,55860,57176,54969
55427,54046,4318,59791,32243,30898,55986,52017,53701,25062
61959,6755,47403,39245,46335,57160,39270,60853,5241,26898
30285,9121,16920,47600,1760,5104,47025,41780,45437,59048
58126,35879,29071,51587,57375,44960,40543,4027,23573,57340
61091,28439,42077,61780,345,30972,41640,59438,30537,41602
45374,41102,60826,43584,35358,14333,47729,41711,43556,58716
26295,45585,1277,48883,6270,44010,51053,29373,14311,37948
56641,26880,52894,13236,46683,1997,6889,9021,43464,6208
38710,53480,61939,32570,6122,58715,22984,6959,22859,51202
28122,20009,2504,28986,33760,33614,7434,46491,34475,9487
23208,44741,49546,7297,56478,61272,29843,49230,57914,57580
35895,44222,42677,27,18071,38207,565,63320,52113,62198
32995,52119,29629,34422,13873,52091,4415,45855,31287,48513
24392,39772,364,59866,3820,48115,49766,28450,26764,31801
11621,51026,55568,55276,13940,35606,56770,13822,33927,38583
6397,11136,36949,25292,32505,12239,9784,17038,8752,31580
64656,27072,9892,19806,45857,14187,36724,5434,35399,11910
23279,10834,7668,55814,20118,25761,17651,44896,39200,30220
46587,16199,52856,13504,31729,901,18792,4133,17858,369
5163,11590,63546,15226,57854,60746,59664,28029,29604,51230
20877,30319,11302,37201,57328,22428,16060,10649,48486,14265
59600,26915,15817,43381,21406,5742,45585,5877,33129,54738
20135,45800,28001,15501,22409,27847,25309,42,52526,25753
30691,49277,13220,5099,16563,2318,1716,61570,34007,37361
25955,30718,22330,36239,7722,56149,12578,39248,23764,35318
28085,4999,62292,41016,53784,8914,25064,41330,8006,14708
21343,16977,10630,10088,34352,1023,7331,27147,45331,12740
25908,54039,22362,52786,41112,5763,15887,39327,40526,4185
36973,8187,57390,29164,22849,31381,24406,59130,968,52840
54135,8060,10853,26948,18855,58739,18103,27983,32691,10664
51563,43244,18532,8720,39851,3361,49568,28107,15606,7611
37873,13703,38009,19611,17954,33939,7646,10396,60682,27594
8483,2293,15103,6260,64527,13125,53917,21149,32235,24981
6980,6716,19938,61561,2766,7321,52982,40731,52331,57954
57386,32413,23165,21310,62806,14285,35636,23702,52361,18351
13011,7338,50060,61357,26286,51048,58491,17081,34466,60161
3106,61476,7010,30281,29392,31019,32084,20307,9094,9698
32430,51393,49554,64257,39392,4114,52261,3317,14356,47704
34292,37671,50867,26428,24848,28214,27968,40391,866,10417
19105,15475,6805,60963,16472,30681,3991,48759,16137,8860
19949,17304,49166,541,7376,3579,55748,59133,61162,56074
41052,39851,4910,59957,53949,61959,53143,3852,39218,60756
5766,61589,9143,26025,41579,8333,49450,10418,6545,25133
53499,43250,56889,65040,44398,11619,26643,34717,47702,4582
3379,25406,9085,25879,39045,18288,46248,45732,37344,30963
18249,57546,54453,5121,39767,43369,54092,10223,26426,6278
34033,41785,11107,47753,33196,17993,57069,25435,43697,25137
46394,61296,28581,1852,14240,29428,19896,35780,21194,40388
23493,2223,8552,29562,36347,5932,32750,48230,57589,8477
57380,93,13657,44250,28797,26344,8251,61280,28845,22593
46357,47563,4068,1257,27447,28061,17971,3101,54244,5621
12812,21797,28737,23121,55753,54489,31840,9686,37635,34858
64150,53753,20851,34947,16178,45856,37116,32850,58657,28302
1608,65483,34267,59600,48179,63791,9763,64199,24535,29519
1993,60343,60504,62332,26957,53227,49862,37608,22378,1694
42575,7274,62993,44672,34515,23708,43113,17813,56420,44320
23114,52148,12385,47478,62612,18125,33064,6262,14952,14133
64170,4452,60862,22524,16692,34625,63242,11474,9197,45575
56083,30987,46542,40158,41218,61402,16800,45418,26124,37819
2079,47204,54229,3132,1001,63050,337,64332,13897,59684
1016,24804,36333,46660,32326,43165,17424,60398,63504,36808
65446,42911,42552,47172,33969,21686,8600,13680,9159,472
27324,62524,40298,62398,45362,15544,2199,51938,60067,553
49623,37499,42158,9644,40296,51525,51753,6886,20796,64965
5536,43635,35631,31599,40805,59866,50419,38070,54764,49233
17947,55838,12494,5601,53470,17669,26569,37038,43199,61857
33637,32341,11941,10385,3010,20279,16382,27194,53049,36044
31827,49995,15269,50089,27993,63191,21988,41861,54614,63843
38310,63950,31696,29394,52508,65054,13793,54647,41457,44793
41755,3339,46724,58543,62992,35269,24534,38376,12235,13778
7574,21170,47644,43556,3617,3114,45630,55378,36181,17232
51591,55909,3068,15402,39164,49220,16329,13972,23366,16248
21694,19573,14673,51097,33472,16119,35357,11006,17941,60988
57085,17321,8876,50819,55086,2246,28728,36788,27274,55038
6343,29691,49357,35229,41967,33806,12788,17875,63163,46890
45689,34807,36855,34574,723,49465,62386,45449,37117,46134
1221,9778,34549,55958,20592,42650,26628,26002,54628,38744
38073,10120,27016,20651,40719,12515,4707,34826,14001,6176
10083,15459,10288,19626,31647,57253,48409,61137,45263,63248
43417,38282,25315,12605,38795,21570,1874,30955,17460,45599
54570,21304,9881,18694,50505,57719,21433,38069,38027,24974
2648,11113,63948,59866,2422,24463,11143,55175,14968,44579
20025,39253,62953,32676,42650,8165,57821,58282,58032,27480
43176,46543,16329,53533,35646,51979,29218,50878,57778,56917
6357,39520,6953,29323,44483,29680,64479,40598,33780,12996
23763,15355,55036,27997,31059,62563,55029,59849,47528,24553
35669,9663,42058,49634,31080,33126,43764,4444,21863,34556
17772,57121,7370,49500,76,44227,59546,26443,14834,11498
47711,28335,61478,8841,22516,36131,26067,35632,37233,23153
6576,63710,52811,49217,26644,55202,4717,32318,39493,47485
13627,54841,6895,54545,25732,59246,27104,44028,6351,28748
58390,51461,45236,14515,28849,27806,20070,7439,12634,13484
17076,24587,62213,47694,31903,8846,20268,1023,26905,52203
53293,28195,36819,14311,40624,20370,5433,24898,14102,35121
8035,59863,26462,58000,27388,20164,4078,20681,50228,59533
29337,3306,64836,31678,42044,20043,61173,8101,56182,9711
20989,22286,50529,28276,20662,19283,22753,47814,43378,61317
65310,2221,4617,56448,9296,28951,50974,21042,11878,23177
8633,33968,7414,30269,37568,19048,15054,7893,26864,12334
8583,10947,19889,20223,15764,57674,47471,8124,18676,33275
52105,37910,16006,35691,46450,47069,12058,58709,46459,48211
7628,41245,48944,15253,25731,41656,49511,53635,17718,40326
39730,23637,45717,17050,62007,754,28774,33260,46929,36917
51139,63647,20267,60783,50813,13490,63104,56439,31437,31012
62964,32202,59270,25438,26294,23212,9457,16800,446,30802
43335,24207,62438,64957,45726,50407,61672,649,31172,47599
65215,40594,44210,52676,27048,44440,33630,24991,11139,27715
32158,18816,5092,51942,7334,56346,33137,15504,31995,62458
34288,51162,2769,38220,37810,15076,13583,8052,19552,4660
15902,34116,21597,27353,61005,45232,60448,40134,17599,40419
4044,18508,34664,45938,6892,64879,38245,6984,13113,6175
9243,17531,27129,32200,46741,1824,59401,58445,33502,9886
47726,42857,6290,38122,13589,56481,26107,49789,51615,51155
24336,26186,12790,9809,63755,25134,31744,39004,109,44377
61608,27117,38334,65152,41997,17684,59146,23996,12004,40165
41600,62026,51582,47524,10769,18691,45071,58090,5200,16221
48548,30743,10640,33148,3860,61799,32137,24618,11899,6578
19219,10768,33330,28560,8157,53848,58646,264,61356,15246
40494,13816,63154,46068,42228,54972,1147,23377,37198,60984
45989,53735,28670,6409,42557,45154,36199,30183,2579,51956
51826,52585,51194,31014,1988,43047,39323,54112,45517,63603
13221,42701,7695,180,10950,1496,32648,7479,37533,55659
55676,32299,49752,31754,57601,34209,48526,50997,39093,58132
9739,38895,2247,8827,19421,51546,44469,36289,34359,24058
151,43008,27986,22518,17336,32780,64925,51622,38937,64463
12636,14858,30149,42638,50580,25686,57458,3069,21220,41642
35887,29134,49768,35806,36181,34872,46650,6828,45262,36790
60074,45964,40025,18495,59873,25429,52975,13845,30140,23860
53191,28088,4557,23524,53394,15755,30679,26950,42369,57455
58163,65076,43995,60041,26368,10840,36389,3930,53474,46448
40970,48106,43494,42606,7616,14161,53411,33394,30909,13385
10728,27078,16494,37014,30168,48724,26696,44435,13087,669
18937,25523,39473,41255,21209,20020,12671,47255,10285,57989
62702,8239,34788,64291,23741,1183,974,41747,46806,4996
19385,21836,19196,620,26333,12333,3332,8550,10185,25642
38077,11301,57420,56437,28798,3783,64286,5197,59213,53677
31514,42913,60420,13033,58687,16635,44084,32484,14502,12814
34842,39971,17159,50740,34302,32168,35645,36480,6991,36537
42863,63565,60496,64038,59763,45422,50025,6359,21314,44155
13934,32503,34703,31572,1898,41359,61599,41149,62227,14182
63755,9922,27163,1875,35773,16992,60172,49128,8327,25531
35956,62799,8373,36209,42082,57929,63866,63436,29049,46479
26124,51399,19795,7628,41577,15090,42968,19263,3583,9993
32808,16196,29338,48889,23018,3905,37446,8729,16805,21220
63336,19404,52961,5286,2357,54909,25255,14868,16739,10658
59370,57925,20076,3083,63359,7849,4438,25773,53752,16693
56330,7697,40479,22138,62354,65307,43140,9029,2732,50169
1,36568,7885,2766,22645,16134,42854,3414,60290,27704
43137,8854,48439,14421,6870,58686,37214,63248,27819,63261
39420,53243,12334,11659,61977,46813,28830,14508,57354,7170
43348,24805,38841,36945,2348,44358,52150,8597,36395,4697
10149,55815,3339,62047,33513,42028,2548,62329,250,24614
12585,28639,34476,31651,6250,24821,22197,9740,14555,33662
47310,61878,10022,45821,55528,38932,24611,60509,27654,59966
45852,53107,49173,10187,61439,64065,497,11933,56569,24754
65389,43761,39675,32862,17421,41318,5190,50508,59338,9290
36819,55994,28829,53251,53796,42895,28917,2916,5598,40098
34028,27038,49732,22149,27275,59468,16896,57926,4941,31872
42939,25859,29440,32100,20873,34674,12582,46160,13430,3124
39815,1255,16178,54373,10980,27581,35149,10694,46731,27483
21359,60867,48756,2352,19837,59613,7750,22153,52253,50837
48938,41619,39592,65516,29173,45445,59731,26023,21073,46205
52537,49088,39863,8968,4652,60847,63021,6418,43881,42822
39274,50983,724,8988,51415,64492,23852,18947,13853,14745
19188,11023,56731,45924,35980,36451,54595,31397,59358,38160
36326,28845,44791,37584,62977,34600,64451,53527,22256,2731
2584,39199,37979,31378,52932,18430,33162,22679,63609,43294
771,20991,41789,26991,58614,9636,64844,26566,12784,24038
34933,45406,38165,43275,7057,64753,19821,21329,36596,62388
59512,38074,60077,47384,24408,51541,45711,31354,26692,21972
26521,15507,39254,9725,10029,19044,48227,348,42830,32951
27983,53265,45342,35365,13401,65091,54958,859,4717,57247
4157,30845,25724,54983,33060,53284,54171,35015,53437,7889
57141,50860,55256,53351,41051,59263,50952,36412,22509,47670
24633,56849,46170,17683,33265,1534,21635,50423,25943,29508
39165,40560,60366,62833,64479,24228,45012,59730,41392,60070
11043,57965,20492,18797,49735,1300,64494,16737,18296,63792
19689,65157,49369,40372,8982,5999,28008,56171,28386,48618
60743,3082,37298,37192,11013,14852,3396,20881,1054,38559
31935,30974,430,8030,1201,65263,17736,45558,5029,57006
33146,37197,21285,45951,42844,32427,6334,51607,47585,5530
4598,21818,47948,47124,4976,37510,27420,30594,34675,5635
33769,37279,46833,11742,54859,52445,47524,51186,57948,38645
13122,56055,57770,41251,35992,1729,61354,39258,59402,35925
39075,16043,13101,45472,31247,738,59204,10293,58693,14468
62052,61594,30022,9076,22830,61838,48273,65363,24855,4058
16444,41082,59911,8404,41300,8259,29203,50926,40576,3875
55104,62641,16954,15544,39982,25091,42368,49652,7122,11680
4865,9859,26351,6320,6368,33576,58589,21311,2610,61617
23456,39936,30274,11891,36740,42503,41315,64595,37796,14350
51161,53618,5426,24346,16104,63173,10117,12584,5272,31482
31001,45064,36822,32912,55638,27809,27769,19855,36031,33086
15692,25971,34715,40005,53166,16912,23888,57582,47598,32100
41860,47643,49342,21592,55987,4183,11274,7408,52125,9613
10307,54879,29422,23615,14743,58002,50843,848,47681,11809
30889,64271,63164,4210,12483,42067,29299,36274,34898,39027
35511,22506,1547,34630,10328,37742,51719,3045,30279,48488
13842,54986,55553,21524,7738,1814,30955,54072,18172,46888
3563,61228,10731,8170,58051,44723,17985,61584,35499,5484
1667,30163,34699,62493,35754,39710,59655,10403,52291,32992
21181,35641,6916,39761,64946,46885,41056,13174,57975,9005
31753,52098,15299,26920,18974,28148,30632,32849,50871,12824
35341,29006,40327,45912,19945,57849,57337,32348,32514,3628
3884,8630,26197,64586,51213,6564,2153,42558,48477,23090
12816,10866,61174,57226,13827,30807,38902,57881,25378,26374
56571,19657,2174,6463,36044,59195,197,58305,42434,31772
56138,38903,16319,41153,52139,39072,16710,9465,8408,9295
28801,54598,10327,54335,57313,17403,49002,2382,27496,31212
31772,22871,20829,56346,25879,53028,43884,61130,45888,20373
9266,15859,45923,30086,6335,36283,31212,44,6719,11463
24074,44764,62315,34910,13536,46758,14178,31099,28754,25781
52171,61673,51056,924,24143,5505,40383,49159,50302,65190
15089,63548,39500,42941,15727,5339,335,48674,21843,29027
65514,31131,39977,18547,61187,10184,58064,27978,55802,14673
32599,40783,35770,13930,44100,30257,28114,19723,22328,20611
56748,46972,11262,43738,60290,33692,58985,20451,54108,47602
32637,20952,17314,57365,7199,50746,18284,65258,48185,35390
48565,5703,44327,36115,20765,48938,65129,65042,48624,36507
49575,54374,44372,48884,55657,31930,52309,39486,35849,44601
53078,16149,26813,768,12327,19329,26594,54750,30500,54254
22371,63770,1212,24771,52825,57930,34885,6985,41964,49464
22244,19342,37666,37718,19910,48292,55839,10438,10643,2714
51766,18156,45056,25610,1426,53883,28623,33838,38439,7898
63973,54994,27014,40795,50113,31926,15438,37426,60842,56489
33113,21396,39137,28613,40241,60227,33646,20415,42255,32674
1179,19780,17463,8986,7272,58908,13736,52233,24128,12164
58179,50695,8828,109,55907,23102,16273,56423,22604,61661
29322,30348,14218,44929,57558,64679,50582,4624,39559,44263
13031,5268,22785,55786,13019,14618,40,28154,61912,25764
51576,42869,19336,9482,25668,21383,46132,1545,34451,47016
14108,8247,49320,49307,64657,15244,50519,19140,26204,34282
62620,62590,19048,14496,15016,9023,6160,39159,25924,3204
36128,2957,58498,21729,19229,40863,21038,57020,14664,61135
25219,44582,16120,15445,14270,55474,41378,59598,38427,52957
41359,20307,19186,30518,43652,53155,53123,15218,1105,35053
40981,14035,26048,3041,21330,57005,24145,45648,49288,44168
34358,7855,58930,41858,54174,65533,52019,38879,18015,27755
3544,21251,57706,46761,60169,16054,64924,50614,21859,12587
48339,56401,31412,32949,38270,4080,14246,7082,16902,50853
20146,29018,46114,34514,19328,3483,46671,19843,63269,40293
42751,38574,28825,53772,4400,17993,21888,12720,34227,31013
36663,29540,15345,8335,7533,28582,58610,34989,51063,39972
35520,10699,27546,40352,44945,49818,17328,52877,10821,11821
63014,55566,51781,23110,53648,15149,55135,48323,15288,27069
16472,29546,29756,12023,51710,30383,62743,11483,40097,64280
29480,33689,14981,28163,35951,16368,26498,38475,5287,9374
61525,40466,10750,25287,43109,54569,10160,40272,36946,14649
35945,32445,9072,24528,46197,19158,55086,39827,36235,13263
50288,26361,37510,30913,13663,20691,56876,49049,29973,10169
65346,8140,47425,14606,32463,25129,10635,40380,55901,15476
42732,47326,6234,13373,9350,16067,44750,58054,33630,20155
65137,41160,64776,43616,14854,22427,61548,39983,45412,8233
2931,21180,43404,60737,43688,16727,55515,56988,16011,3768
50195,27598,5090,20977,49771,25968,4261,13080,9486,34463
11726,273,51337,9299,21640,62657,17312,39518,2475,41154
51096,28659,21189,55316,32428,62161,54394,61024,39723,29992
6501,40134,9941,40913,38167,14613,41140,4648,46656,25259
31281,15053,33892,7138,22587,60609,32014,8254,83,37656
63123,26711,43275,36123,27324,65486,28048,17261,34294,45420
35270,57382,18533,58711,43428,17137,5006,53593,56729,18831
8467,40370,59253,11789,15365,22027,55670,47191,23400,47160
26923,53763,12951,36188,56930,4539,58528,11841,39048,12060
63645,35235,12798,7063,38666,16741,15455,37659,52067,52742
39314,63976,65017,49204,352,57789,17991,29813,23323,3054
27177,13370,9263,12192,5466,42024,50033,7253,468,40078
59245,18306,64801,63246,62588,28345,21250,27769,54212,61107
30855,79,48115,1730,57852,60245,705,58516,10754,37120
44862,48807,39103,41091,43933,56586,14451,11798,17753,59196
140,37597,44546,51116,48655,35722,40090,65499,40547,61362
28881,34450,62469,21041,27671,18491,58762,43547,59404,45207
10287,20047,24704,43912,16556,46638,52337,48859,16127,17232
47612,45534,38684,13426,30451,16065,30973,10078,58632,998
39978,14296,46376,46327,28920,30802,49930,18493,56035,59001
49889,31069,48051,55765,25002,13577,18545,35664,10376,91
44341,1848,3098,10016,57257,21293,9769,56817,10284,9319
48088,32177,21553,49217,45314,48028,45762,34241,4414,30268
31257,56380,57208,27868,64069,44448,41721,273,37192,55385
7127,18067,29418,57679,33499,51246,65360,13686,16002,43064
39272,48451,44097,7294,26047,53275,30063,30216,21319,8384
10684,35900,41209,58979,3694,1970,55663,5791,40634,5235
1838,8495,3504,64247,22204,707,20076,20139,53860,51015
5017,36304,9631,34252,1360,23207,3372,59408,52675,22969
18926,41777,2610,40101,65118,50054,39584,30850,23737,62395
54894,11221,2337,20941,1870,13399,36809,52528,53913,6409
43319,13040,6382,30015,32581,57123,19262,61401,56730,41398
15357,27855,26991,2114,40744,25980,13889,57858,55861,55825
55815,44927,56039,52630,37311,1263,15304,4082,29233,60015
23249,46717,52568,58533,7227,55908,51576,1524,64945,56709
45117,30250,39622,33258,56803,32591,29456,62177,28713,3784
30536,10824,31089,16232,45613,52287,61094,60460,35203,64946
4052,10197,48483,28085,8385,1403,64444,32861,64067,65244
56953,29163,20097,13748,3075,54958,59647,33831,48182,52416
59819,39156,63472,6100,12264,40461,59803,20686,56999,37115
22779,14771,14173,8963,6477,46283,34587,46162,49184,22930
19902,36123,37274,38841,55279,7582,43607,13395,32510,14436
49284,25765,64177,26842,56431,36073,40792,34364,22532,5435
1930,47628,116,39514,8063,27659,2009,56601,27318,21386
36804,13416,26263,41738,25753,3259,47254,26521,53391,10905
17659,41673,59184,16890,22386,51231,44132,19875,20411,54611
59844,6489,42325,31736,981,62416,29473,65498,4169,14799
36024,56295,8136,33631,20763,26438,47418,3206,29416,894
7552,59540,24100,51919,13621,52806,38107,64653,64759,7852
46817,354,37303,21661,57874,47150,45983,64639,495,13302
45374,13879,58942,46678,7906,38413,9178,21185,44617,6413
36110,23539,129,52534,21128,25847,15689,42180,16210,40388
59533,46924,57002,43067,36937,59168,26698,64095,52951,58612
57868,32325,44344,32508,32106,36260,8271,54415,39713,45427
20891,24522,13084,59600,40207,13793,33464,33069,46256,2198
36538,54685,20153,6629,29261,55374,45221,47338,46327,49384
23376,2926,22641,26594,4096,24549,60261,51797,26506,47649
40004,56232,26148,48217,22959,33278,61579,42909,27490,13626
30245,60102,18170,25177,55708,18222,54227,35684,47380,9788
11787,40564,7242,28291,26335,25865,20981,61641,35939,36143
51779,41025,23816,45051,58022,33956,12632,15203,27785,5507
4389,34417,27712,57153,27101,62858,19127,41417,58376,15782
64985,62277,39237,50978,42952,15531,62200,31914,47116,19857
49029,60495,57970,40942,54265,41131,10158,42359,24271,41247
45624,46796,62358,35477,42408,38233,29822,24375,46872,65003
1235,18546,22177,65508,21527,50747,56237,20023,10003,49231
52170,10917,3035,31081,31401,33382,14651,22699,39742,24998
58664,65496,58139,64372,43508,24158,34063,52089,63079,45560
23507,49622,58582,32438,41278,33154,51267,8249,11411,40375
61346,13297,25477,26755,31229,34412,24181,5743,27194,15272
24877,32022,52915,29653,20855,63934,62742,24428,25017,28298
42153,54289,15324,39610,39362,28211,30984,47654,17577,17924
19623,65293,42279,32194,24977,24592,16308,53796,4832,39802
38998,39830,50886,64886,3897,3037,63227,32900,25745,23284
34795,13043,91,53631,20523,71,11339,37657,48090,48884
38425,12395,53307,39451,62728,64405,57058,35208,49343,56843
51678,55553,41750,43826,14989,11189,64730,24979,48321,35184
43573,35114,4037,28462,33196,36423,41140,2017,41354,6666
19551,9709,299,801,59413,33688,28359,47636,12409,34732
32800,23592,36336,9428,41220,62426,36713,49157,36070,23970
37836,16806,35992,28500,34737,54924,55679,59474,23986,51356
48227,34914,28961,3882,63090,12218,55540,54073,46416,43061
17034,18572,17479,1017,13231,2397,33051,55064,11551,18543
31013,4998,17810,53139,26298,7964,56275,62248,44709,58842
62244,13302,31562,56264,53598,63294,2508,56840,31220,4694
1149,19500,7759,58338,36616,14511,64448,1082,25796,23517
16037,63527,803,27105,23734,43233,64201,6441,688,62563
25422,38483,23786,46026,7322,45295,30380,65274,41891,55059
64153,63043,36829,52868,9575,12873,47071,60195,43729,52719
38769,63391,51330,6393,63198,52085,50251,5759,58529,54760
40841,5748,19567,6585,23678,52076,46151,59939,16343,24382
24150,41289,63791,46481,56784,50460,2858,52295,36601,25299
18610,26325,64950,32303,25384,59660,25818,1805,12945,23186
22259,20409,18257,3702,60937,45432,22703,31015,63806,25511
40844,55275,42771,33433,46160,5298,25732,5387,36073,33888
19360,56307,43132,60953,33755,37317,5726,49082,4605,37075
208,28614,44423,2824,29381,23378,44490,60985,54545,4086
7031,51047,60001,8532,24354,65020,13135,55151,11246,44956
24535,7499,43798,11542,28318,7591,55729,4876,30713,47376
2674,6144,4324,65248,12161,5173,36476,23139,55092,11169
27992,61311,18123,35428,19986,60190,55741,43818,54344,4987
63242,42808,13406,20647,10287,28275,55991,47303,5947,46012
7478,48512,6900,34046,12678,1823,22723,61057,23699,52621
59466,63261,28948,60185,14509,41316,33689,51715,43011,44301
34938,15580,49406,3178,36219,6263,35276,17329,35910,18071
5131,62837,2892,8015,37632,44833,47764,60601,46846,48212
40569,14221,62616,11982,40360,59515,18069,9377,34820,48127
47196,53321,39488,28450,36899,57837,36072,3846,37020,32406
32598,25116,56686,38954,25809,32653,51224,23871,63150,47936
39297,49612,862,8822,947,44475,11430,58687,4226,35816
45768,2357,19800,61081,8061,32665,9757,16482,35445,60067
62002,42102,60086,45683,36908,18043,54231,45370,17556,48019
19772,21244,54925,7457,12778,45325,12473,26791,12673,60489
50612,34097,38706,40713,42548,26232,56956,48037,36085,46212
14368,50112,24458,52433,55672,1235,30355,45400,16333,43085
56205,31730,48616,26548,46143,18509,39895,54563,7135,13352
33129,55692,45125,43538,25298,59937,320,13302,55782,35174
39809,49689,59664,60704,14004,63032,32297,40552,59550,15419
20838,58393,2428,276,61147,15537,14408,26497,328,7852
4174,2266,17156,49744,923,1400,23251,2681,26497,8117
63539,20630,18695,49703,39028,25786,21800,32883,4269,60514
37189,42421,27169,59235,61060,18082,61763,42174,54678,46513
12401,60818,490,38134,55689,35616,39208,8499,6368,33859
63269,56859,16859,3346,5104,32629,7972,47537,64711,27471
22488,51996,59418,23159,21636,12421,42439,21798,44118,22149
5450,42958,18777,61486,50209,45166,17698,29779,548,12132
40857,46583,62862,13427,54875,49442,40499,62491,1611,26121
27700,17727,61140,59454,60911,12713,14882,64143,45290,48134
50473,9517,34970,5351,50353,8740,5295,48166,37861,24186
55144,17936,55590,60527,44099,6790,32267,35951,37115,26665
36395,25133,64464,16218,56500,19972,29928,32797,27268,49254
4426,1481,46796,13451,20551,65316,1492,19571,45442,34020
39940,34472,27529,57050,55404,61668,52378,64596,31477,55159
65483,28526,55931,61119,47640,34369,62723,56855,2766,32816
61393,43127,24383,45343,28843,778,2126,247,32399,2674
38647,22653,25772,8289,47692,45566,55037,2667,18948,18262
41274,20378,13885,16723,48045,55584,53575,55943,4031,60185
47552,32761,5017,3276,1861,30331,47035,61294,43800,64732
22923,10819,50087,36339,64404,22334,8946,23996,15901,22753
9825,24019,3569,39905,6314,42520,46772,26913,5063,28310
30726,46330,49075,25208,61711,58139,23844,20324,1251,44600
396,2584,56725,51458,53767,7491,52151,2990,16323,53066
36,25646,13806,44500,33868,21842,17470,35778,49678,14807
42421,52594,57272,32040,37386,51651,27114,46255,39532,12164
45247,60901,33994,6964,22679,32600,32205,18225,26660,57825
13517,25150,45725,26759,19156,20299,1119,52349,19431,50350
49317,20114,42080,28298,12403,23710,10923,17160,16816,22749
50207,22854,32487,32359,23238,46391,33925,60847,9365,36586
45174,15075,21562,15464,8991,32844,27831,57453,9037,59435
41442,30725,38863,11647,15511,52938,46371,2008,25448,61191
64254,46232,39881,48171,41945,45995,15440,31337,30346,31080
38388,17262,12007,40209,36189,2878,41512,34375,61327,38498
37813,25499,13793,34644,15426,41953,14400,35509,57588,59038
16963,2757,21181,49021,20412,37262,61502,40817,8525,20122
33551,42759,45923,58295,2368,37441,33726,21100,17697,37915
19977,50918,6751,19001,64637,47631,2197,33209,12674,14963
63186,62604,5272,23343,10238,48638,23263,7897,30125,12238
42904,61143,32957,33260,63013,56816,56504,44859,32044,4897
43654,14345,22262,34143,37904,2638,20477,9203,48145,25837
27320,7822,28759,30577,34699,8739,55811,41690,56645,53352
59278,34829,9789,58187,31307,62334,4652,59877,51516,25159
762,50162,53670,53619,61465,63524,6097,8724,10192,4547
27817,6935,57987,53479,61203,38561,62790,29223,19382,2919
42812,57956,17226,255,25131,54334,64731,43618,51100,12317
47011,22354,25290,14204,58461,59679,17747,2058,4110,31719
28135,52418,19378,58569,15353,32364,47746,62466,51043,55432
4675,63910,44725,9687,62820,20632,32136,11940,62583,23598
42425,16255,9495,40559,50817,17063,36076,48462,48504,36456
1514,24304,21227,35047,16272,53529,1608,31552,43231,20842
44327,60095,44902,43092,20873,2149,50388,11912,63053,35502
31858,59883,22976,17455,30094,16963,25595,40219,35360,51742
57759,18254,46150,53015,21502,3740,59320,5851,16136,34148
22101,32786,17815,58666,8791,7450,41997,21004,24115,2259
2738,35589,1872,48818,16313,43223,60064,50407,64940,59218
27655,19208,57092,42512,35535,62376,19854,63056,23951,14589
57213,31211,57756,420,5870,11714,17836,57355,49784,61192
12814,49634,57574,42208,6219,3679,9321,10518,46765,41295
33744,4941,43244,2178,57565,7946,52966,15049,3027,10856
33844,55006,48450,9835,34057,28617,24843,63553,36084,33468
51810,59935,55735,65340,29180,30656,54577,61159,36572,64883
17718,38695,34315,13591,61551,10566,49722,53730,55351,15042
31409,35693,53966,29850,4014,62119,27435,26968,42429,6843
21267,6050,54113,53577,59691,8289,5491,26922,21574,22129
4783,16837,16178,50634,20242,3764,11042,17884,42915,40142
56848,43718,4192,48703,14861,51939,45452,57520,818,3878
33091,22256,59500,11360,17716,11457,52422,63664,39647,45532
61991,19509,15947,8228,43735,46413,35073,59641,61189,30878
61624,25850,7290,63229,23099,18086,18427,9631,33226,4906
15138,7775,62109,2802,1310,11760,50110,48814,62669,53547
47929,28158,55552,41522,958,50652,14876,42647,40478,27375
36488,53457,7515,53922,21419,42289,65020,42858,47262,19901
63752,29988,39911,34127,50502,65303,39477,37247,27316,16168
61186,50526,37607,26195,6264,9302,36953,53699,24219,10158
23708,19084,65171,61174,29858,32623,37742,44193,48221,23247
61355,21151,6096,21006,60857,9789,56405,37024,32451,55358
27958,51448,47868,30272,23269,17421,42424,25351,3753,42825
54394,44873,38614,32479,44267,11590,21720,8639,33123,31469
4734,56935,46906,41334,49345,42592,40041,2470,36058,23282
10470,31890,59641,34747,22794,62895,59607,42846,22706,37901
57978,32723,44984,24154,33363,65496,56906,44921,26484,21848
28179,61884,44733,49448,15242,40937,38381,37827,27617,53876
21683,38892,29741,54745,33193,64968,42488,19427,53142,18438
8766,56577,34307,24367,18597,41340,516,8012,57377,17696
8181,19030,40718,13527,43353,30625,65102,5622,40839,41880
39771,53114,1608,33963,51655,23890,33415,13040,60515,17901
53379,50099,61457,44822,17935,17763,43972,40339,1426,21451
26767,4748,38120,44732,12190,32012,14159,5541,61821,6947
43479,6744,39655,24331,55877,55469,30320,45073,17934,46021
57112,30887,30149,54982,47309,32847,12966,46106,50859,41384
62982,61813,43410,28648,11812,33170,27262,941,14200,10998
16239,11054,38061,8923,53594,43736,43089,942,53472,30696
7291,35576,29414,32252,7742,30910,25287,23454,30910,61224
14844,837,23720,33506,23133,31753,52000,19491,47261,23627
10976,33417,33708,46707,38835,30651,43651,2519,47925,16339
11354,50149,49269,5452,45562,49679,2422,2913,39657,56862
12873,6395,17363,44417,50359,29942,51888,13339,26401,9245
37606,3388,39664,35444,55042,26588,51346,26894,52703,3993
33272,45330,7395,42736,3219,15881,38370,60802,3682,13858
57972,60468,60553,20054,63566,50691,822,37947,20203,25493
51254,58564,44401,383,22207,25113,39054,48867,33954,36979
7855,12925,64043,60275,56729,20557,52500,31519,36700,9850
11034,45593,18762,1851,61966,18011,57379,32653,45995,61193
51431,7859,23727,12402,56980,9436,2372,4791,17061,51611
587,36101,27049,10348,46113,37612,47753,40008,46410,29573
34482,30925,59569,8770,58260,42734,16876,57719,48202,39527
6013,38974,60741,27472,34317,44453,42847,23239,4413,56099
11337,46801,45140,3271,59248,2997,22478,53059,46319,47083
31126,5047,4366,9344,3051,55041,26123,11763,51780,41082
22365,19116,36146,49373,29129,28884,2659,45296,61094,28785
39820,50189,3847,1545,41222,22499,54571,5537,314,2578
30732,5171,63669,50014,22601,33822,9257,44321,10293,28952
10255,45139,49275,61114,11165,7186,3629,61853,31332,31140
56648,33018,25063,39789,40991,16868,34478,2187,63213,15905
60333,20958,51214,12766,57479,4473,33187,7080,46568,63544
40496,53355,14026,12304,14069,42136,8028,64625,43679,17858
7470,32685,16192,35934,1397,34876,39915,6365,41740,3389
33326,14879,58997,45686,14959,22851,50123,36975,52566,39703
7036,32901,16751,60510,59540,52079,21829,30639,39530,3704
34445,35444,44163,36952,20202,7439,31959,38124,57133,19673
13827,8069,35796,8394,55232,42573,58106,14230,3060,53532
14321,59775,4149,58647,19972,46246,15822,8661,52926,5000
1065,12926,32327,14390,48160,10717,3504,61025,48516,49505
57187,53622,62313,60604,2533,29730,5857,16582,100,13434
23936,14574,2806,9071,48447,12359,44319,49274,54111,16926
13920,29062,56318,10631,49727,28141,62297,42618,26391,21733
30296,38131,31102,20365,10504,1695,23960,26016,57525,44294
19949,46764,34035,24250,17022,50306,61742,20228,61913,7502
6642,38949,17759,62685,53438,64257,8731,49217,55173,14714
27927,37923,17603,57190,54724,46805,11418,18243,20319,29027
37485,52787,36028,37203,25780,61484,50170,19742,24771,6903
51611,19579,47394,40875,35178,18738,8970,63193,54659,57463
5937,8386,44429,52500,2871,3923,57926,57111,60107,40811
42722,51539,33071,2956,36616,24188,10727,36230,37885,25052
16832,23126,24982,7893,30588,53598,24225,17083,12887,11389
28343,30752,25215,51914,64937,54710,54826,30409,20297,15424
53412,16851,42431,7591,60758,52687,33368,47094,351,11914
18654,1326,57039,56644,35461,29280,42779,22204,19118,25098
4983,42464,15743,36750,19224,43823,27299,27227,65192,43253
57625,55550,44520,20012,9749,544,12410,33129,30999,51018
50342,13824,58682,11820,36327,20671,34482,50302,19247,53962
51638,24183,23260,9872,38344,7611,42213,56546,34852,30086
41266,10475,22070,64072,48534,39288,33552,62340,14070,48325
57499,44508,60921,11229,54018,35890,54608,42572,16293,29864
12199,31253,52097,61628,26572,35791,44446,33108,19542,4640
5624,25535,43685,32765,16300,48419,45628,40403,4005,54831
30515,2459,59636,15381,51367,7031,25889,23139,87,13800
18520,31476,18465,64277,25484,5300,35128,27649,29173,10733
62499,48517,36071,30885,26558,42633,60193,64450,24767,17606
62470,37831,48419,4847,60569,27652,9726,30349,60310,26736
26668,56997,63117,49121,32679,3730,31559,65094,24130,39194
27762,22333,53388,39892,30734,21096,17323,21343,16603,12808
62429,63508,40127,34756,39126,54922,53135,64315,12964,42169
50958,58673,59955,55950,49603,33473,10980,53821,19801,52154
17248,15112,19265,59069,19858,35400,47888,33857,6876,63341
17714,61318,3417,10476,49582,13108,48831,16361,27103,36382
57499,61364,52306,61400,30734,34738,64240,62183,17764,19315
25517,49150,42002,29524,26803,37754,28977,57118,55570,49684
23582,5797,3090,33018,14222,55387,52878,21568,26309,37385
54888,35577,57385,64907,49502,15010,44397,51300,3222,7188
63427,15204,8934,3254,3996,10370,20296,56890,6891,52033
10093,48594,2685,56842,16651,14226,61272,43505,40044,30257
3924,2013,56917,12714,28124,9284,14858,47308,40453,34537
61153,42386,812,19437,63697,11136,58115,41111,64015,35832
5675,25950,9746,45107,31586,29850,9248,45836,4879,45415
20981,64410,64674,52156,889,36198,30326,10099,54553,31182
63774,39717,39148,45476,8808,34232,61496,29196,53235,43037
8971,31571,43885,22711,27179,16156,59445,12493,33015,32855
9818,12159,18364,57988,22918,2184,15764,43081,58676,62701
63907,32604,14569,24059,18807,1136,59315,23817,42224,57928
6410,18763,58607,8157,1135,43707,8177,39169,39088,27346
56219,15368,30822,44703,12521,61028,36514,1925,31122,13140
45950,41,49554,53973,38508,64855,33792,39161,38336,34628
25301,58777,13818,22763,4931,65379,9083,14693,3504,16134
35848,44288,35524,19996,19885,21868,51683,13531,36480,15700
35695,58588,37876,44684,21047,3003,18699,25607,34229,7776
11118,7969,53283,426,61585,12500,15707,65269,49241,52619
31947,13807,777,43918,21133,56338,17490,15168,30289,52821
5017,25973,62177,25442,36173,25319,1458,9174,23030,64536
21911,62476,8509,22505,60531,52616,17117,14088,22494,44908
46495,46304,10477,24966,1309,21969,36898,49991,8559,61990
14152,12328,64771,15483,9403,43049,5798,64810,28484,34275
40139,40804,47643,22571,8001,59829,60253,48974,5799,21368
36061,54615,24433,28115,27348,56655,7947,7047,50593,62863
22556,55095,45778,4200,3441,53890,40618,37450,65494,45291
7504,41290,24041,48398,27521,58018,62022,25911,25903,24751
30629,46250,46965,2214,49968,38761,43613,58947,35122,21971
52954,42927,10871,42127,45938,17203,30361,51572,59158,27112
37480,48187,48881,35950,19983,14296,25545,52541,65138,49039
31406,62640,6403,6314,3811,16406,34840,53344,42688,14019
26631,41377,26200,25653,57775,65331,28618,24855,15961,51397
37959,27004,30368,22563,33447,3048,57008,12712,41333,31129
27054,2915,57069,11731,53823,8000,61201,2361,30626,2462
59310,46938,33114,8895,33674,43905,8805,3534,952,3165
1779,59620,55639,24420,14762,8835,2723,61215,60272,15223
16117,54990,36184,50088,8340,40002,56981,3384,9521,24669
26622,26544,2392,32306,42730,41930,13607,4211,18753,45106
58745,24531,14239,47875,23528,2956,61481,47122,28288,50028
26849,7124,49652,39454,840,42822,34719,22314,31367,32035
51093,45527,61911,49183,7474,20945,61780,22504,28496,49797
36017,4913,53768,4243,18418,51035,60932,8287,445,14601
5558,49593,27343,16976,25103,31534,50579,42922,63077,32163
35318,1153,46998,8383,33033,12273,29244,16907,29141,10801
19965,15873,5107,83,15530,54215,13466,24424,5054,21674
20539,38600,54958,54286,68,14049,57746,11522,41702,14654
58390,49975,22268,2377,28141,14635,39229,61076,42359,43408
32177,9136,54889,1605,49547,57784,36770,33568,36877,10964
51218,59094,29383,6047,56041,62182,48902,52333,40921,27118
33127,56441,9768,52040,51364,9200,52914,54660,3124,42832
33609,30864,28530,41698,9585,48854,29910,49303,65398,12947
29619,37940,46078,59185,3803,3541,22914,25876,30772,2573
61325,40100,18849,54141,51017,60449,62737,29829,10022,17210
27230,51262,17586,49793,25344,1875,59695,61744,43243,32857
62869,58822,42778,35988,54675,1035,62931,37165,54226,28615
39957,42144,7766,26605,851,13076,57885,34818,42405,9025
56256,45976,25256,22019,14599,27071,60159,49042,13594,39136
53752,6165,33397,60354,1018,37342,55955,4956,15865,34481
59056,15372,15715,57908,11899,19060,54502,62351,15396,23513
44077,34466,58450,60537,36219,49939,53568,35772,6683,58499
58504,48350,348,22580,61104,57470,48066,14772,58563,15675
45231,34849,32992,34921,25721,3072,39549,22668,65522,13459
39642,38566,58622,3850,18804,35707,12033,36559,17167,17201
23511,8822,10933,19292,57507,39496,18972,65409,19477,5341
24529,49196,8701,7383,42910,52133,39061,13256,11376,45896
18257,2344,56966,10561,16855,3570,14169,7708,48013,41475
41633,60694,24622,2557,50265,40982,52471,51692,25551,11606
37336,40834,28683,36942,32287,13639,11591,53385,32140,9126
25795,8206,700,25154,21079,58713,25001,9720,25399,30884
14448,26992,6395,35847,12400,60199,23295,16156,61209,32210
33465,23102,297,26598,60157,41354,59566,14239,23442,34475
51211,8182,18971,37488,49552,15160,63761,43938,39062,64992
48900,25654,2986,41470,15764,39136,23744,60574,25761,57198
55629,19355,41800,8271,9043,37397,33997,36416,64138,52833
5979,5844,8629,49959,656,3160,2622,35628,20049,30926
32787,12983,45567,48707,21923,24870,22619,16865,55384,3686
26223,2622,20623,20905,14140,58770,22331,14323,42159,46243
51521,46804,41000,10675,38140,56604,11830,6279,31402,30726
34222,53726,39204,63423,30201,61101,53567,32673,19753,46775
63046,25603,13148,35743,11860,47559,62982,12192,12963,4187
58240,35620,3355,25726,35902,22331,42377,32918,63168,33027
53394,31680,44741,9081,61725,64865,3124,25899,24904,19215
62394,55609,56290,27448,53069,34790,11321,47611,38,50427
30180,8201,61585,20018,17771,3011,15124,33629,52476,52536
29016,9832,8672,994,62364,40754,24867,12300,31919,35725
47770,47184,61252,52832,41077,56188,57,59811,9380,21048
43524,20607,23837,19958,29563,31080,46070,57607,51983,247
34379,42496,21632,41707,35542,39531,111,24414,17820,10378
37270,17644,49336,61263,24570,37203,267,54423,52936,65237
26050,36894,55999,556,3778,20323,62771,1934,44305,26352
1057,12319,30012,50423,20042,18766,43110,25554,21052,55125
11337,28590,27211,57745,24685,41461,38910,21973,9726,56936
14191,38654,2245,28051,32022,20078,49483,36781,22064,12044
4646,49151,9735,63976,9062,51744,7070,58108,20369,59472
1572,54,26686,20291,32505,23243,29461,33221,23336,56632
531,30694,16045,35569,26196,35299,15765,40810,56587,22389
52137,5434,38113,60913,15062,17818,4601,8432,49747,16067
58491,54540,54766,18901,17317,12505,27126,44379,15074,6120
31566,35252,41043,27619,34253,63755,61295,40238,40743,58856
16723,36373,13432,38990,40325,29322,25287,51220,45099,60478
59737,47888,2024,48657,60417,7131,11199,14438,49413,31902
18132,57046,30014,54987,7315,57103,1158,25008,21993,38851
64841,63405,39922,1809,23294,37822,28636,47806,50733,8361
60032,60567,23449,37179,30381,7444,8959,22740,42283,26331
42113,26662,55873,47251,30309,28715,37371,10431,14984,56540
51407,55715,36512,64069,16277,57102,16250,11105,8196,51317
64961,61667,46000,11965,38519,50628,58290,46349,82,12873
23858,30436,59068,8021,26870,52957,49903,29762,56397,16760
62078,13478,46807,39020,63323,7748,64034,53675,23424,43574
46543,41579,35443,11669,34985,55146,14176,45281,18040,32156
43360,49606,9279,63185,32503,4457,48044,31816,51277,54754
26136,15745,690,19560,61583,60803,22132,59487,32389,33243
30834,53983,39027,5667,60329,55607,61898,44423,58300,38269
1065,10611,1382,17497,63010,16537,7215,17279,32418,19922
28686,42448,63667,28538,52148,37564,54023,44371,58488,64390
4672,32398,6826,34487,26956,26798,34957,10518,14228,37487
62127,38295,65161,36984,4181,14091,9943,50358,28261,44929
43082,55579,47106,13151,5941,5685,34734,53101,13861,41659
19471,7314,55303,63078,47506,39206,10237,9223,5314,6451
9037,30195,37664,9944,43053,31786,3657,4861,21794,54859
39063,55843,52563,15960,42101,64752,44746,48570,33445,9685
10786,53288,18727,55279,31200,23863,54757,21241,48507,24790
56669,57010,49374,30848,44681,12140,42760,36411,10143,47468
31486,7616,27666,55178,50039,20413,54180,10219,42890,23795
32068,64992,41513,52399,7094,7697,16135,38124,54031,3492
59829,61030,40709,14476,45875,10548,28267,31172,52726,52649
24777,20704,44116,2048,26295,55917,11286,17150,36820,29518
30699,13157,36398,17246,4904,50761,40633,8375,16388,29991
39425,24084,35762,62769,44775,64360,37155,25496,25559,17744
34490,44737,63432,29156,13710,27851,29214,23882,27059,24406
53805,25156,53055,26552,34458,19793,50316,32449,36702,53936
7570,44216,59990,3033,45802,39128,6612,45186,28127,49391
13512,32895,7613,55189,16478,27149,64205,470,36919,92
48060,53573,46814,18994,7405,39390,5708,26214,58043,33067
32718,33305,30617,28658,32469,51673,45940,47424,14588,44647
17930,49406,50582,35595,14289,42034,51295,64840,50672,59614
65203,27086,50290,34043,51388,13528,37097,63818,2663,18478
48207,3846,5364,54142,62245,17162,41434,6470,12443,43040
58002,17693,26288,49911,4366,54233,19133,36058,32659,41560
16932,56279,13803,33020,25163,60047,58919,49268,39015,29310
18641,7368,38974,24789,42061,58424,59236,53114,39873,55246
53875,8424,23973,39165,353,12281,24692,65481,50309,53890
64172,53554,41225,33366,37230,11486,6666,41678,29354,63649
14824,40959,62590,10070,63146,60040,47039,47807,42930,10883
3627,10117,38333,53398,29904,56855,57328,63030,48732,26581
62712,44653,55888,57870,60948,27399,37063,61871,5805,10333
58720,42287,16766,19644,59369,48450,19162,50433,53613,37720
15667,64456,30951,20733,45139,44151,44007,51061,10209,35460
50372,20995,1171,65188,58384,27030,45269,8445,54308,48974
53453,49536,62671,65053,58280,45339,28663,7523,6853,17344
63696,21916,43481,19183,19588,12993,55345,54394,48179,56462
42280,54390,30779,58479,14370,43961,51791,52833,61059,2464
46591,27078,32654,35002,4788,4425,16991,14889,37593,31557
8774,25339,4473,47553,5250,45588,57678,17505,4340,2101
28628,40003,46735,32892,64972,39135,52512,10086,17737,13802
40758,12622,35216,34122,32007,45461,64397,9450,61005,30824
33311,38482,43617,12957,62212,33272,10444,38690,54738,45470
12579,15744,29381,9364,64881,42953,4227,8290,22740,48154
16125,13865,21815,52079,38615,44487,63810,11665,53519,60154
56682,32638,62359,31287,14469,63878,54663,46422,52898,1065
3009,64936,9415,53008,12859,46327,27646,11150,57268,2299
64913,38802,63421,6161,48775,56234,9963,26774,24354,30784
56664,42641,5511,15232,37812,59813,40522,34542,3048,54646
51779,43198,20524,61133,49272,50192,50916,26695,20406,13658
24259,27489,52037,23091,53754,19415,63328,42361,65198,61945
59094,7969,49677,60334,61235,56715,4171,56070,42605,50113
29430,38388,40696,14435,35315,56521,4349,34938,17639,60924
25077,18567,32747,45097,55766,53159,163,26435,31651,8374
56147,9108,25276,41128,19623,39024,14288,24696,37340,13800
37758,65359,52082,55334,63093,59146,19439,7526,53802,31702
22584,29065,34382,8630,41329,61839,23735,39524,50412,28560
49858,63555,57627,11843,52968,3393,35698,45150,23667,22429
47010,63954,52901,55572,7279,50101,21084,2324,2467,40066
57760,7333,1015,37031,59925,7135,42202,50343,45031,39942
53624,26147,34232,21064,50698,2246,46012,63313,15258,8757
16910,53260,57102,34269,1431,61155,54599,56748,24458,19266
33709,19857,54115,46934,851,30228,13652,58568,19744,19805
46525,62744,57841,12108,49444,25202,40461,53211,53846,25326
15538,10166,52561,19319,57779,30396,461,12560,64608,10946
24428,18502,37470,18250,23246,17906,21727,33629,40339,30350
43454,64677,54,3973,24492,8441,65484,54920,37766,34827
48632,14089,47679,36709,30185,10767,27304,32292,8966,24015
58772,27637,28857,60822,14794,43702,37751,63997,31740,43352
9641,7324,63875,12708,46508,12039,9490,58242,58643,42611
19743,17397,38650,41063,39297,540,10922,383,31052,48280
57458,54944,34504,12829,19831,42106,43122,47608,46882,5984
3115,3035,52482,32529,41855,31520,15474,59676,53217,38265
54111,17482,56845,15643,61575,40031,18745,31053,51308,23443
27505,64578,13538,1134,17535,15932,19104,32784,14828,31265
58582,25166,12465,55571,13508,52418,7623,58650,40219,61434
19309,16333,6926,6241,65278,27487,55266,29640,62132,3701
30678,64723,53625,30022,33335,29883,51724,52097,21835,51216
11980,24969,55617,2755,29778,48638,13089,29724,50273,56868
29297,53396,65456,13686,15937,63761,3056,63015,40322,43455
26886,143,12159,39141,43869,9778,38473,44286,37442,34421
59479,2748,62799,8587,63013,27614,62910,23662,48199,64410
17006,57039,32861,23817,726,13195,54769,64890,4901,1664
3071,32621,13173,58718,31819,21838,65466,52098,19778,8154
61382,30908,51169,61152,48618,21532,29994,10851,41494,48417
38004,42081,24956,7319,29969,9163,23966,208,31694,29712
33786,10504,4713,18211,41625,57246,45852,18885,14163,15790
60978,41494,55338,30396,22667,51061,57340,6170,31211,33970
15049,60648,17504,34121,47000,32247,58444,19892,42455,38358
2504,6420,40205,50302,38700,40750,28951,40139,56132,65405
40957,4810,28843,16993,6734,62535,41547,62605,30096,63198
48336,49840,844,12889,9622,44004,16608,51577,39198,17418
29395,45487,36440,63119,15068,5352,8234,50189,23165,30895
40950,12807,33970,10488,51,168,49572,33160,10713,60808
10746,45500,7899,6045,42511,40543,11017,49659,7794,44795
11909,27831,42197,23904,29066,51067,33463,65039,59324,36347
11165,38776,18395,20814,37330,2461,29299,18523,48831,25753
6359,63339,29726,1342,26345,64490,25540,35248,18771,2132
38907,41373,60277,16820,7816,49139,17597,3977,14987,37998
59611,59975,16734,40318,19989,24872,15158,547,10031,19988
16097,30838,12601,22553,5726,57177,58030,49456,8692,28454
38233,716,40288,2176,2489,11362,46599,33296,51831,45813
42512,46114,12431,17534,24969,55983,28648,62873,61349,1415
34094,64155,64472,15602,57214,39618,22718,37254,60179,13089
57800,41714,4399,22550,54153,63334,41631,20289,17813,61289
40398,46073,63798,20308,55420,24278,49993,27685,9693,50881
45277,23612,2174,53995,5038,46203,52740,31256,23272,28250
55957,64269,64549,49666,665,3319,34938,56475,34772,12601
16526,13578,14742,52170,49223,51393,43133,11145,8778,30158
33246,41538,21806,28969,42637,30645,25297,51597,13094,41294
16081,15857,24819,37828,2155,5515,32402,64629,6006,19291
52059,60943,51674,8953,15386,45101,1816,21457,27299,37108
5552,10450,3874,34778,29355,45253,42394,11137,63631,8568
62619,45479,64490,21511,7149,9756,49026,22618,15210,13743
41346,34321,8962,54420,24999,42438,55411,14240,34713,11013
53615,29217,57246,44323,37568,8420,51898,33832,24429,41235
21158,49095,52858,5112,60818,1817,5291,30843,17351,26127
9232,47354,55023,41612,24027,1888,56140,47678,8306,61645
64674,23291,7920,5146,55277,55491,40216,46904,51579,45357
1153,56125,58412,65087,24854,11835,64681,62930,3129,45864
31534,53505,26718,32342,46755,14268,44336,60009,4021,22447
5376,15330,38533,37989,29454,63454,27696,47925,34413,2680
486,6750,35732,55168,25380,10634,7000,55757,36841,64572
43203,47167,41889,13328,63260,50095,7157,34895,30944,6148
39305,12452,58123,34698,8803,63226,13006,15983,45615,26516
11331,62433,23794,50799,54233,36944,21374,24285,63436,57898
62157,26261,14833,60781,36699,32146,32803,24465,33199,42456
42379,36935,22968,64680,27136,60923,54415,11126,65396,62048
6920,10968,2292,48638,65161,20455,42806,40205,3579,43927
56264,42019,31320,5653,63141,24931,46512,37287,63043,54840
19668,39806,31471,354,10133,65053,52913,61055,29288,65095
61974,51752,25363,24631,35830,36955,53221,20240,56347,43352
65338,20674,41373,18384,13751,31890,35568,46268,59536,18752
60,37926,59442,10907,13552,31425,54236,35934,61756,33698
61447,65307,49305,61936,27676,5004,49014,8581,50530,35348
60119,57256,4981,12823,10302,42529,48439,33267,18524,52730
24576,53577,19274,2834,4671,20407,40131,9670,8118,53826
59970,2092,34214,62350,28433,17820,30335,36676,55299,1829
23083,37999,14574,63984,28762,57089,33370,47912,47811,4558
42686,63041,27732,25223,12873,25008,6751,60125,36071,39097
17832,22892,41292,38865,52106,52012,4998,38674,46608,63195
58872,32821,9572,2022,19472,33975,22774,58945,20145,24592
1734,3288,47054,58231,51770,28257,29130,6316,18232,20724
11565,42927,44555,50606,39074,55830,53554,5051,27397,35704
13141,7117,25174,58427,13477,55657,21270,43217,18945,26902
16135,29542,20197,14328,34102,11315,14632,57996,48912,2183
55746,65011,46724,64550,39548,56571,53384,5311,56900,19343
11390,23696,14168,58571,15898,15523,22501,35476,9940,25581
23755,10584,52233,3103,3481,13778,41479,33565,23114,52567
7028,34369,42691,7452,34775,54433,16894,24094,47634,35461
11986,10679,11974,29700,44468,3584,15246,40202,41248,11850
26014,4951,61712,35871,12415,53814,18741,43791,35468,34251
41556,63366,37937,32377,49374,40028,52007,8587,26827,59738
34568,33958,21417,19397,56611,24858,57642,64577,865,53699
34028,18281,25124,50020,39056,22350,50059,1073,46783,56825
59187,45314,2439,10448,52085,27530,19624,28757,27460,10887
28472,2568,32714,12089,58187,45331,41952,16825,26296,64124
49462,53476,49486,23079,40829,48635,37589,49254,133,28520
41385,42997,19519,36951,56230,26361,10457,30444,30132,44287
55139,65041,30245,30365,60082,26155,4093,43610,56330,4908
35520,2906,64818,29215,28989,14984,36919,60080,1004,7592
33257,18088,3458,11180,7864,9550,64860,51521,60729,4235
20605,4141,30773,19516,58227,48799,52925,45050,23565,17517
58635,64736,17866,22784,15989,64215,46431,10370,63985,44367
38135,39311,20377,29628,35097,46895,20384,19080,38583,63466
60029,40025,14933,47122,43398,5970,62410,22765,18293,181
42460,34634,11430,27432,18546,51173,13776,3895,60756,16122
6113,58187,47450,43162,30319,53386,37223,32304,39484,24958
51730,49483,44956,35931,35766,43945,13567,17012,20110,35231
26887,43870,52671,25747,39639,17377,49989,25989,37417,64076
57510,634,42464,24030,12620,14329,23404,29956,18463,37678
1284,722,17554,38513,52188,49520,9234,48952,64535,8790
45327,27466,47090,59033,48708,4995,50056,481,38838,60833
58860,20604,62435,33601,47549,13540,15459,5088,38403,32379
64170,30747,43097,34599,47157,3690,35403,22952,60041,60295
20753,22952,25495,63555,3008,62309,63700,29991,59131,22173
31835,60882,45365,31884,27673,44242,56369,48464,51347,54112
65516,29733,65344,45557,28060,31046,62992,62462,17322,11169
63136,47684,35072,29978,13189,7300,28997,58585,15057,10810
36064,50208,29687,20012,21451,29638,17673,38798,30868,30702
27498,23559,2694,41990,55666,31993,21718,25587,26498,50951
4434,19605,46887,13104,21110,18641,8728,5528,25292,811
26875,20954,38260,49972,5346,39721,19685,14801,39703,22721
20348,56330,59807,34757,53036,61698,45924,37034,65222,21295
5174,17195,11710,30005,32,65338,25589,14774,53522,47733
57539,8847,32119,40994,24850,37158,54918,25754,46061,58381
62781,63257,35425,24928,34242,30547,22656,60320,26894,13072
39348,46248,42407,11496,57287,30856,32752,22595,63245,61652
44627,6850,10853,47858,14682,28004,9141,53238,58724,62316
46,23076,16534,48839,18442,25516,62112,56347,24463,21627
8927,35677,34327,7769,848,48276,4473,11394,48780,59657
21875,4196,34666,51180,44479,28491,43244,25765,8579,9223
25566,55586,56426,60963,49450,42712,55199,60420,39848,4965
40198,35655,64176,62404,56134,64330,62780,16037,28481,40964
15164,6901,7076,44910,12998,4936,49222,25323,37064,42661
2927,49628,10972,25106,5727,58897,42184,35575,35009,54474
60528,48414,11934,9447,15174,48582,61923,50105,29145,60310
20596,45741,6632,57215,13327,47000,62155,7597,24455,29836
30625,1292,14342,10652,21148,10036,65483,12744,40556,17843
45524,19611,4609,7905,17362,55850,50046,28043,7896,37391
44966,53023,18801,39879,31144,56986,6578,22158,51119,42966
55250,14267,6879,59354,22724,55235,2163,33460,42171,57947
42064,51698,64123,18961,53554,570,48175,1106,41920,12777
25538,18476,7670,25168,44699,36238,56943,43581,16008,4320
21253,58786,7761,65078,50741,43912,16676,59521,20083,50018
17430,14527,56246,41394,57149,55580,41198,10637,24415,53668
40710,36922,51230,34439,54114,18327,56963,33604,1640,47925
48500,34664,62027,1881,34734,8171,47606,59569,49359,47857
27951,26374,32068,27668,26113,21591,36854,61111,48871,19900
942,46349,8018,63814,59735,50399,26979,38096,20459,39389
61424,28854,31928,17275,27472,52712,7840,26315,20447,58568
61094,27406,1454,58738,22131,57111,9335,19049,10099,42024
40248,45469,47501,50397,57778,54388,38186,60464,31100,54090
6882,11433,52889,52292,21183,29760,22417,38624,29087,29697
3392,41909,20885,2959,52461,18628,54652,40597,6163,59323
2585,64346,15707,25078,52379,13463,62674,57715,8898,42660
53963,31168,25513,45634,48902,33243,15976,452,34697,16183
40846,58044,32378,5610,28180,15984,32453,65315,53608,28991
35758,22922,5089,56454,62613,47722,43952,42924,19888,28074
17043,59536,32708,9527,11728,48839,54394,64453,24957,42643
47465,40121,53451,24017,3541,6098,23538,2226,22889,23823
16743,26836,43720,46758,55005,35576,56194,2557,35432,36550
32444,48057,30499,13254,1041,48811,35908,60014,15685,27280
11536,56088,10232,53574,36274,16127,53147,56922,25405,16255
30190,8336,52163,57381,9435,58519,56383,64991,31927,35110
55515,26457,55088,2018,56062,2060,6833,27102,9053,57627
16926,56768,24776,40533,30795,58725,19002,3978,26211,34367
44447,55473,45229,18084,43191,56310,32828,21200,6782,52299
44876,25454,31396,13784,33163,14502,63972,6440,1074,32285
17327,19730,29167,55674,36294,11030,11142,48390,54262,21871
31758,37396,51316,65030,22765,39959,50588,1658,15598,60516
56551,54832,3521,56848,21264,21909,48883,31761,41981,64612
39310,65474,62437,41900,4045,3809,45126,60894,9715,52174
20038,31471,29807,45154,10963,34653,5221,45642,59688,58120
13831,8102,47552,43457,25812,54207,45977,4524,55066,2242
22429,59426,27541,64623,11733,61697,42359,13478,42781,64322
3529,39948,41497,52027,4609,44306,39479,4988,40204,22970
64931,54001,41736,53793,8047,30818,31016,59052,6527,33853
59477,48672,65055,61361,30386,23583,59016,41828,43135,25055
2252,25075,42907,3124,56146,13733,8592,48419,3392,61482
29849,17642,41950,7078,59241,24850,19941,11428,27410,26560
64901,43462,18334,50892,49842,25269,19470,24619,23452,54043
2136,5841,17015,14861,60033,24707,8749,15948,8493,28824
14293,25834,22372,29136,18017,14989,38008,32462,41470,65349
22941,33352,12774,52241,63939,4886,29093,12102,18433,19651
55842,9242,16228,27921,59603,45833,23508,58120,29956,25082
21646,52789,19597,51956,51091,61065,6745,13063,18390,18635
47773,48546,1636,57811,1743,62962,6877,24144,23,30769
59966,58676,26278,37696,30675,55182,14487,33683,7701,59230
62623,10732,41033,46543,37894,15486,59320,5862,15818,18499
32939,9625,1411,28906,40302,6353,38082,22571,39655,24608
28274,55488,26968,47365,15253,55062,13649,22289,47095,729
55790,32877,21345,20447,40180,18930,56741,8893,36519,3210
41473,26041,26391,52714,27306,3816,37750,37449,58285,56387
60302,64346,12401,49097,54232,42217,33406,33698,28179,51047
49750,8899,23505,23767,18542,27484,19216,38268,25653,40369
45268,15171,42707,39654,16845,32143,58492,58294,19778,24384
10493,4906,24968,57928,32454,37058,16966,37971,1615,50503
8243,24251,39587,4112,20205,55328,16895,20298,62714,38314
23299,13399,28450,40065,48971,43986,27801,25789,7082,56251
9787,36479,42470,8596,24250,25361,36000,16743,38347,38414
14596,17718,25412,53072,63220,5514,62813,16842,30454,32268
5534,20143,39349,63183,48509,65143,45414,44849,61621,41118
27353,58016,44502,27665,24385,53892,52846,57787,49687,27085
29816,61551,50225,5998,43132,3766,50273,24732,39499,36678
57934,38405,50578,52705,62698,48587,49568,22717,64860,38624
10494,38612,32136,30440,49617,36494,56561,33317,64760,24215
35427,31217,34249,51606,37590,56794,4237,2854,5712,64627
42548,1446,49452,26516,62523,53075,42659,56347,26929,15579
54780,28280,12700,55035,28679,43198,64466,22019,15547,22875
9081,57571,23614,3965,9456,31656,59030,54001,7742,10866
55052,5372,7627,43132,25869,28238,64314,1648,37995,32843
38860,11215,10461,35935,56528,4567,21813,79,60696,62710
52859,63380,58813,62876,1627,357,62420,31356,46567,54277
58042,1749,23076,9310,30191,12344,6496,1240,12042,59984
63051,58070,53250,34217,42277,65286,15239,41296,1375,43685
25314,57873,34068,39110,43426,28279,80,43161,8712,825
53747,60290,38051,44073,48786,30881,3232,53510,41574,24188
26860,47497,34639,25093,52772,48019,6312,23735,54913,44614
64007,33575,20433,2254,43086,4533,51555,26155,36054,58876
56266,50937,64427,19393,50971,14478,53432,37956,27998,15333
10631,31692,50427,22012,7712,36251,37745,47621,36624,16002
18223,47336,60827,18912,41544,61895,2405,12700,62370,13895
56848,48189,6727,47253,41283,42634,43610,38330,12847,20647
45742,2983,9960,29880,22290,63698,55487,63363,43151,48650
58753,1332,30831,8750,24800,58898,60785,58592,49558,1130
24980,54505,7584,44113,20945,27746,18403,51559,43449,26811
49445,4344,41225,5951,40065,63936,56952,52266,37676,36587
29508,15826,11597,43638,26227,44531,2577,46526,3342,39131
20216,14850,43236,56814,2322,30176,26259,52379,17577,58429
47886,27768,57025,34108,60369,9512,58886,32100,33178,12462
18863,18510,1832,42175,11830,28597,8129,59025,24992,61776
9546,63038,52403,1025,37727,36428,505,31005,9421,44361
51521,26897,53523,6054,12471,11344,22185,40824,64087,58697
35067,4696,30595,427,45121,44712,65236,61330,37317,56036
35155,23822,59862,63695,16441,53247,38214,40274,57963,47708
8580,24352,60644,54272,44697,25202,23681,59149,48282,7470
12647,59109,47519,50509,51629,43714,7198,62732,49949,26476
17395,59425,4083,41039,50885,59295,34956,17878,11349,16419
11261,57755,12822,50475,38932,15172,47022,24473,14917,7297
44281,61290,34516,2554,60520,40069,49983,34082,22748,18955
17652,52255,45324,61885,7809,11817,10620,44645,31045,2233
279,18194,13657,5736,51929,13912,44882,43974,45631,49701
25623,18212,28403,13922,49049,42758,11873,34536,16978,29239
4576,48404,40617,29985,52147,30456,53067,54491,61030,6465
64012,31494,48253,64435,29188,31855,25252,52827,17087,19119
37657,48729,37904,7557,58987,14656,35450,15725,58774,10800
42942,57958,4018,39197,30568,13354,23726,59197,46011,10057
8065,33949,3913,51983,37140,46336,13356,4412,16709,28176
20234,32444,60149,59003,4120,65236,13996,62910,19792,964
58584,9591,48802,26781,64486,32197,49465,4404,40997,36799
64046,10086,35043,3493,8050,13314,57406,47933,63904,1994
62239,38880,52084,20879,35202,40777,63325,4979,47218,7896
39221,57997,31330,31550,43554,44888,15932,17376,32760,50237
48841,34815,958,65112,38175,29536,34200,51056,9593,44134
44411,29956,5354,11770,43907,38324,4136,27928,31232,36315
57942,57614,33571,50461,44399,31520,52531,47062,58825,17954
48435,26076,51837,23160,15408,52159,25507,62339,2373,17317
1093,21685,14032,24,61132,6335,17034,9592,3512,12424
23064,36621,26537,28001,28852,1790,6825,19409,6896,17057
7160,18385,23169,44940,51635,6940,42006,28051,28817,65465
24308,615,120,57487,30441,20240,27462,4637,25933,48384
53350,13941,63955,2596,33706,8337,47378,31344,21666,7951
51805,61867,8474,61621,5280,9984,32054,50964,32543,26501
40798,44433,47688,29992,53233,46949,55788,12513,1616,15156
58213,45746,54809,45394,27118,42488,64218,60087,6306,39692
42178,33265,8349,52449,22093,8627,49922,19043,36459,27309
48532,62857,30130,33233,17271,42438,40405,38241,50466,43287
49773,12631,35500,38480,20127,57808,56986,63130,46630,24594
39337,10502,35331,3623,2079,47103,7567,15057,64195,58170
28951,31350,59017,48227,39343,27424,24383,25936,64263,33022
8302,12572,2813,29483,63631,3406,61983,35002,38502,60812
2773,29167,57193,30907,35707,37190,31082,19072,54856,27570
61263,5059,21537,257,14258,25531,35767,27590,16539,33046
62788,47667,21068,15174,14077,44338,62226,55379,44168,16205
6871,49786,59083,40159,35386,40611,32507,35450,48743,36740
60656,7910,27643,37871,50593,31490,10948,19384,308,1614
36546,12387,10541,5166,45012,54634,39135,7254,8909,28933
50793,35719,23119,29177,40966,19577,45451,7001,48571,19619
28861,12599,49506,30890,1585,38690,22456,60028,41260,16972
14393,17884,57590,49162,61147,565,22185,31416,9464,46721
42479,2450,31191,65366,48589,42297,36816,6183,39152,10173
20619,30998,8119,48666,29,51978,54936,19578,5370,33223
9247,51338,15012,2834,14244,29768,38088,42734,34277,27730
18617,19564,40233,35264,31729,23462,61708,39133,43547,1713
64004,36275,40361,22045,43486,32681,54714,50569,62641,11678
62886,40978,16249,56701,45060,16780,31032,52741,30051,18475
9876,22636,1270,30489,28504,47641,49967,52690,28688,37666
58670,4982,11701,34790,41527,18244,13823,50918,20506,14595
40457,29635,54797,29070,193,45325,35798,4818,35024,35036
57998,36392,9373,55780,33447,55730,10191,40052,48111,9004
53213,9059,48438,38478,35570,36433,64504,34135,48871,60590
45342,18010,4491,56839,57123,21580,2806,46518,52624,64037
53029,3852,61621,606,28007,21814,48613,26654,29538,18480
37919,48549,55202,32120,23183,26607,58483,12757,37819,34966
14394,50082,65221,44719,45498,19458,44076,6256,48668,17804
20886,16902,14419,9544,25043,44823,31372,46271,58180,41637
41916,41616,22722,49020,39727,48368,54000,17659,16689,18177
63176,59042,20230,28148,29541,37833,37323,24993,58757,39444
36378,45214,11345,27048,4131,40789,34770,61745,61300,26224
16849,24906,1425,27044,30178,13614,8442,23012,16712,9274
33652,47060,9501,43313,55196,35487,46652,56309,63989,50681
33816,11088,15524,58766,33883,65338,1501,4641,49258,62282
57299,58461,38235,10270,42379,53655,43932,7984,29334,35324
30996,44583,58707,8216,64439,46736,39214,59982,28767,52782
54281,62358,13617,59489,52180,2834,60549,43570,2555,16547
7157,21532,56519,33082,48258,44855,65317,65302,17774,10884
33305,40534,37089,4767,22352,30082,22462,31833,29326,35698
45176,38694,46945,11760,24470,55661,5042,4985,13732,3282
21407,54773,36084,51432,27101,60651,10167,58327,35713,37379
42782,64787,49587,63988,13443,42011,42610,38849,16748,22685
2660,38947,31727,60506,46631,23856,54292,11842,28038,17633
20960,25130,61042,9899,17298,23910,23650,59388,26337,37266
57906,20568,38625,59948,30995,43943,63925,63830,4607,12051
26136,58843,60888,32595,46209,62448,4954,2267,63687,5783
36470,29273,49701,11347,7952,30323,33279,48498,1631,31245
2806,16021,20561,59540,25604,44035,61572,62065,40816,59572
20270,41122,13144,5567,31269,33131,59206,41610,10817,2774
15368,50271,40811,54655,64757,64411,16796,31316,29665,40088
62976,7170,14627,60519,3669,29703,974,8049,37860,38891
39635,43494,35097,55653,12413,8566,35006,54452,54202,63289
50075,58024,39821,34748,13746,63295,61599,28036,186,61373
16521,27643,56963,39536,30350,7192,60757,403,4983,46834
39797,57426,52675,16500,36299,25726,57380,60797,34991,34173
42997,51849,45060,24381,43571,53179,51102,20644,30152,57475
197,33444,38828,56229,31429,35839,53953,26559,28057,2526
65299,7870,56642,54285,23016,5832,32698,9012,8263,10826
29749,18413,23415,47834,24162,47102,25918,32799,58340,41527
13797,62722,5435,49429,772,29826,7994,50211,61448,29307
25664,4947,54977,41722,48073,45761,14091,59078,10802,7077
47865,34428,33290,19924,46104,35670,33311,52070,52545,51503
15799,20476,61619,11451,25783,37913,47103,17829,34879,13492
18951,28215,15856,17018,59321,22825,16836,29544,1665,57062
16712,61626,34930,62040,64508,54975,5882,14410,40792,49606
64342,45083,1707,50446,27233,7156,12640,44718,32341,42888
27086,14589,20606,29123,58099,41004,9540,62808,13520,4289
12750,53381,48169,60986,62530,54370,64788,25335,40510,24486
25411,1200,39779,35915,45458,36588,48505,23807,14858,17681
4076,39550,19909,57415,32479,11122,51687,36729,8242,55852
33455,12718,12543,12326,23145,27532,50449,12713,5516,11199
11084,61036,50250,6840,14278,20654,55578,26794,565,29062
36356,52064,16353,48534,49877,37466,863,24062,28058,55655
45393,44182,37711,26452,16820,31031,13780,41030,59158,45509
4307,52131,58447,53175,43351,45986,4924,64956,18193,42128
38710,30387,62239,65002,31148,15174,23585,9782,52234,53670
44593,64729,752,62357,25505,63453,43443,6380,5482,12980
28338,48487,684,40454,55595,26081,64167,4513,5939,21083
39110,47009,9151,21822,28400,61731,29796,22395,19970,429
21741,29712,40167,59974,36469,52157,43838,40517,33800,61208
65014,45004,5675,18840,4726,54798,47506,23391,56682,27084
7358,42748,61352,57231,9201,16285,54912,52792,18836,32648
51785,16815,19616,3234,7615,19302,31571,40810,46777,40469
1635,35219,62788,44347,24162,64877,35719,51527,17260,37230
60789,47812,37116,43503,4329,53536,7679,62493,60533,7631
21614,23460,48748,7000,27620,15966,3073,39952,2309,38571
55352,42548,25240,38036,9686,55508,11906,52008,44024,50476
61603,29295,2475,29087,36667,6082,10786,42877,28090,31554
11702,57000,58027,42407,47616,18801,41324,38468,13317,23193
10557,12838,44161,34093,35636,22379,11041,6405,22634,49719
18407,1655,61348,37536,24663,62296,2939,38648,60532,3328
30750,26130,46148,50033,59848,47642,45946,47298,31250,19624
22528,48417,54691,16296,40910,32778,12667,41837,32854,8628
12190,14968,14875,42987,1758,56390,35496,34369,47611,56837
41967,14270,53460,9539,54572,60061,14899,21012,54427,45379
55228,23229,63908,19562,2402,32471,38849,8096,54305,28938
25916,20111,37281,56767,58262,18018,53202,35643,19377,46993
63106,34035,27846,52362,28235,64758,34461,61654,34514,35473
43348,35814,12885,35207,10441,791,21714,25535,25251,20747
11074,58774,59856,30659,22058,33238,24325,18957,30664,51682
25713,51056,30847,20308,58978,39059,31986,13072,55337,12569
39746,65244,35726,33643,6424,33910,13250,62300,43818,18011
19105,31248,2331,32383,11816,4550,48022,5676,42914,37868
46452,8448,31783,19962,17309,62508,40207,49186,9865,59647
50873,23169,48692,55506,46756,53689,17709,30027,32151,47584
31632,4959,27586,29375,39450,24263,25692,9693,30870,26449
1148,41468,34373,51879,16654,54158,51181,60894,19577,39127
9108,42253,60039,31857,29547,21402,44702,38602,3411,9733
44375,16135,60623,29857,35217,54783,55841,44091,17063,18216
8524,8277,5894,53641,14915,5864,33364,7250,4783,41896
61837,26297,6342,17484,4405,36617,8789,16623,52660,33948
35967,55308,1432,33971,14784,10628,15960,20794,47544,30463
16471,15835,43097,45516,42752,44716,49941,24209,36051,63524
49715,46508,37264,35668,1338,29926,22889,16051,36239,43553
36470,39825,61618,53209,58005,33309,30103,7152,32925,26707
650,52774,14784,55995,4096,22625,25238,5565,35587,33633
1272,19038,47878,3416,2943,8389,54869,47759,16817,3090
60980,29581,9741,21611,1080,30420,56291,58136,36718,29865
47637,62605,968,56363,46732,41657,392,57664,15929,20408
21612,38529,15067,1366,46342,4445,20956,54227,22012,3080
30721,38201,56830,51306,50728,25469,56482,26811,35849,45324
32638,50110,24922,40307,18144,36196,18565,43479,33231,27167
35752,40621,42651,41807,34132,36620,35564,56735,26441,38723
39119,50538,57536,48459,10259,39825,15201,57444,5942,19917
16278,8229,18285,50785,35322,4682,55105,10203,54836,35211
43991,12667,23912,43101,3291,30585,7766,50382,50281,53372
7163,37069,6436,20331,19459,11154,13962,15601,10261,3549
53953,62967,32755,26898,30870,34340,17000,50822,3312,52646
11737,21165,30441,36860,29999,54314,17831,3304,13639,8319
25426,6803,38927,9700,13315,59895,30259,29443,17628,38312
1291,2683,22712,25229,38623,9323,20195,54160,44908,47614
15534,39228,4676,6131,56867,2809,46202,12345,41166,50587
10699,56869,48129,4992,64024,20700,31243,18989,35980,57234
6407,46817,37163,60764,59117,52416,62095,37183,65499,48088
36168,15403,56105,27218,22721,28436,55882,50272,57931,34661
7246,42604,43572,62788,35630,63304,31738,42985,38816,44501
9656,37191,28285,48803,32660,10068,54188,21842,12642,39212
24844,44431,20794,60872,16321,17208,40525,154,64601,35159
62204,19076,59918,15647,26297,53615,57175,3128,43784,40859
24005,54886,62797,40790,40178,17702,35368,16429,29917,48399
52512,18642,36583,57363,55232,4272,2845,17978,11771,38317
15909,17720,24819,10191,16985,5966,2579,47312,6248,16171
44231,52002,46960,42918,26609,31797,4993,27883,23525,35524
23348,10993,35498,35049,33351,10230,60480,60573,34066,64522
27998,26138,3659,110,64250,51668,53502,13947,20964,3051
45518,52501,26886,58776,26467,926,9620,54741,25692,31736
55434,22096,17098,18265,60482,12960,44535,25123,19106,24622
50359,219,63098,64011,15014,36126,1346,40931,64934,24312
48632,1084,9422,48805,28502,50593,32963,42432,55769,19082
25520,49149,32781,27648,2636,42690,28875,27636,43005,14449
17291,52431,17099,10054,34562,30548,24000,49533,26117,3490
17692,11879,11092,57579,48985,7551,41301,51411,63195,42595
43231,16371,26897,28483,30046,14614,40816,36174,3590,3249
1535,18270,54280,20694,53649,35678,33356,14015,30061,1157
62945,58206,32235,21513,9093,62572,3271,34998,30592,6832
42025,33581,63763,21930,39346,56162,38290,32323,51998,58395
37974,3378,37267,41514,50911,5125,1769,64416,64294,9457
22056,47851,1403,53963,27845,42115,32457,58946,10188,21920
8714,13989,51530,14417,62905,13984,4021,27267,56180,7809
63035,9880,53490,20412,43920,53814,43281,53958,3807,14822
16566,25031,14655,55179,26351,10029,6643,15280,30099,11411
32918,5242,35149,34313,60040,50070,22602,24484,47866,20911
47727,50512,53051,110,43956,64924,49701,11189,43410,53530
61608,15446,40503,38623,51161,57780,36303,48792,12347,47472
61697,52127,24813,63385,48090,14539,35642,59850,10636,35808
61692,55622,51702,32574,63340,62069,16186,29173,53156,21566
58729,44720,28968,23881,30693,9313,46679,46093,62036,11565
58372,19716,12739,4413,41479,23280,26892,2146,32288,43207
15396,60320,35478,9519,16171,57775,53941,39015,35646,36306
12555,16943,17521,24157,58443,22701,65532,21005,6030,56435
39391,55148,52707,37215,22580,20703,2788,4932,8051,29260
21601,43884,36889,1903,42485,1515,57963,42707,5976,10810
63394,10225,57467,18251,16017,23477,32184,24390,63641,24235
32905,60585,53863,33973,51791,37929,23023,14170,33192,26885
30470,32801,21086,48736,54997,20408,55344,52555,58437,10139
31110,30471,52750,6212,29860,64498,57929,7855,51910,24225
19450,10091,31641,14989,30660,9189,59338,10502,50401,41033
3165,78,16770,45402,26081,46737,4870,37882,62800,10754
8386,56581,65153,30211,19499,54511,52055,63896,29157,12689
36183,13481,22585,11327,41554,19154,59408,15789,43008,58337
58882,38716,57566,64300,42161,54675,18806,42691,60708,18528
22990,52527,5865,4135,2655,41593,13897,42225,65129,56110
59167,63031,51902,16917,27386,4829,47560,24484,36326,27949
37338,35729,50675,54021,8411,62115,7990,20094,58497,52586
30476,18745,6150,56473,11922,9244,59085,25962,10151,30221
12720,37967,25980,49276,33009,60037,40210,21366,55637,53266
34697,58065,53096,3926,26836,951,17587,52580,49637,60478
31495,38190,61961,37069,26656,5369,52621,50561,22674,60832
3925,28194,33722,11264,57631,19314,7948,30689,23785,38635
63124,11408,1313,37336,38602,17594,21040,37497,58679,11194
27913,39310,27162,36565,42448,24571,28172,63984,42433,26503
3036,53683,12144,60611,10179,32089,37798,62658,31987,36711
14705,46340,47928,3906,15103,65272,56932,22209,28644,4817
39753,15158,18156,20739,22837,30193,8877,16708,4269,26214
1049,39874,17573,27230,61167,34291,19373,63296,60640,59458
23056,62096,40445,53810,1156,4697,12853,34931,17365,64775
29747,14067,13847,62263,33357,13464,30194,3559,19202,44702
26538,31711,55904,65293,55052,62451,31910,42897,24815,5094
53114,35131,2390,36649,24759,24808,46301,32499,7339,13215
37441,62444,50969,43244,20334,64137,20871,50279,51816,27089
9403,50178,1948,2154,33252,25321,40788,882,465,53832
7607,59189,1939,61748,48843,17557,42804,6131,9554,35244
39793,16937,40452,27918,57530,26396,62198,11031,30232,6629
50141,13324,37853,59522,17822,63724,24913,60477,42619,39457
47189,52568,36187,25183,44906,17919,52758,9016,51111,17260
32666,46529,38877,65114,3707,10335,1605,41573,14765,61641
48444,2769,9537,15234,58349,20865,42438,35270,19869,35992
31501,20317,53728,47050,45798,40069,18839,56281,41343,29271
46567,21156,53657,38384,4349,33634,10416,60966,64026,44157
30386,20369,37111,17149,21200,33704,28470,22172,5639,57481
45964,38820,61918,59927,63524,61511,51234,11941,54707,16260
12470,25049,50573,30950,22265,14930,14314,46123,35022,52459
54625,64564,15787,49094,54977,34641,49118,22657,20580,19396
30715,48154,39831,29458,24485,15545,15791,6131,10515,16385
33455,23073,32167,32933,45818,5439,3517,22487,13726,47549
28502,35246,56207,4373,28391,51416,16991,1048,47198,5292
58906,29683,33297,34839,28303,65263,40772,20506,13570,60380
54927,24330,3924,45380,15229,50834,2330,12371,49259,24930
23103,58873,5131,13318,30805,1377,57776,31641,35857,50272
24104,63733,28784,63292,1266,12499,29500,53355,36294,24113
7379,54044,5230,23034,5573,12322,27,60280,63425,17113
36573,4113,33622,9735,53294,6859,28561,11500,18057,43564
40841,17871,49564,60498,42472,46041,20280,65300,43635,41211
11080,36350,46937,21740,19589,46266,21987,9690,59511,17887
36737,26592,55736,52417,52480,16263,64125,6303,37629,61600
58090,11018,1658,38460,60573,2536,6200,7179,6302,21845
22000,52674,33341,53282,9083,44863,16459,36327,35818,59487
10798,34952,29783,38323,35684,16237,48304,49381,39261,37586
14255,27070,10565,27476,52421,57726,54449,60850,9187,57308
32124,14949,31489,7392,49299,45717,43575,44968,60058,62717
20224,34364,14143,35868,50611,7066,24743,54699,15635,65490
65205,50284,42543,35618,34380,41053,41991,60895,57296,61191
17349,58260,8537,30621,19833,7093,50720,22684,48465,896
24692,62147,39220,20920,59891,62051,8731,56862,52165,48313
27888,26823,31467,22335,55491,63581,16,11527,61402,45279
38407,54334,17959,23343,2332,10956,4962,18537,23094,38945
36202,35421,34991,49758,21052,39920,28504,1122,46305,45788
19596,62020,11992,30573,11996,2439,7504,18424,22347,35394
10494,24174,12896,51712,50928,59531,10212,21748,29325,64579
21910,9627,11863,17908,15495,14197,60656,6477,43222,37747
22001,41742,42565,26791,21959,16930,32644,24698,63728,4678
3434,31273,35423,11777,35852,34040,46978,50014,10399,24161
29871,62546,59144,60600,19206,52103,49366,23745,61550,55140
63251,50446,7177,51318,50762,58080,52717,27077,61966,27101
50137,32044,17743,36261,49854,10471,58384,25662,57798,52660
62995,24265,51841,55030,16696,54925,38747,46130,33443,56045
30855,2817,225,45329,59610,16751,9496,28852,23820,9843
49446,26846,56985,24597,8836,15333,6982,43550,54664,35548
59412,8845,65439,59960,13950,1849,7750,29182,25473,56613
8706,54779,33557,56891,9290,36375,37702,7814,16469,12056
13757,58958,58853,32888,4144,1536,17309,50066,2349,65086
10046,19723,12024,21247,11596,56534,50835,25670,6819,60804
61122,5520,60391,1543,32124,53782,52394,20721,46958,42988
865,37347,23631,22485,50092,42662,11225,31661,35791,33835
60843,61564,36058,10712,29637,6714,26834,39202,57210,43977
24728,51782,13608,28240,55116,4707,15089,51460,38264,31820
5767,28584,27822,52654,938,41866,17134,37105,29133,40512
24847,48191,27800,30439,29196,40260,62317,34252,1323,28832
46351,2467,12465,48978,54720,6148,51856,19732,26235,63435
44288,2810,31015,15715,5437,50918,54052,5214,26262,57571
42326,47873,13173,61282,63374,17520,20219,3069,5664,31122
53539,1343,61805,43121,18684,10909,17865,59395,13036,54030
38539,47816,28485,30570,56397,21135,13452,25535,39170,24629
65439,50023,48567,63041,55771,52775,16902,46181,15596,1768
29686,39468,21672,41825,19416,2956,40622,36072,11584,59020
2738,28293,40913,487,60805,20924,24405,51804,25441,35488
55088,39442,6499,38329,31395,44592,50907,7016,863,13729
19121,55940,44217,49476,51512,26854,3804,39232,15267,30323
37980,31111,30457,6200,47126,30705,51723,29815,53197,6517
33973,33673,30067,38489,62172,35506,11853,51716,27809,54486
14671,61619,40981,49662,9843,5740,57583,58390,33108,640
39141,18912,3185,26231,41785,20101,54694,53470,51483,2296
46765,16090,63384,50057,16021,17944,11697,6607,11691,47157
52844,27430,41316,36583,59116,15918,47442,18565,15196,17232
20556,46253,30214,57831,52264,18842,36045,38515,14795,2067
15910,30309,16432,32075,37653,41503,21791,15353,20968,36083
37780,53744,30187,27086,31797,2683,48018,47316,9448,54955
23058,3632,47891,49648,39732,27701,15475,5517,1147,48615
64742,4426,19206,5563,38179,49166,62228,10150,57980,18235
49166,58971,37999,48314,41552,4173,65200,3403,86,17798
39443,65100,6944,6268,39439,25231,2531,11309,12774,19108
14650,56719,59708,22131,12032,60656,49591,27847,62664,14344
5867,52817,51687,28818,23170,20243,62031,25327,49547,30674
57724,6354,56995,34111,61603,5086,35018,54370,27748,20815
49483,38613,9030,45938,1031,11851,12357,21560,24978,19971
11062,24607,15,47771,60573,14041,20891,29025,30122,22623
31009,51030,51340,23039,11857,1614,32459,2192,14583,29499
50879,57897,45002,56954,24381,28720,6907,7555,56098,59223
60984,61318,36213,60910,40863,12375,57533,30279,34631,12557
40644,22326,63204,16638,25022,9964,20189,55688,6054,21200
1506,14923,10265,10499,33515,3111,47252,1661,50834,45770
18550,39986,32271,30727,27765,29527,25773,48262,20369,20933
26830,51806,46682,56109,48203,3029,13234,47945,21747,59953
29535,21383,55930,18465,10749,17155,54809,11607,35244,63348
19007,60102,17981,61147,43579,9256,27071,63186,15095,50367
15965,52927,19081,11675,50205,57095,11063,64222,52504,19898
10979,43005,10325,28666,54446,21159,19869,29660,53753,40212
16982,64843,40324,61118,52059,46098,48827,15951,8626,10891
42883,13306,59787,48342,63229,20616,41194,27040,13606,19543
28111,58101,53598,30396,2077,22294,34295,42828,41751,17686
23502,51091,38148,45873,33354,48132,9234,56093,17819,52573
54790,26071,14532,8407,42919,29664,12902,43995,53357,17910
22528,16946,36320,16741,37684,28494,1420,49357,14681,4104
13280,65365,27817,37555,1695,14609,53973,30615,50125,6955
41574,2813,14304,31503,56309,8823,30452,49143,12632,34208
7839,51916,22109,14144,20988,29852,57187,4068,9040,4703
55311,20386,5509,60557,1453,42690,513,19533,56220,38579
38520,29557,46986,35390,50819,15502,55827,40052,28629,59041
43358,37279,49046,3375,14456,33546,54337,23314,26687,49935
62875,18186,60469,59118,54162,59122,45771,20254,50116,11161
31116,56543,26107,24334,33021,32564,30970,8346,64153,25496
45280,633,51957,61448,55537,45768,11283,17368,18158,54091
32657,33640,51126,34512,6119,31447,5275,32608,53031,44513
65064,27755,43115,39916,2065,37739,11501,1610,36119,23409
18227,65139,45330,64663,62570,9452,59094,37533,151,22043
46720,57947,7820,29838,4013,61335,739,23863,13746,14988
44006,3143,22876,22770,42157,12942,28221,49343,9565,61501
9710,44494,44782,54305,37198,9174,64467,48869,48395,24909
26156,28936,30309,57777,21393,22938,27459,50592,13798,6669
42028,27099,44625,28972,35391,29637,33616,42981,39707,22914
28197,35277,47769,922,52870,50351,35960,12629,56006,16493
50575,8108,7341,6236,18247,57666,25020,38172,44927,46757
19462,34765,16629,63167,6205,22539,16555,61752,63718,31735
9286,24863,8404,31918,49305,47370,27511,29693,9323,56759
9554,16351,8635,14788,21307,14763,31519,4700,48000,65523
63408,35638,33460,64823,14358,15758,63267,28843,64203,8400
6954,46637,39384,33261,46297,3817,24968,21015,37410,14490
45484,17868,42007,16503,15786,64706,10300,50605,50321,14617
21736,34622,3857,46499,30066,18248,12964,39925,43434,30488
25140,26909,27841,26839,60023,5411,59103,24424,15518,40570
49847,46696,54069,61341,35587,38355,57375,6314,34265,7682
61581,53432,30099,42063,34750,29538,60618,63533,31537,8215
47797,62780,846,5344,39342,4289,14404,22880,63886,45285
16490,38653,30043,56378,60422,27288,18994,37466,33164,13775
29339,15620,53022,32905,13215,2264,4172,5656,33377,40269
53518,39661,31178,10395,27378,57027,42518,45887,35811,42263
16263,15505,1938,46615,6062,26510,60259,48150,31903,32756
55660,41803,5682,8248,51478,27273,9749,22678,58994,848
20565,60935,10469,38240,38090,52656,47181,18244,48620,3756
6268,16776,33617,48678,10560,15184,12457,4845,54034,21099
51806,12636,27693,21959,24270,14934,10273,2414,19660,5449
24687,40141,23636,18364,64290,61126,11759,25857,64953,18016
24566,1,10863,32194,56612,15124,21327,31188,45496,20111
60190,30560,58143,53329,12492,47064,12071,32786,23032,36798
21879,55548,3501,48421,14422,24404,54630,24226,2760,10312
59153,47674,48762,33277,33591,43249,17891,29976,5731,30869
24870,57022,39816,39086,41073,65201,24337,953,49589,50936
49476,58307,44846,58521,7076,8246,60440,64909,10081,19461
40951,24937,14934,16312,3349,16645,34768,54570,41434,58449
49011,16586,20974,53003,16630,23562,49786,54283,4654,20993
5283,33452,52249,25516,20966,57157,1116,58860,43906,26093
50643,62626,6872,56640,34619,1341,7503,60261,21062,15588
42189,19986,42567,61899,15445,19395,52902,60624,37866,5056
18187,47795,14537,8583,9646,9492,22245,40580,7518,20238
26390,44738,46367,7208,8285,31125,64765,64082,28734,25626
3772,20607,25178,13071,64897,37965,27926,41923,39698,22321
19683,49415,3508,62226,20936,16621,33684,21761,24426,2419
29976,60046,49999,49368,9671,32139,39472,53199,33958,51896
32447,37835,1586,63844,21475,42218,11207,56433,36210,40664
51517,32661,44739,29866,63214,5344,6978,28120,42381,39459
5009,62515,31112,12054,46846,33948,32141,62921,56198,27384
23022,31879,27914,12474,38345,29711,24531,38396,35060,62079
31741,3736,53185,8943,62716,60118,19953,18813,2872,50233
53471,14992,9584,48145,33081,8587,30902,43906,13761,14943
15182,47097,13977,42562,45082,50894,51995,5774,63175,45327
52670,36420,17161,41422,52608,30193,28124,62427,62112,56154
57825,53381,17657,24576,2862,30039,17961,21814,32336,34304
59591,28662,44295,59927,47676,45740,27881,20279,51740,36684
14497,25507,62730,26016,65246,29623,23867,55993,18068,55884
61712,12727,33592,2102,27888,61040,5249,36784,55131,46375
63926,41002,521,49635,13074,14873,51136,21643,56466,49542
57867,57384,28679,6494,6024,36285,11350,59411,39748,16946
47885,43099,34088,38775,22171,21326,65114,10171,48439,43156
23500,27543,46669,32171,29023,8693,18808,34547,45355,59772
1036,54526,30832,4206,27824,26650,17927,24305,61867,59261
34982,24746,63875,59062,20139,65327,57074,52456,22025,33423
8193,16730,16709,64414,5842,45837,48678,13964,15729,22533
14523,15077,59547,59062,64060,56286,27888,54714,22151,37047
24352,64374,32974,29039,22039,22310,36982,40678,59985,60424
40723,33512,60186,4646,11141,12116,39592,31808,24852,43730
30418,25020,60551,33932,2899,26862,10143,23290,35884,19101
12112,5741,46555,51901,1144,45984,60383,59224,8043,41230
28472,33897,49516,3816,49425,62847,28154,29439,52929,13556
58892,33800,11507,60535,26560,24921,24114,15364,44001,49989
65361,381,55263,14859,37688,20887,52499,26105,35992,30763
7093,7114,47938,33193,49305,7748,47983,33600,31754,30648
63154,39096,29628,24884,47297,11545,25365,18410,44782,38280
49307,27734,35782,11116,27253,33976,34405,5783,40396,11441
51428,22387,15478,35712,3333,11146,40838,43819,14712,47346
59752,60616,41397,42781,17564,19642,53772,59993,22023,1543
17613,65343,52382,19840,29504,45849,61922,8531,7598,27061
54841,28697,2441,6137,46353,42139,54123,49884,7178,62826
64045,51684,48350,15020,56978,27148,4959,38151,52515,62623
11314,6351,8700,55328,4395,23148,42119,21009,33450,14858
46231,12563,61361,13763,13129,57113,62499,31071,19636,58615
3501,35563,47547,33936,21809,13654,48633,49833,49638,14469
39245,17658,10524,17511,65371,61739,60777,63269,37936,65444
9378,56782,50567,25693,32395,55789,9921,46781,34762,41158
1391,65525,59394,18953,3181,47755,30430,8086,59162,1861
50172,31222,65378,57670,28704,40273,13259,23665,56420,46440
28097,20295,12824,59492,37905,24915,62713,11899,7859,3259
25795,44075,42118,21820,2241,41607,29193,62714,19560,39669
38806,58183,3540,27916,35363,52853,34807,526,22542,63759
45276,58471,59377,60550,39479,14727,19718,1355,32572,61016
6414,28816,50760,18001,57188,64034,23083,65107,392,52115
10776,16006,38728,24236,54319,26849,40714,25449,37249,15896
64231,5795,9048,61859,44795,39904,48088,41293,54106,47594
52499,48701,65405,55235,58809,8589,40710,18479,14868,7732
24546,59226,62481,14843,38786,11712,28303,32156,62602,44117
60036,43476,3247,21188,29689,27175,47848,56838,27418,21531
12722,22133,21501,13434,18998,45036,26097,36854,56818,53655
5958,5609,44387,32099,766,26753,39345,20402,49260,40570
51218,25665,33538,26951,62642,7925,37194,34561,51685,34611
37155,39952,20640,6147,54286,5869,31746,28526,42880,29786
31312,6662,20469,47679,65506,56979,56768,22965,55876,50784
53903,39030,15719,5096,2842,64772,38810,52192,5208,16375
26998,8299,25185,14762,17084,29756,45429,20563,54967,38910
18928,47394,10522,57912,12382,2698,13047,10848,60365,22624
10892,60568,38182,60278,52024,26131,12183,23400,41152,232
49762,55135,14632,38568,12479,31407,26550,34297,24377,42199
38881,26274,19012,48417,22425,19164,37273,63707,35237,17406
61225,5531,41359,63017,42703,58596,8041,57707,65346,4029
4683,58103,3785,24659,17155,59319,35954,29636,2914,60796
63589,44745,42481,35918,53243,37902,37827,31728,43167,42417
25176,6905,48949,12352,23364,12368,27509,22240,42947,20552
53240,64236,50946,20825,53538,34718,10193,39122,38507,23955
64723,6780,45269,412,28143,9444,60318,64385,3404,26510
3087,32548,15036,48115,25109,13231,32533,2615,7939,48445
40509,42557,33917,23543,32385,23832,9053,11086,61448,35502
25489,29220,60824,1874,19245,34625,28075,4081,36365,13160
4079,50425,17596,45620,31791,33757,26627,9673,40808,1096
19669,4882,22060,18156,38276,9610,61328,11873,52137,3749
61918,65179,31605,51708,23549,14068,24637,27180,36202,43566
1825,34538,4146,1290,50217,59233,1260,51274,33838,59081
42781,40331,809,19357,45561,38544,29278,15103,47677,58490
55939,17598,49386,21240,51128,42325,53932,42308,51966,16372
57464,29237,21319,62464,44617,19301,13,9839,9817,23876
61588,44299,58806,23691,25427,63192,52663,49103,455,42067
11645,9989,25952,56444,39953,42931,6041,40104,59392,49955
30630,23683,44598,3084,50726,17475,2191,64647,156,19653
17961,17486,63701,19723,9,43015,40719,34270,43748,61296
40498,20094,55261,53843,45065,18282,13553,10634,43044,54686
26204,42319,6935,48852,12080,6879,49349,51271,39141,43612
38573,27025,13244,13658,12690,3565,699,34383,25199,40355
4905,57025,16490,61315,61323,52479,64324,57241,38657,30430
15145,18606,20717,46478,16094,50852,47285,29875,40504,12813
61757,52329,8917,21640,37061,57892,11569,52764,64778,3269
1676,9564,42499,27494,24862,61846,63839,63083,12929,6787
30365,29749,16586,37142,1316,24239,45540,35604,3168,42876
44807,13365,33797,31535,60364,567,8818,27596,19670,40568
65300,62046,53115,62247,33235,17017,6373,29705,9435,23403
30308,29467,60147,54471,41462,20113,32297,1599,60200,53988
2217,11249,8421,40405,45003,15202,24635,23110,3498,12653
17766,26429,15951,47963,45853,41852,13290,14913,41857,58297
59607,4684,24918,30878,32399,2766,32730,42321,44132,9022
35625,61056,34949,10540,27425,65144,15195,17709,1470,21000
10406,55663,58173,56321,47570,39243,26263,56948,8267,14617
60065,19845,44226,50637,17118,37950,47664,9979,36715,30260
44192,10147,19393,52292,59490,54464,57092,4523,11894,4341
36536,42973,53710,3365,27063,19428,31041,53027,48174,14371
39784,48373,15753,15624,11688,44463,20784,19167,10521,59719
12003,24500,51988,31609,11610,20314,40939,43101,63072,22776
41237,17894,41621,45400,29958,63189,18067,57256,39201,56554
35668,12186,6722,61751,8262,50981,1315,58215,15704,51096
62470,16698,50845,46099,57191,42780,39423,16953,64131,20191
28349,28770,44610,8160,44970,16657,38971,17465,7862,28730
16996,59497,24106,48362,25992,43599,31367,24153,28840,51131
25018,40223,32082,13486,50756,27548,7910,51011,35593,28782
10212,59006,37814,40383,31159,32737,30095,46993,37956,31751
60212,18382,57526,43709,24481,57680,28771,10549,51354,22600
57230,19157,27679,42193,55396,47932,62563,3043,1403,22172
34702,47559,14894,60233,36566,47017,11067,8344,55071,2230
6081,16341,2204,20654,27008,10530,2269,45395,43719,42693
60494,5423,5750,1633,53746,2558,64827,61077,6593,2636
10180,26346,62617,7668,53576,23456,65074,53076,32107,25408
53148,40676,26851,23154,38561,48958,49009,8722,34407,47857
21,2873,61705,10434,46458,49292,3254,59259,45640,50591
58922,50165,64220,40512,55205,64904,10222,50626,20971,55748
53830,64978,52261,230,37661,36117,36997,53643,59853,57661
29693,64095,48503,30359,14516,22624,4941,17334,8939,63189
38630,48504,54768,15913,64957,10154,36263,45665,59598,33543
60665,29218,21232,38764,6011,17850,48917,4724,57755,39964
17551,35026,20405,44431,26836,44867,12323,36071,24601,31002
41700,29021,48970,41277,13345,54930,16198,33749,26863,44537
56913,19865,6354,52764,8639,21622,52463,41835,54762,23778
8727,623,30685,36924,39434,61302,65133,26697,18917,7097
63858,24396,45974,20043,43109,9730,62850,11062,64479,15836
56957,13641,5543,33666,19465,54857,57455,32398,1365,20122
46849,53215,48053,55468,32411,14720,56610,19085,19856,14400
48935,27463,32994,41472,39630,8024,37587,56056,45732,20255
15140,7338,35622,56492,64904,60452,3370,31558,65501,3273
37524,36134,12085,42881,8391,24170,49005,1112,19058,58646
53345,26665,6461,25726,49628,47496,971,30301,20598,23970
46071,54859,48361,32207,1347,32911,4476,36473,18127,61360
26732,20094,17464,48196,39590,24908,44278,6432,57118,14417
42849,7030,58488,22766,16731,4667,44462,9796,22877,39069
27944,7899,50374,12344,32577,62017,30790,63292,26196,40104
25976,24246,42800,53839,19869,12512,56721,63902,17653,2103
18109,5348,28053,5135,62096,19007,17216,55373,54712,55886
11448,18016,24383,24230,35858,56661,10411,37077,28858,15770
58799,52074,62516,63715,59676,41152,64290,63937,25201,46711
37007,5877,7678,17846,9179,30747,44061,43455,49160,39514
26750,61572,61734,40970,10184,62356,77,19399,79,35891
60551,53069,1826,41848,8546,39567,24604,51798,57994,25662
24751,44508,37846,3218,50016,15535,16212,57511,22459,29102
39062,41418,37772,36334,64016,41074,6798,6350,57160,30154
16401,43512,46709,936,25252,12016,51521,46086,61117,43519
1328,41896,8320,2687,122,4707,2114,10403,38447,12845
25554,54519,39644,21841,19222,59356,59944,13527,27678,14545
13640,37193,42595,4511,7188,1357,41672,11442,19782,11748
55785,8,64099,3633,57331,7114,57334,58093,30915,9160
34351,55718,27183,38731,19748,46838,13735,49919,47077,8019
375,62953,31363,47637,14894,45433,37975,45156,51194,45936
41045,47297,63678,8481,61601,23339,14525,31847,11066,54977
31838,27255,20766,26839,51053,6745,22841,33939,50842,42555
48927,23135,12757,32154,12238,56804,27534,10863,14860,9860
2366,1367,4565,52933,82,29567,46391,36038,39996,15590
19817,15116,7725,61865,49879,49941,48325,32536,60318,62569
894,49722,3404,54483,32375,8756,12803,26002,51138,23087
44544,46529,31654,29835,8825,16056,17492,25909,55183,43367
5125,34755,23944,55967,56235,38581,28262,64760,18928,9015
46689,25549,58110,59513,42134,4400,29473,64808,50530,54372
14649,27068,780,55397,44477,16378,25224,15438,48849,33948
38558,46442,12965,62498,59750,41362,27504,64372,14138,16121
63065,51696,5939,30188,26309,36443,52667,47899,2624,38207
4149,3816,5940,4316,57505,14136,28464,19341,46206,56261
51179,16197,64871,1095,56388,22106,32661,18577,60155,38293
57059,35104,36409,50673,10528,47536,58050,11984,26465,21676
64922,59125,63120,50254,28015,31231,6970,46062,54634,51682
14548,20888,16023,68,51746,32381,53451,52035,4146,40270
329,41842,56924,19779,63392,44643,33203,62169,9358,6814
39209,41800,33543,53892,52270,9361,9381,46592,5091,57037
38857,1587,18985,42501,30185,60895,53883,47619,36190,1236
37796,39508,41924,2895,39136,2891,1896,29282,14189,18891
28676,61635,22243,40572,12089,59727,32357,20159,64347,8581
33244,35383,26449,27479,17847,47899,40289,22187,51888,8146
51581,36396,20138,29122,27520,17161,40897,30006,2129,22895
17071,24492,3936,5067,2949,63961,27184,634,31413,17453
17295,25593,60473,34663,61173,59916,55159,40928,7382,24283
63913,21247,47485,3120,28635,16318,32744,42465,18474,34269
12621,49765,59095,1191,62630,49130,20641,27611,51521,43996
14753,14973,37703,19934,16909,48290,29647,14325,21945,37590
42215,31270,53051,17503,63215,23253,43371,20324,18827,54825
65090,20008,10187,30212,23389,31434,14166,19043,31582,34572
8143,53408,44424,65097,6127,13977,23808,46156,53861,23338
53118,43852,12589,59941,36035,36090,30918,50767,39516,62688
13183,9921,20665,38223,40136,9489,4012,13571,1306,11255
6727,65133,59377,18865,61038,27565,47612,61552,47710,11939
6486,20385,26139,35366,40080,57111,7356,10020,24448,51621
42316,10207,64451,45420,5073,51992,36687,25431,27633,24697
53899,63662,15604,9905,26274,34348,17432,14110,4516,63316
18812,26887,12002,29410,10743,46779,28175,40645,64507,19379
46321,36844,9233,21168,51554,57848,16486,1010,59972,39058
31600,23516,3792,52038,29637,60146,49419,31571,28375,38139
29771,48339,60181,12603,5110,32751,10718,23695,57717,13484
24886,35023,46844,34814,5277,56406,21333,56906,39734,63293
25191,33902,54974,8695,15833,60473,5988,30028,7419,40699
14958,24769,2989,20553,54970,15027,62249,18049,13207,50471
33495,19083,14095,54359,15861,36262,19346,44700,39694,42451
22261,18269,13438,47292,6218,38142,12459,25964,27993,35922
4108,23250,51833,28640,9092,32772,39434,23623,23729,51970
38701,11348,60431,41003,61609,59465,32807,11458,34055,5204
15400,45407,13753,51471,15892,10532,38701,36890,47267,64065
64744,62524,14436,30734,4572,9348,26023,25174,3939,16675
8871,42972,10392,63784,1679,37954,1554,49060,24875,12436
22841,26284,60501,43424,3687,30050,61106,11240,76,61876
49685,12659,54644,15130,42345,21386,49194,42377,30120,62288
65159,5338,63899,33342,1848,38674,60156,4366,20664,17996
53933,37608,12979,22143,63218,33739,48955,31140,19163,46607
29785,37070,6046,36309,43502,47434,56510,54693,28989,58793
60530,57693,16893,60913,19974,54963,18360,45359,63588,3877
4840,22714,11412,18918,45203,42346,5834,52520,13500,46059
27899,54393,1562,20254,11927,49255,7110,57802,63903,60911
3905,36248,34,26729,27542,43168,51138,10451,21957,24438
24468,27990,15098,29679,30313,1744,22041,57288,51117,26706
6443,36683,58464,13382,53713,35728,30656,61900,2010,40287
59744,11154,27971,33414,64736,13071,54291,581,37370,54281
60579,56893,27438,34258,5497,16912,53365,63946,64298,8329
32183,44288,38575,20232,50262,63819,42060,40508,38573,46221
55812,39903,1335,47141,62989,48612,9947,30340,45111,15894
11277,35805,48606,57356,49231,31492,54076,44684,8892,12800
9376,2224,14663,19483,45059,9480,17778,40134,46436,38316
45296,24527,27720,12631,57078,45940,31697,64824,54469,11587
21969,26895,27535,55302,55276,8253,25384,48164,44085,35479
11372,23295,33077,34951,14048,40705,23352,7344,13214,13224
54689,9763,28766,5843,2461,40386,3007,12425,64291,24371
50880,10927,24701,44658,9965,8630,1583,53724,52046,51814
11664,44447,34754,8051,19842,11943,28113,34997,14717,8110
36921,22313,51149,63785,62090,39492,4233,46004,19629,33409
62911,35032,60332,12499,27339,36393,48042,28874,14588,61705
44686,62945,57106,22145,45369,902,39008,26102,21792,804
59696,29429,34270,39988,52313,43929,4890,15526,13162,59002
11397,33904,4806,1703,54220,6723,19992,48798,18523,8223
61705,17978,21583,19330,32991,50241,36297,36479,20690,16516
15824,64894,29117,376,58243,5623,5515,50268,58449,39983
6120,3826,42300,17941,53343,56794,60230,51732,29830,2000
58485,6283,30088,43156,39334,1936,6748,410,60653,43429
57771,6141,54755,30020,2113,21584,62617,43463,32326,65042
49538,30704,13156,26848,55549,20200,11637,5946,24558,64402
14361,57641,18164,11520,18417,60200,11522,2115,41991,26307
4249,48372,39777,17920,62836,22351,54118,3011,8635,32291
55847,1702,30053,55383,35158,47636,10558,29877,11649,48197
54568,17724,47574,61110,22064,29916,15130,3640,60788,54494
63805,3457,45276,42539,41472,27720,42994,7581,47099,42537
48264,27735,24518,42539,10183,44817,36395,62442,62087,45462
38798,64647,4077,38804,28559,2907,28249,6385,14051,38534
43142,14556,24211,62806,2715,47779,14277,11586,24883,22757
30377,21861,48265,40404,50444,25632,63096,11026,47676,25196
23521,3121,11344,18728,6877,2184,46955,40110,49632,62354
15644,9851,37970,20117,25956,29555,63258,50162,14574,50620
14117,13759,5192,13178,42237,4354,44673,39084,35163,47251
46184,32523,36962,56419,13218,46413,24796,59989,29406,27030
28128,63607,14212,65400,40764,51161,43781,46690,55291,52986
13028,36946,47160,57049,43390,54249,27187,9857,59893,59052
46137,21130,34784,39189,10095,35621,28683,53456,17944,21994
62026,46240,41701,38295,18732,52447,4748,601,7541,17449
9378,47217,35351,24045,26275,50805,5825,1816,64069,55303
2141,62662,48008,53566,49375,11316,35156,715,8234,31531
30298,23932,7278,59004,61254,52405,12914,37439,47729,56441
27332,60489,17986,40278,32903,24491,45022,32170,27140,24259
5706,21271,33780,57893,51162,20692,32999,26638,59763,33532
8310,15369,44541,40196,9178,5428,39222,54476,32535,64590
37281,13654,5280,61046,15792,36763,64174,44785,60333,57820
32153,46186,59918,35867,22835,19777,8476,17121,39653,6256
30046,33609,38092,232,52918,36180,3526,46648,24818,64188
36079,8469,35178,60080,4456,32379,26788,57430,41031,9246
19831,12007,51905,49504,7248,2954,58469,49306,50541,43307
3409,12174,9066,58737,17810,19130,26577,6602,60249,31288
59150,40724,3612,38047,47308,39604,61075,21300,32773,32035
21835,42261,919,60206,17532,33242,8023,58580,5591,17515
661,6053,24456,20580,5715,14695,51074,10399,37576,53600
20946,58464,38972,14599,2789,14048,27480,18801,25607,52926
3537,30277,3709,55523,29606,25937,53829,29627,53351,38045
49838,58608,36680,23971,54952,36507,6207,8333,58523,39858
27549,51906,40134,4056,39766,12160,7487,5902,30327,60532
63143,58407,23874,445,5212,18305,18368,51849,36964,32166
29898,35121,58159,60060,42514,37525,13257,37939,16772,29453
51852,30258,61380,34689,30336,22493,58770,60103,57276,61992
47998,10773,19390,22254,45141,63950,1818,45906,42395,52774
45220,48883,36724,40143,14698,43015,60068,33489,55832,29978
4663,21975,21152,54960,49460,42353,59660,46187,10846,15985
30905,50156,6979,25643,5467,2998,53658,65158,54713,60959
32581,17529,35810,12122,47867,25979,18489,51552,44374,63409
60605,29427,1658,54361,53242,2486,63990,26078,22213,40865
33660,22312,26263,54166,59400,30600,46328,30300,41961,40888
38776,558,13441,17820,2829,59703,10946,37655,30532,13277
32822,45729,21417,43950,26895,22957,22548,5915,27260,28285
17858,63437,26098,48362,581,12626,28730,42500,30338,50100
15970,65327,20332,25676,23381,2720,17393,53211,20184,58309
54635,8855,30204,43973,18561,14122,60248,25165,62808,32089
37952,61957,45385,31915,36158,45145,16597,56015,3092,33966
33398,40229,28684,13990,44251,22461,41974,56926,61812,60959
34146,55775,58754,48391,42760,62728,4608,16424,38267,16593
58213,28036,57512,35070,61705,47469,10573,24492,26731,9608
13371,65264,38529,48872,31772,5260,58963,61410,23539,33187
6378,61889,1396,59735,42999,34483,48686,572,55820,37803
1263,50282,19499,33308,50539,27828,42871,26370,34456,13426
38655,546,43331,4572,64675,61868,56565,59077,6308,52393
53683,25411,34811,7306,1076,8307,40387,34781,24836,63356
49283,7175,61996,63607,20364,989,57670,29613,23758,22021
13961,36350,34394,2176,1221,22861,53408,34993,33531,30359
24764,32716,19305,36334,53896,34143,1811,1261,7872,46731
20202,39153,37567,53681,9904,29699,46434,64425,56369,4638
54509,54756,55494,20165,27523,36753,13998,49394,6886,25318
53852,52055,17842,62351,61729,20853,20672,59820,17403,60309
53219,15463,5797,16970,52627,45604,11606,13204,23015,64889
28516,10566,33008,17717,37441,1715,38329,10414,37891,39215
25938,54890,34311,65492,14714,2425,15430,44289,31013,14569
45303,10558,62535,39212,27159,38767,55565,49129,17031,28310
10579,23255,63252,19871,58293,64121,10885,50836,10598,24101
36487,7904,52095,10370,22354,23662,34980,54892,45329,6135
928,27319,9143,27744,17996,17705,28992,5913,60358,60738
372,27943,19880,42748,27754,44529,45360,43105,33227,9717
45650,20982,13160,9034,6095,45033,44282,17745,5831,13145
50733,49511,53245,46457,35805,28946,30374,47137,50917,58839
49684,45381,35898,57500,34852,50093,46692,62956,23147,47198
5113,36378,44103,11170,28870,7578,23916,24323,46540,9313
58366,43689,35261,63253,58331,62064,2583,16003,35954,59863
40183,46222,60825,31960,8960,512,19810,59989,29197,50933
32153,51201,3864,49253,27693,13804,1689,33045,10114,50883
14396,11074,8602,44410,1858,62002,39363,38391,44532,22254
36627,58408,40435,61014,58427,33730,4795,24517,19997,60062
55528,56746,29980,54213,2230,22289,53121,55608,37784,4507
29692,33741,54200,62782,12787,9678,10668,24751,59785,55261
56719,30300,35460,39455,27770,45633,35717,29228,6622,43120
35071,20931,50556,41826,61519,51674,2242,17899,7037,16408
30701,61328,23835,14104,21878,45980,14213,63473,22404,17699
38993,62553,22419,1799,28780,51968,45836,3445,41331,29891
327,38363,24798,36246,28903,60955,11210,16902,61214,52020
10355,63,24387,25683,17223,14013,13209,55269,64613,5626
59782,59055,31932,56376,55395,60439,27671,35048,15815,23511
13030,14520,7237,36916,54790,40706,1499,36923,3117,50300
63585,4720,55791,21563,41519,7786,7492,43520,8209,61413
22253,31101,17512,40126,8819,8526,27398,10032,39475,43328
46283,7091,840,55561,63100,56893,27487,2127,55641,10539
32667,7462,5586,51423,63862,63926,34655,35581,57907,3031
61405,1607,21196,22940,5373,14470,6478,45690,24035,55086
49733,53082,35551,9322,60091,56508,36126,39392,1296,34015
47704,38010,45278,49945,45382,34712,64249,63412,41586,29995
41431,16380,43721,35287,42287,48482,49867,43331,61887,15676
6150,48053,48905,1094,54534,48202,48878,1144,38409,35801
22585,14961,50295,21235,4191,62061,18037,38382,13072,55061
5883,864,52223,13883,12687,4719,9658,49187,6014,35065
32340,1200,29321,12924,14923,1102,24057,59595,8832,28210
16441,51747,49697,47873,43093,48771,34816,24406,49142,50163
56441,2490,40937,4565,13355,15804,33380,20315,5694,15093
14209,63596,43222,48630,64499,58643,58682,59509,55680,20736
61775,41091,11991,44994,23425,11364,15678,2690,4603,57554
28098,27497,56460,53811,6888,24549,64837,32134,25089,29769
48195,21759,16121,42038,683,2183,12766,11444,6647,39369
23744,3146,4483,12741,6220,43470,19173,21255,51079,28514
25087,6824,17954,20087,14018,24675,62784,1311,51408,39733
27899,6835,21929,51572,5451,23933,25723,54873,32616,24060
16444,13092,46669,26688,65500,8322,34587,57279,58393,48684
14494,572,56664,35825,6877,45953,31760,34646,19017,22879
5450,7507,18185,60509,40968,20824,14634,64484,15150,19199
39812,12389,47658,36099,14341,42218,33551,2985,40167,55461
41582,4303,25116,33879,64668,16145,21237,20677,54010,29557
5984,48290,20889,29834,55004,21196,47835,10448,55153,46361
50191,61827,46576,64738,16808,31947,65136,28916,2994,41039
38567,54603,17247,29376,10651,1189,41166,62048,17919,57874
35112,48444,20647,12827,42400,12630,30484,62348,35800,47186
64565,56575,55252,50750,4924,39929,21417,12560,38425,7807
36093,26016,7422,9594,8453,49599,57767,11502,26005,28468
58565,51297,49162,25220,26880,14982,16789,22644,24114,22723
32449,49657,41242,45455,41946,62085,29920,43410,62096,16128
62011,25133,9420,49837,47006,56400,15166,50664,59253,49936
16701,14105,36999,21080,22108,762,50635,25045,33379,24390
54330,22754,41380,63511,33144,20566,37356,4080,13849,48333
12940,41065,29846,52152,27452,52898,40848,25410,6498,38040
9746,25443,15858,51481,18125,37164,59148,38134,13300,26501
22106,30936,4894,57603,56282,59149,49443,26312,56559,22187
52862,58437,2271,52553,40441,51,8741,32921,22232,25374
1573,40809,40170,52851,20521,26667,54999,4762,58457,39349
8939,9171,40621,199,50025,57958,24998,50468,37431,17723
19108,23371,2491,62516,64323,14512,52032,54378,16753,16838
50914,46452,16854,35289,61166,20246,16280,35555,65213,50091
35497,26598,10030,63864,24555,62551,22049,13853,63264,6130
15361,15281,16353,7039,52447,52016,32980,5795,8071,16433
12893,4581,38124,28777,65145,58241,6816,28767,30022,28325
63125,898,1824,55407,14821,23519,41073,23007,36030,58037
56727,4885,14571,25797,45852,34664,26619,19441,26050,36720
6505,33760,7491,24466,57102,9770,48576,27521,53115,42666
29446,24735,64674,517,16090,30240,60748,39815,26341,13841
58865,58583,58819,41869,19902,21067,4666,29619,17515,1305
50772,44022,4396,25555,16176,21287,21503,53983,17648,17600
59464,32749,6922,24147,4123,65110,38302,55423,34241,5
51743,54656,56071,62014,48753,18277,38226,48345,12794,32941
5534,20408,21087,16867,37616,9188,45927,1390,53122,55132
56375,39637,48647,38277,34911,32785,47731,62897,2657,43251
59587,19986,26745,20976,17890,25951,29673,3309,60756,1974
1729,20410,46935,4841,14804,43590,9691,61685,35028,58395
3549,22645,3142,13422,1393,60168,51688,41796,62446,16452
5784,64684,23692,14805,14595,5024,46557,54948,30650,50979
50593,40310,8772,14398,64879,45543,37755,4926,43206,60376
59301,47421,39611,64381,42608,14472,27105,14092,45610,4806
43035,63556,19188,43699,32525,24949,52756,48644,9045,24325
13583,15734,46186,9334,50931,40,58892,8963,63957,5312
44980,28129,8786,54467,5064,35757,4084,22554,9945,10811
35374,2733,12186,17856,32654,4181,15812,21211,31294,56967
39432,55053,37318,26904,32933,6006,19585,16706,37251,9578
2939,3886,4855,18426,62739,34023,1819,47413,54517,25913
53570,32734,16202,21575,7396,47702,47837,14284,29729,20929
43350,41016,55257,60314,45819,21255,57877,3258,44490,25771
29214,37983,3072,46887,34278,56297,36724,48227,64256,2521
17509,31438,54399,38852,21524,37126,22772,61769,16904,8831
14715,47517,62652,48731,11136,19969,11432,51991,14869,9194
50726,20366,30839,57391,41586,9465,20687,38185,47582,21612
3212,22336,26897,6278,7606,59117,40192,64057,33016,8848
12484,61326,55683,8785,40678,51834,27674,26559,36102,28721
56029,25412,51019,57703,51319,18508,46453,42492,38685,19898
58152,31979,10205,45585,38366,64446,25817,29995,61719,54910
136,36121,284,63839,25007,61012,40725,57881,199,40054
49148,2656,27109,538,34639,7926,8227,13429,52428,47329
24889,35240,17901,21308,18291,42480,8012,63536,37014,13072
61504,4794,33913,25843,49800,59256,25030,53828,60691,29325
16041,44191,8776,10038,50718,52310,5444,64287,59330,53734
7745,55167,57131,2434,3655,51396,44925,9858,64985,7309
49896,4919,24082,33246,44822,5445,9145,1252,58783,31263
14307,17852,23093,33088,10980,50011,57476,6849,16212,27887
16712,2922,47095,30884,29056,46546,63060,7157,11335,13084
158,48241,38213,8596,48049,19546,2173,30078,63598,60951
50811,47150,61281,40782,17480,5624,59015,64129,49877,132
56317,53322,34077,38893,51993,64803,54784,30389,6335,48493
61876,39354,19444,31342,38758,11307,50647,16683,51501,64346
30983,2228,38726,33342,59266,35727,1873,41856,5389,52601
59056,49595,49866,24047,45768,30682,53955,14783,47151,44710
5177,29262,2881,1005,221,27777,52664,1169,55225,26876
16482,10358,62841,56438,42899,38265,42315,20335,57935,37439
49561,32337,17120,18533,46956,22892,52922,60441,37199,28270
57919,59139,31265,62492,50463,51135,20748,26515,59987,59293
16499,62180,31529,25984,4881,24060,33382,3373,38980,3642
59033,9155,13403,36893,58346,26300,32962,14196,26304,36044
55191,51820,16632,9227,57337,64438,40251,9426,55660,8291
6585,34444,35276,8590,25433,44931,7399,46058,29449,12636
65141,9314,61507,40088,65178,24136,38688,58828,59757,36930
41421,19981,32624,11203,58498,6075,33933,39438,12509,22414
22960,18234,18699,60929,25254,10672,28983,267,44006,30258
42325,31597,56264,44346,14025,42167,55761,58243,14636,18830
4109,56844,25373,29185,39316,63510,15169,61992,60359,17163
22794,31406,16684,62545,55127,5990,48894,63831,28666,57208
54495,44100,37643,11215,55118,1290,42162,26665,29501,49419
55215,60239,42415,58823,65186,3090,62412,14470,29305,58449
62422,8141,57698,36348,10226,28229,27133,57128,34774,44862
62427,57756,54089,53017,54507,41217,4345,7389,12781,20503
43097,44279,14593,34087,46127,3128,2181,690,58436,53146
34449,16865,53138,49302,46,16356,18288,11222,25091,18971
55545,28219,59289,57315,63530,8967,49210,39922,14458,43652
39311,38371,56859,10911,57026,41988,36959,63200,47430,12605
23859,55409,19414,18357,31100,61162,64573,6020,4343,2046
13897,47127,16633,19508,40378,51314,6034,2075,26850,33777
44420,13657,46453,33651,25211,23073,12682,15894,60875,40825
29081,31076,28822,3181,33408,22516,52310,16390,37770,23177
42716,45531,12922,17391,51767,37357,23930,54498,586,2165
48341,51135,36951,55792,23833,38951,59660,41937,1561,54342
3494,51140,53565,56348,56964,1329,25274,43843,12297,56711
56260,63311,24061,6017,19155,30809,41277,8392,43443,59515
53768,61306,63048,47471,48094,26071,18966,64710,12618,40965
37942,3879,15929,27957,55214,16861,54657,1640,48193,57010
60784,21904,65256,54168,8804,16425,42625,28289,61536,46559
41977,3692,51741,1359,38988,57226,40057,23970,9911,56093
57232,5215,21105,2313,21284,14804,55234,58716,58372,43256
27394,23642,57445,5567,19693,26994,20954,62244,11270,44806
910,65506,35143,18901,48998,22661,6678,37452,43568,777
62489,30885,3779,20590,50680,8571,19464,13186,58089,62321
49204,49032,55953,21864,42479,34116,55543,5694,38997,9405
24396,10635,54986,25941,50151,5889,48998,55065,51717,27171
52455,32362,50174,6932,64830,54482,60017,2546,15468,21701
13350,49700,4660,45656,47583,11860,21443,43660,1637,6110
21179,51213,53470,38489,39879,38723,20490,31966,29883,52354
11770,31814,17467,8930,38681,5132,43267,44972,26287,64097
18752,31940,56573,21703,42168,14423,26066,48162,12202,11194
15738,9032,39974,51769,20322,7220,30803,8183,45449,10990
38521,31120,64639,18559,41790,45837,16645,55081,45663,1397
23190,4421,33627,21476,9725,46157,1683,14732,434,28883
39828,23557,17288,57819,3671,24794,58679,55475,56441,37092
62200,34516,52095,30827,56507,10610,46503,23768,24229,8914
28999,35927,42841,53809,33008,50874,9890,7673,31937,4413
10065,103,35046,44494,16389,42013,29311,44565,10464,48001
15053,57161,4213,40341,6686,11068,19128,38407,33954,44332
10919,22482,17857,57676,59528,25313,48400,56648,52418,2437
16287,23058,48558,14861,43051,26804,27437,16302,64316,26839
27806,7021,64556,28093,9319,23119,4411,37717,45232,61765
46967,33242,1588,12525,43809,8866,46710,63805,20868,64998
26090,27701,62891,5246,1635,36164,61480,40823,62816,29469
5916,357,14899,18132,28398,49710,7403,51977,8211,62802
33480,48138,38514,44207,18584,27144,14450,48871,17300,32425
5999,63101,60978,58992,38462,16275,31131,22420,10885,31832
7512,38045,32195,37066,60368,18120,22046,13021,4833,677
31245,17388,48235,36825,56716,13443,50349,40395,29735,20529
63474,50669,51489,63949,35324,9328,46560,60830,7800,23924
43840,33841,20815,8704,38338,568,3655,20519,23733,45798
4856,44204,25174,52742,50677,55181,42300,63108,20782,24212
24303,63638,54404,15316,24503,46709,14675,30877,44022,62875
38172,64959,24699,30829,28236,39663,7538,15548,42924,22032
63805,44108,52922,46980,36985,31177,22445,11331,33811,21756
26766,780,62621,31103,4125,13623,60203,4137,25120,64696
8342,52516,822,28635,32237,48570,53188,43416,23610,40414
18849,44240,13358,53257,46228,53640,51178,10059,14456,21319
53566,56242,29089,55715,58754,6286,52387,6691,34038,40652
8766,60121,39899,22302,36169,31469,60244,40962,29707,30689
13252,49314,65336,60230,18992,36906,9377,36295,25601,8019
38797,35248,22540,22923,15265,39813,60510,14126,40715,52496
38208,34154,39600,60211,58891,4662,52586,45631,11416,62205
24360,61634,55753,23725,22715,46187,37519,16910,44785,20333
45208,62614,44051,44291,48756,42456,14006,17711,42350,763
27805,12702,5630,13546,28630,5093,61493,48690,8747,25729
27480,62913,7106,16926,62700,36549,15735,22724,52549,3146
23170,6884,50841,53009,57935,5465,5466,10292,7033,62331
29595,53317,59382,41209,31534,10672,62880,49940,15574,44041
57156,6035,36682,21021,49986,60732,24799,37866,8203,18930
15337,63932,16415,63117,16070,34963,44369,5861,26837,6299
38718,65205,14025,6137,9943,11062,33182,20095,39876,6995
63567,16160,33325,664,19044,19176,20473,47303,64778,43517
9034,345,23971,49704,21878,819,63155,12606,55670,43146
14533,33752,38143,38545,1606,28991,9306,14897,413,61713
57392,41699,16633,600,37034,45740,53955,29354,12629,682
53882,50784,34651,49555,21511,34035,20889,18978,42137,6757
28097,26075,26492,38983,35192,17424,2036,31053,36007,54892
42065,29995,40009,52046,62928,12659,54615,56186,9733,46524
42431,25348,18103,36658,44664,63438,24857,64003,47393,3555
24923,24584,15536,24063,62564,10593,60189,6597,35594,47947
58830,22973,29069,12075,56983,12740,29862,54098,54906,7272
35870,19114,45974,9605,21528,3082,47342,45982,37363,43257
23797,4790,51221,7827,20058,57931,60022,64651,51656,59077
33286,35303,1541,31185,56865,33133,58795,38599,4362,32114
19063,6925,36398,40961,51884,35954,21434,5950,35950,53020
21911,60736,30868,42822,33059,3252,5210,64797,29899,46588
22937,12047,57623,42396,49497,31158,49234,21026,1273,11808
10181,56962,25079,17704,61425,4625,47064,48129,18788,18611
12189,16651,61528,61828,43990,507,40044,5409,61418,25364
49772,14440,17848,8247,58140,6821,63127,22946,55977,40431
23730,10931,56351,43949,42870,29110,53892,56445,63696,32125
38645,15198,57674,2444,24924,32654,35955,22341,29539,45477
61764,60552,43504,42707,64836,37669,12275,58752,42296,33662
53342,44595,65004,48548,7891,12405,38577,46875,48675,39675
12756,29289,47610,9063,45186,9042,4585,13125,38580,41747
44265,15635,16829,9370,41796,63045,3858,18145,10667,47695
17189,41116,736,63698,28480,29558,19111,65389,4259,19192
29613,61850,36738,9947,1240,2317,40335,58313,13131,53827
26651,23908,64688,29427,44963,22105,64895,58961,16817,49514
33186,18260,49054,42506,61624,44672,19380,46603,59736,23536
2857,8409,38581,54287,5965,60568,19097,62918,55200,9865
55073,12071,52623,31233,59980,47420,37464,44793,13609,40128
10214,13926,31786,36582,25730,20888,18259,59196,45873,23110
64950,7420,56103,7035,48502,19581,13506,56625,14301,53017
19128,49896,62224,51237,56440,60779,2103,10229,9824,6140
56160,55727,23875,56453,39435,14422,30997,40253,21188,49335
20248,48075,49523,55558,11032,18965,8436,24981,60921,22558
10393,55461,32129,44930,22687,59894,48408,19975,26901,1351
42791,64326,47106,40516,931,10434,57716,13953,54739,18853
24584,4112,52292,59472,59230,187,45169,4849,32828,58519
10736,3229,11168,63525,45681,21297,3734,59483,5482,36111
48959,16105,59441,12594,24217,4309,33388,57931,64107,29988
57615,33566,37285,46091,17109,9274,49601,37314,39833,60326
12745,28375,18320,4567,62762,32862,59689,4822,604,48203
44221,18767,17695,10053,21002,12215,48961,25898,51839,15065
55477,12827,58406,48360,32746,64023,42800,26389,57610,22359
41774,23650,48992,25718,9316,12258,43385,61961,63924,52831
16087,25232,40062,2894,19598,8766,61532,40855,36699,34608
60585,25618,12836,55731,37069,57351,37663,56230,50839,36321
48606,18165,58060,26901,192,23682,26498,28160,18446,54543
35847,36760,43241,26191,31594,35833,42244,39970,48892,11797
42186,38358,47552,41623,45479,11004,2761,24907,40500,38139
23125,10623,32311,21785,29053,13310,14033,61228,46057,18799
51597,21381,15659,12344,43444,57964,32614,39947,35450,63866
16355,2404,55553,3992,39676,38591,59012,24537,38128,64092
55362,6977,12020,10299,32797,61857,56377,41433,17066,34561
17257,15480,34676,10417,29090,38935,54962,15372,2770,30678
3028,25604,25660,9114,6890,3595,25761,10067,28924,39295
4105,37889,2553,24752,49369,64751,3911,9279,21975,22926
62980,21596,54762,63372,4740,14902,17546,52331,28555,53612
16411,46461,9073,15873,7503,35097,41981,22921,63291,35823
14600,46493,40346,27304,9818,33231,10657,31297,36146,55074
37780,12642,34876,33166,17638,25048,29348,14846,27084,2926
42889,25091,23212,35187,50804,7496,46613,53801,39316,59906
56113,46437,63345,54110,34931,28281,1993,51997,18318,1996
40783,42747,26480,32003,40633,61479,4328,41801,19572,26673
24010,25363,27532,16716,51050,3650,1628,48309,24347,63296
27902,26752,51946,33659,20811,49847,21333,5576,48705,10031
51188,2143,17822,24412,50043,55412,23992,47912,46796,59665
37702,15818,52428,38610,45995,57264,53557,52705,24072,42047
23633,12825,42977,44876,18945,5396,45177,11170,6441,4412
516,10420,33842,45353,62574,50284,22933,29761,59122,59222
15698,33242,5831,55414,30485,11945,17864,13691,10181,65139
52576,26771,49583,48831,9743,7484,16523,59404,43650,41587
51859,56267,36400,44689,48657,5782,45345,47783,51625,43582
50084,13119,29617,10555,10411,14109,26415,13403,8168,6764
12082,9936,7739,47606,62012,39300,18979,31796,55139,36668
29161,36970,53278,21272,27740,43258,37339,62738,24227,530
19087,28957,57777,435,23747,38910,1651,50203,23348,17662
63627,32924,43091,35468,60509,22520,34747,65252,8174,64707
38023,186,26261,30063,35311,50948,31626,54665,64703,27219
60169,44724,23121,11411,9124,48530,31689,35275,7376,62149
37204,65010,29205,25847,16065,28392,16264,5200,5394,25106
2061,50333,52065,64409,13761,51674,42908,10840,42749,20298
55877,60550,34912,16975,60805,50233,32917,39026,51023,40000
31672,17290,15163,24687,11374,60842,24494,33253,21717,57465
36316,34880,57103,36722,16955,58436,14220,39163,47440,24248
53149,26872,3933,13419,37543,52988,26581,40880,47315,56587
64094,38864,53309,65403,47251,3433,12685,50898,32402,16766
22911,61571,5122,12998,42446,14693,20723,42751,39194,60186
26710,36957,19543,63301,32890,12292,59020,60536,22998,17499
53818,6478,2579,49580,37703,58536,37649,51615,64984,17730
125,45906,56186,2211,36321,64590,40412,16076,16730,724
25785,17950,39911,33375,64909,27199,33615,52827,40146,15591
25057,20892,1765,54988,49224,60917,54071,14459,4402,57981
2734,62621,47608,48406,20620,17660,11536,57207,8371,54310
5299,50498,7094,48679,3378,33882,64531,57972,30988,31634
14219,56916,32733,39941,15955,63486,21512,9486,47338,43505
22277,34616,24803,17663,3463,14547,63151,25874,57323,9460
16747,48685,44233,55237,53099,97,25994,60923,13931,25037
13436,31882,23970,7894,61126,194,61486,60785,61872,43303
23222,49882,17938,54606,44442,32513,48474,9518,2632,64274
39537,5361,30382,9962,14069,29209,34676,63065,63190,35043
33462,7458,17895,48431,45434,36500,8878,944,4337,24409
60986,10893,65351,51464,21549,47812,36568,62226,21275,25724
65431,24902,12903,49744,46848,62866,45247,30114,23221,58538
52107,34729,59845,11093,63510,22363,52920,41581,41451,65359
59207,7776,13028,47264,22159,51403,32491,1036,30278,32939
31815,2117,52541,2137,47941,54274,18212,11410,21755,18833
53868,20171,40797,6783,56714,4798,17673,42403,13442,25230
38128,47120,55422,3054,60850,27378,18816,54402,39869,41228
43474,14792,16593,47980,32489,2611,58707,32380,19854,18361
13415,61424,46576,52272,50051,7150,12213,10233,22965,7884
17721,1304,57059,57060,10475,24371,46428,41141,62037,29088
32794,15806,10099,40059,20828,49567,9418,13517,21349,47143
21203,25299,4150,14273,38663,30489,4278,48052,34547,22400
63422,15664,59417,38169,46019,46392,27078,20146,3269,13997
32050,48307,19673,28842,33121,15223,42612,60002,43469,65043
4762,40644,6850,34214,57921,38572,20340,49880,54406,5921
10464,13424,31181,7709,14801,32470,18625,36011,487,10932
58806,48753,29198,22889,42470,49699,52320,64034,27204,16898
1620,27712,44118,28942,49077,45040,46434,45323,40794,64295
30319,41406,51344,13744,31168,49254,52058,19316,10748,59302
38654,19304,33287,15811,61907,49040,21666,7670,29998,46316
3969,22715,52910,6994,46630,25761,54370,41977,15526,44147
36229,47783,43614,63142,38317,51915,30827,10896,13048,17897
800,62318,5554,55453,61518,1998,59274,47948,26180,22105
24426,64646,54094,8349,46938,62656,21901,26759,48535,40996
27911,16893,14831,59459,7072,60950,47142,14495,42115,39764
46055,39234,51801,35875,59775,48518,29898,1253,2842,59767
18212,46654,7090,49203,33700,7294,35556,23053,7564,56433
35329,27747,45982,16089,23448,64841,36217,33917,43341,2573
11214,18538,14125,39381,32869,24916,9848,30138,13179,28060
12946,6235,19899,56901,39984,63871,64659,53144,34032,12940
34478,22309,58928,6749,26784,5443,47945,49687,26026,10878
28147,58598,7582,4669,54580,6984,62488,12432,34030,20940
5812,61679,16681,56663,34492,24214,17804,57371,1326,3559
1836,44632,41146,30151,31645,29853,3214,18073,18688,18787
60855,9995,666,63933,49682,64658,44791,60833,11584,20513
7238,9964,40868,26778,29352,56459,38873,8974,187,53656
21427,39980,39741,9890,15887,59069,34761,3515,10375,63514
64920,20603,62790,39838,50932,43905,55222,7626,41322,38725
450,5812,53329,43848,40404,826,35021,18574,58255,58483
42431,1724,49396,45224,49319,22467,61714,17062,32289,28758
62596,25935,69,24258,22992,16212,50098,41738,12029,29027
21720,19779,62681,63471,28071,40736,38479,59386,61298,24151
15729,555,12215,65192,41896,37669,14154,12072,25833,12889
29617,37677,10508,20038,3053,42058,36449,53725,34750,47563
7470,18691,16791,23433,64558,23640,55252,51672,38380,32242
41755,11253,59780,36965,22476,29543,47507,51949,33857,17123
975,27416,40259,14141,18828,59576,36435,20765,48188,44641
58681,25729,5324,11701,9677,13069,62432,16193,26037,45349
53979,14058,27851,13761,4815,25114,43052,62758,59203,39598
13541,13181,58167,33340,58227,48163,31670,17059,54744,39744
55600,32455,43390,64065,12381,26022,54606,7321,62311,39395
23997,42239,34960,47799,18601,20825,62593,23722,44322,6406
58797,62761,8881,19082,24069,23273,30082,58891,10120,10826
45495,41581,30210,1102,27009,1291,40901,26360,3660,23797
45194,14946,1901,2017,65072,1679,13643,51160,42755,9513
59199,3949,27909,50191,37658,28513,54966,60898,15514,24136
42147,42704,7765,53455,15952,2476,6037,31768,60556,1647
21299,62137,2840,26945,56980,58206,65204,10544,9281,16992
11891,36820,37280,9611,37501,59848,5180,11285,44478,31199
30968,21501,31389,27551,35401,31158,16931,35003,35589,62170
28523,53336,38274,63601,33319,38968,19569,42042,37976,41568
14387,12064,37656,38564,41363,22023,59423,18335,32930,18913
7567,56543,48293,61085,33878,13120,43964,10781,2750,12941
39699,44913,48494,37641,31316,30169,49573,58794,30897,29704
36836,63371,52446,28346,33137,41378,63922,26233,60711,63411
59041,45625,36788,54950,30590,42219,18801,37654,10940,61882
32687,48248,13142,59170,25714,26316,1317,26589,19373,58382
9790,31694,13358,56489,64368,61817,60380,11823,2523,30200
16670,5478,41220,29207,40239,56875,49188,16660,14075,45470
61536,9856,64459,53578,62396,13342,62740,16914,10743,9902
5767,34191,29533,23427,36633,50849,37167,34982,9788,30754
52385,18757,5308,45776,50761,55015,14747,3450,18542,61629
51832,41289,45825,48704,45584,8550,11398,54731,62692,11806
46653,49940,34053,21872,18316,36875,62778,2070,13830,38020
1082,47175,65342,29763,34595,3070,51583,31027,9375,27436
19486,17175,4348,43651,13704,8898,40006,63693,31113,48713
9556,38397,31477,9332,37085,13932,52315,52689,14749,59816
51627,36795,42932,29094,34182,8052,21427,61875,27428,14110
16211,35059,27840,12713,1859,64763,62671,17905,62026,9683
42428,38022,49793,65025,2604,44212,41409,48463,3137,24249
28077,60296,58520,24743,25340,8792,6542,63597,50823,39784
28733,50529,45244,58339,7089,41381,4193,39529,29941,22807
47723,55134,5285,39785,45301,54545,56746,37895,65072,19896
1653,6290,17122,47371,22399,39692,45436,56219,48663,58061
53013,64730,16465,5589,58056,33332,59304,54248,32850,53178
52621,65170,18218,45193,56588,30696,23805,27167,35527,22596
40444,4670,58657,46062,29417,3957,21196,22433,38746,32062
51593,50857,39870,39170,55196,24302,43262,61362,22949,24162
8077,16163,16307,10192,48458,11058,36573,41727,40928,12389
61483,34804,31696,25302,1226,63036,56452,57659,18916,39282
11266,41544,46726,9654,16144,22915,24845,33192,19452,17531
44316,4081,25272,55525,14914,8060,57231,35871,24928,60780
28358,38779,59273,45422,27916,54210,27368,53520,44303,9816
44954,5060,65396,18338,35472,25976,25822,29922,45950,60491
19384,13674,42224,5473,60991,57104,10100,11206,48455,5776
41780,39582,54287,54015,38689,5410,52112,58396,5038,16546
17526,61600,6866,55801,53280,65369,36324,14683,61690,32605
44932,37716,57206,31955,44735,44282,11303,29163,17771,2440
43898,42715,64379,56090,16195,49452,6521,56411,2832,51644
15482,6506,21794,23011,47285,64265,10875,25786,14431,27280
35869,35210,41770,17894,5596,45151,44260,8485,25728,32958
11039,32054,60885,16302,8665,49748,13211,36755,32864,34870
29528,15682,1647,9119,42723,797,27925,41392,20022,36628
44486,39552,4042,7113,25967,16853,60517,48364,50144,60539
32571,60651,34304,25895,63597,32861,13414,28059,6705,2060
6740,29208,64315,35390,33452,6511,29576,49150,19931,26834
25508,8562,62152,59915,20074,35024,3596,42722,9868,57423
25401,49602,14331,48260,62106,24835,30123,693,64383,64069
4096,20069,17349,30521,8514,3298,17400,34663,32627,60539
39378,3118,35185,9150,14438,41623,1934,58043,7746,19695
28779,50306,30540,36723,25834,63917,29005,32744,3310,59559
43557,36025,15203,56588,35412,10163,47963,5514,42991,46129
35876,15395,63223,1766,51190,23631,17994,6878,35715,16286
39761,7112,65145,43286,827,4086,33999,9122,61575,22492
57946,4133,27454,14184,51512,55483,53281,33941,21512,53088
12354,64758,43636,19943,31887,31191,52263,5480,41920,27687
38668,16021,4630,53743,8119,55742,41591,40405,61902,34198
25209,63739,55428,36642,42577,19040,14187,17464,25620,56863
47464,23868,65247,21469,58798,6733,32311,27018,25714,43843
12430,1634,32076,23724,49948,19614,59358,12671,57326,5495
45736,60633,39700,21935,41730,32384,2134,42028,35908,21038
30938,55570,10327,10781,65079,11577,20463,43052,6165,40096
1035,58065,39987,52275,35036,16423,9165,32349,36760,32205
17019,45167,16903,15751,45104,11501,48343,27754,52583,53619
55407,28255,18023,58445,7197,21405,59914,31017,54320,58506
6226,22741,37945,2469,55468,61982,44569,4659,29187,11234
12038,45527,41587,38698,43113,36851,9017,37677,21479,7339
50476,60323,47880,18922,55327,49445,19015,15414,62747,42967
45174,5158,28574,14934,38376,12997,61077,45706,8171,65124
30214,9878,52352,10228,38213,5307,4893,55169,28236,53156
57172,45270,8524,7574,25264,24399,36136,33831,25282,34275
1435,17669,25111,56964,31863,64934,3297,24591,57298,51799
54361,64929,29646,49181,3657,16615,38689,30939,17175,39728
10491,14110,47106,10122,45455,54637,49017,12523,51391,19454
6028,55380,23889,18979,43760,38788,55457,36544,12473,3921
37219,59587,59728,15113,31836,28817,39933,24125,12234,40155
33455,57370,61355,51822,45893,64579,18118,63464,46299,14119
57652,19754,19718,7409,3051,23709,678,60383,16732,14252
62624,25460,8727,10654,11015,44262,30023,59655,26327,1961
60401,30504,8897,22726,59297,9164,2881,13358,62343,33893
52769,52071,17654,2454,19361,37152,14221,2536,35361,3318
22616,41140,61940,29623,16526,53688,7285,50698,14696,47662
12641,1263,59521,24702,51690,60904,17698,26131,62909,10282
42084,8822,55501,38298,61567,34457,6549,30242,27436,44003
61238,45432,23389,42482,31352,25018,27472,12092,61952,975
60080,48476,13555,35565,65317,3760,34325,19217,46166,40107
2716,52089,22121,38355,18260,19804,1460,48016,57480,11762
14745,33193,33172,52431,15019,17836,61893,26762,8497,17431
34851,8520,37884,12511,54506,54643,56812,34718,19664,42129
6581,12451,42467,38622,9141,47851,21967,2889,23752,61236
39948,39111,5969,49875,52436,5159,52932,46145,7755,40197
29830,15053,12334,31585,57389,34028,8360,42431,49752,48662
50868,35809,4108,12110,7371,27203,61579,16215,22277,19635
44318,9409,28623,31211,61151,51123,32585,4250,28759,65296
58981,56507,17925,35466,63897,38752,50815,47999,23335,47857
61091,23419,40630,33211,5507,31838,28362,12251,42363,18327
46610,30990,31380,38142,31746,12015,34336,31729,46383,36784
10678,43155,54703,7171,65144,25170,62115,16130,43174,24841
20806,54612,50647,23645,4720,27970,50549,32592,46067,581
26223,30844,34738,8488,15115,21007,40300,32714,19661,13871
62374,31140,56456,12730,25834,54022,44988,56551,63080,35868
15858,34778,59391,64945,16188,19242,42726,44667,7425,54238
49191,13914,14447,44315,20348,57325,60203,14510,41509,28601
30465,63664,21736,54219,21181,57393,58553,49765,53704,19776
7314,59226,59329,65296,36014,20840,63141,62565,56302,18719
1260,7877,16588,3726,19188,10341,8683,25997,40112,48854
11922,17881,59823,24223,52320,22035,27313,23173,53245,35044
11447,30786,27596,43629,17747,50424,36174,63928,28257,18069
3014,23643,47135,35268,43794,4212,12870,51899,10045,52525
20273,5796,53131,59513,13477,57642,20964,65403,52211,17755
22809,52182,584,34570,54915,19717,7479,40795,3713,12240
686,2502,25025,53917,8460,2231,45324,44513,1270,9920
63384,6475,234,63924,13931,53799,9798,47199,14559,56991
9719,34942,4666,50383,43842,32455,1960,43353,29709,48052
10908,5131,63205,35548,361,55392,46020,40283,29903,30196
29654,14870,41565,56436,28316,52654,13519,27514,21545,13286
7850,17628,42419,47388,52614,9446,7967,39899,29687,15196
58800,58620,62664,62294,63656,60528,62576,63078,22147,22007
865,45456,1158,21581,65358,58007,15693,21666,33563,26503
24062,5615,21369,56463,54831,34802,38210,36098,57584,5656
4830,33448,58288,2691,6357,58916,55442,7128,53176,45362
28576,13641,34133,58758,18789,64551,31707,37006,25319,61899
8937,21163,63036,60257,39284,49148,59087,54460,60084,45592
53980,29871,5767,30420,42169,50739,41016,49998,50716,15900
23240,23406,65114,57605,24336,48160,23192,2075,11824,21735
3074,7009,63663,54298,60701,43993,3119,32667,24327,45364
4160,64484,29272,51095,24769,18025,51071,53074,26412,57556
12566,3184,35504,23654,42437,57812,2424,18245,4696,40032
37694,6735,5753,55825,49262,24013,50519,8474,42506,43722
46951,40177,34127,64853,38065,24840,56262,2544,12628,52424
4691,51575,60145,60584,35156,62820,5079,26713,12670,14107
36200,53566,52342,28833,10194,60441,16138,49670,22017,45412
28860,5959,25795,23246,18911,46681,26541,49164,33878,10036
6240,60761,5929,52642,25302,9099,58165,60238,62943,41385
65417,40913,43616,1682,50168,22787,29721,35397,64087,53073
48703,43675,52391,46983,35386,38126,62240,61938,35674,23543
1416,50431,56103,6076,42825,3163,27621,41500,62290,1994
31107,21945,16752,64248,18985,27119,19539,59217,44374,34832
21575,10816,6428,16203,30332,43761,27131,43297,33196,44618
33904,52465,61519,54169,42249,3159,37469,63273,42677,13780
39258,3976,18999,49475,37424,41626,53259,36384,29469,39982
43802,29519,45744,57181,62952,64131,62647,48322,64954,20974
7653,9723,7468,34771,20240,25687,17965,62373,33334,13147
41474,59126,54276,12093,22780,48326,64143,61687,39315,49391
52122,6823,34383,41600,40431,47847,65277,20060,12197,20363
55777,38566,31230,36527,28352,41861,9555,26559,31681,22024
52686,10242,7920,38628,57388,12573,4265,2519,63175,8382
5709,49541,38732,2890,13167,44238,14380,41271,20126,11762
18618,38200,6973,26560,58409,16981,11034,9688,60744,50909
4499,50950,9510,12093,63845,8946,912,21121,20584,32227
33543,47163,12869,21482,58169,40213,1460,12495,21212,20107
8101,53260,16807,11647,16159,46556,31923,46803,3227,54729
48657,30606,45981,19005,26378,8869,49503,22910,10391,5703
60951,6555,5974,21479,54105,10579,25526,20911,62518,40105
15322,4846,64579,8012,14298,26629,21510,12418,25943,538
16005,64489,5688,16263,16482,6522,19203,61064,53743,4858
64470,51111,27179,651,26918,62386,22620,48711,7216,58755
29833,26383,63530,22123,14579,30654,14308,16016,22854,34184
59508,1861,7270,36657,25463,25161,2994,51551,43080,38478
61511,27880,39403,64845,26253,43619,30400,13326,15718,42058
12124,18813,20284,2457,26322,57436,44797,1824,30388,57724
30533,6214,60664,16771,18288,25628,51034,47195,18242,2350
5932,31781,10270,28792,22664,23656,11226,37988,65512,37894
6480,50841,9317,41978,16242,23871,54735,60360,64412,25670
2820,15867,29620,35790,58614,48883,63648,9835,62459,62475
43076,469,33126,8487,2532,10988,38186,49291,24159,15929
43377,51920,47544,43287,12767,945,12046,50411,34956,62225
57101,45492,44941,798,50527,10102,13574,53193,21785,49479
40746,48138,49467,43595,2243,64783,31143,45642,6687,17687
5974,16301,12728,33863,46373,22352,35719,27580,35690,19640
54570,25144,36855,4974,7272,51805,56267,62016,17760,4225
2651,4818,10670,22671,11651,13909,64816,65151,32627,22777
63881,23853,2048,13746,3,11428,36188,54232,10836,63471
48549,39043,6639,11013,21374,63844,64822,64772,29227,40698
12527,37784,28783,52720,46143,31410,63879,64316,45446,48941
29172,37645,27024,63076,16399,46740,34221,42922,26221,22854
32653,51991,47775,33727,52489,55914,30051,23098,40462,60729
46418,9097,57553,60644,42759,64790,36445,61805,44202,18214
51588,25050,18017,8883,53676,9840,42967,6136,28443,7052
48055,19394,15825,48599,25505,12576,15833,35682,2852,24004
32208,12406,55098,41167,56658,18272,8374,23096,31517,24282
39133,18934,42032,52946,61429,55000,8010,17553,28913,1600
17238,35932,19996,52953,34360,1617,17260,3369,33154,21147
18212,46208,38073,44799,23654,65063,62263,17175,6451,57598
55553,58365,11275,22989,10804,62894,20636,34494,37588,26616
11794,56820,50565,59046,32230,59296,32514,64938,45971,48017
15616,11257,40269,31349,51460,21920,60706,60516,37325,16854
39116,42608,35069,18906,44238,52677,52086,64329,29100,45821
18770,46425,55962,12293,5474,10392,55157,11913,25446,5306
4944,272,48697,61251,35236,13700,23957,37603,52250,36961
6967,15049,28662,60555,50239,48484,43260,50154,59754,9886
47720,31150,61351,42924,42865,28003,53528,58376,61823,10816
10079,8290,14885,55484,11064,11196,39535,25918,24821,17470
44358,13003,56151,3160,55263,22954,49233,28675,59706,29559
21438,50694,54201,19110,50463,59740,39517,61556,31227,13265
8808,50612,59406,23716,12047,19252,13753,33130,13739,16155
26025,6996,36621,62427,11919,57326,26807,62488,39473,36566
2170,28375,23768,4914,22806,30793,52239,37148,26778,5854
19291,7293,47791,63367,56943,27189,49978,52640,26245,14925
27730,33799,31471,16408,9635,42828,8258,35536,31321,54470
26776,61378,48933,51574,27705,56648,7372,15226,30581,59342
41421,46806,59175,2396,30589,37866,57299,32809,7718,11760
19256,21575,10812,9619,48909,41623,28603,43769,13892,45888
31844,57590,22664,12876,63514,34881,29763,5129,10538,52338
48707,24026,25904,27242,47285,6731,33227,65138,38384,37019
64377,52384,2501,53955,38944,8065,47357,4290,8776,5623
19283,16314,13700,3201,54453,29520,12028,59699,8542,59543
52441,60058,31998,42419,28368,62437,5340,62000,14848,54667
65535,60353,44977,57348,35765,19080,48885,60701,31283,56591
55350,36635,8458,8332,19713,38935,63161,37978,41702,12436
41794,38807,15404,41394,53379,59426,41170,44231,24097,61896
15350,28700,26781,1155,65128,63015,15283,8273,46545,6620
12335,32742,57279,6012,64249,61560,7053,46096,41082,13962
33508,43567,24071,16393,51539,10928,43355,2613,20019,62504
48931,14927,43465,55621,5763,58903,60126,26592,55625,18476
40529,51243,34261,10582,18631,49742,41747,12467,19045,17427
12057,6831,46382,49186,3515,15499,42659,40199,25084,18025
28991,11144,16346,62602,41692,14605,625,15843,61449,58401
13813,29067,23810,25260,5285,10151,50877,53059,27383,56075
45082,2458,33487,54868,12348,12864,26397,7778,29667,15392
7849,23294,4148,53072,41568,36925,57689,10554,17379,40545
54039,69,1017,490,7191,33849,39541,10948,61290,4980
54821,13457,40661,52202,3777,5976,51051,29782,24467,22846
16835,49665,27024,17992,13526,52697,31090,25817,57653,19827
48964,61605,50383,64768,20538,6646,46399,31692,30302,32000
49022,42524,2599,53194,4886,46714,57427,45983,5222,13836
38844,23429,61710,51339,59284,14859,56504,48575,55902,25040
52935,63702,6906,22930,18761,41382,38125,19301,59461,46648
17164,28937,18609,50183,15568,30995,44099,33007,49414,24257
10278,23423,5308,34113,7152,63969,18895,2597,54021,15048
61938,47707,26979,44083,943,42628,40790,11213,22890,34269
2919,3089,52375,13371,51952,50758,42422,26128,19355,37059
15185,23916,14775,3950,63294,540,55531,20873,18800,59831
3372,3899,15452,41627,7582,23746,49279,33621,3702,43937
9659,29788,32374,65135,17479,33424,30275,36982,110,21701
3008,30281,63397,33221,55193,2349,10415,2979,44395,20096
3366,47379,65453,58494,4911,7497,15295,12482,23410,62497
13735,22351,53095,24918,30593,2509,36166,35784,60202,62310
58851,45985,40349,17317,6330,1292,6292,63810,37357,23072
46666,52058,59633,54036,44370,39054,31393,60091,30785,13549
59623,27114,21828,64227,22990,22093,12595,59378,48224,29584
40858,37099,51693,42529,63571,52183,63451,820,31282,63386
29947,33833,63433,51056,8525,49331,45980,58004,58774,44545
21603,48467,58707,55053,7225,38840,56593,5009,44253,23563
8498,48002,24466,24844,14194,1011,4487,47711,27032,34719
17666,36093,11381,19442,8220,8624,11677,55582,50576,47676
11194,54688,14021,64592,34076,11939,52162,21355,535,62624
31678,44870,63209,12451,60565,59201,32885,53269,59850,58299
50226,35337,8066,23808,10499,37017,25547,46356,27282,63139
63058,22386,43676,33647,17886,57792,25762,23336,48065,40691
36286,37368,7175,57833,36929,43874,40708,18991,4376,173
47958,10674,35316,11110,4929,55646,33681,3054,32811,8724
15451,59948,59825,58152,54949,24315,52191,50755,9460,50410
330,14900,10294,15342,60286,50081,15362,33549,8,16818
35031,55898,23495,35014,18175,49494,27250,56087,16734,6070
51994,19283,13661,55063,47226,6374,4598,47410,11589,42923
2145,8199,12916,1818,45560,49291,8179,46737,35006,18332
48546,61840,26031,40636,31713,958,38384,25660,54094,59296
60389,56005,17869,46082,3057,1335,32785,54718,21662,34084
56768,46794,15140,61292,34587,24839,21500,16937,49534,43312
14807,64672,35176,41569,28099,33523,18643,46836,36488,62029
59923,905,46030,36505,27557,46224,11618,43365,58149,8198
56093,44834,34747,29256,34344,33448,27429,16903,28279,54859
28508,3961,38695,38315,30298,60159,37967,65125,527,42885
61717,48190,34070,31807,23650,26859,64600,50082,33194,37434
14014,15051,13255,40011,12557,30832,14054,45992,56001,12124
8253,43777,7510,58937,21140,46825,19472,27195,6533,24740
39143,65045,4914,61172,36010,13271,54831,30890,13847,36744
40784,2605,38942,50362,41878,56421,60380,59742,20308,27441
37810,23860,44688,37723,35170,50677,63094,23187,7981,9050
38280,39604,38569,37545,51790,1331,20951,50484,10654,39165
2751,27486,41927,58419,65160,38205,54054,14729,50459,49645
38999,62186,7724,41508,32502,64043,49490,40797,64424,45588
54283,55961,44130,6710,61684,49941,61943,58828,53489,19204
36566,24888,28581,27317,48688,2493,28841,3243,40347,54045
10798,28040,42097,62543,16547,30958,56577,51537,47645,47771
2961,5240,14560,46112,14911,20252,12429,21083,40901,32588
33266,51100,6212,5079,19103,44085,49653,25231,58374,34055
18807,63923,18171,39531,577,49081,53716,29401,61368,26898
42996,39948,9495,46125,25701,9387,46948,44279,4093,6034
40911,32226,58016,48192,42867,57250,41267,52108,9242,295
25905,64683,52839,5076,39566,59171,15540,23395,34112,43453
58698,63743,40117,53511,4713,10586,35149,49291,36280,18063
6358,39896,31566,36130,2822,62364,63586,43738,15460,62502
5182,2620,28348,60616,52491,21551,31982,63156,24843,59941
39523,31675,24439,50378,55065,4259,2245,32643,17543,32718
43259,38709,13858,52709,37790,21580,12787,9055,3039,42166
25896,19256,43489,29945,56536,52524,22708,57347,18930,28627
16997,13198,48044,5511,7185,39354,16950,24795,31327,34309
4815,59371,62843,42248,48589,4733,35268,24810,41643,62615
11335,40637,10719,29280,59273,22821,5916,53504,20510,52688
31622,53947,8529,27753,55819,60202,26207,7989,54931,40901
22991,57779,22828,11402,41062,1938,65149,32692,42934,58999
9319,29066,14599,31660,35134,26704,53287,3826,47648,10428
13155,4779,51597,30239,35024,64887,25690,5583,59441,29831
40603,49716,16024,56723,38459,7279,45657,44216,6189,25013
2814,43118,25320,35129,27214,34113,30345,54094,55035,4901
11375,45121,55153,48517,20396,59415,15626,4319,3053,43211
42104,18844,62976,20214,58058,54991,18509,18935,26331,11596
52035,51010,29866,28147,9979,29770,48455,48545,33441,2836
51458,14995,3553,65110,38362,40226,4368,59455,56122,10677
27027,1658,49887,45946,24808,31578,13358,65227,53905,50230
42054,28296,31814,37674,64930,13526,23955,39820,39043,55279
48689,56657,4682,25023,19357,7249,33129,55116,62419,40461
21183,35263,56006,15692,43192,56145,40127,61460,29741,16667
34718,36933,38131,64292,52081,47313,28737,51289,22003,57227
26254,61080,10053,56649,62598,29078,19561,10986,35085,60002
10026,61252,51300,33136,21155,53111,52078,56732,51086,17847
46337,17585,50162,5801,54982,12541,36109,13422,24530,62086
52488,49073,27370,2724,60823,216,39748,10893,28752,59382
34331,34452,27189,44568,24445,36901,52574,10888,28908,44540
37378,49668,64951,32657,8715,3127,44403,47414,57747,6084
4832,13202,59129,6452,58599,43008,57959,64342,39895,6077
46501,46240,47534,34681,40041,6408,62706,36676,8036,17801
60247,63753,58557,5929,41450,39125,39452,3882,17198,40511
8151,220,64548,42267,7514,11439,55385,59028,12289,23241
46336,48798,34748,26903,6856,35968,58880,47457,45025,51776
51406,2001,60667,44400,11977,29709,51730,8275,24988,14358
54365,18765,43209,51898,37265,37357,19202,63730,7843,12386
21835,61004,40838,20037,38840,18872,50782,33649,16379,52772
36171,61134,13198,15105,28869,52719,47218,7800,56610,65517
24925,19451,50265,17844,61489,310,36397,37591,34111,6238
45447,58251,14754,4316,40475,21790,47688,37264,29836,58976
29429,2924,2717,44578,56093,21269,13758,56511,34882,16210
43448,38253,3924,49654,50303,23616,38124,33823,4436,2933
13320,46532,5084,57501,26855,61445,9473,44595,20260,62866
7332,64668,29104,47036,33916,5462,61366,124,830,29148
64291,35644,64070,34593,31211,38780,2890,2633,9111,45943
60514,34791,17498,8723,20541,56591,1368,5736,43061,59020
19187,5472,7495,59250,64282,43091,37154,43598,26450,30494
55079,46633,14135,59118,18432,32988,2582,5535,57657,47405
41697,947,54591,56047,48566,15644,29519,4655,50034,33562
44735,64301,41738,38383,10936,39161,42436,35883,28029,53987
7779,49345,7084,63366,17445,1183,16082,21258,30875,65141
46519,26605,23773,2971,22814,28615,19754,64805,29828,54772
18429,24262,12248,5034,45893,39036,42944,42527,1660,5169
53946,9797,63445,17427,23885,62733,47934,55485,7544,49615
63549,355,27827,51006,8694,28194,54008,21663,36309,46360
38672,36781,13191,11032,54950,36688,63972,4879,10928,16957
41083,13812,35758,42442,59137,12869,40566,3686,22156,54406
12716,16288,18737,31714,51521,58503,54238,58726,29507,11930
56045,8685,41564,35026,52010,36967,28081,16516,22128,17858
61718,60445,46049,20112,17600,31949,22497,35673,11925,10156
24695,52478,64060,1518,25139,18927,57904,51538,4934,63317
52481,6404,55064,11033,44935,16317,46354,62898,4328,65362
6121,19554,37846,17960,64304,34925,44565,41977,64822,19743
54375,41745,17700,20151,33039,16216,61808,2657,1612,4034
22919,11330,30522,20949,11443,4980,27598,29738,903,29273
51624,28384,32125,12920,6041,35265,16634,9918,5104,11943
13943,5149,43681,57932,39097,18110,23680,51462,59529,18941
23716,53237,31484,16953,5237,2227,37713,59585,9381,10842
37451,21991,967,20653,42193,26534,24235,5521,57493,36922
51762,12256,61427,59530,7249,13087,60034,1591,23318,35998
41852,64104,34132,40257,492,26357,24915,63600,56084,10213
13672,12156,21936,19661,2486,21698,23824,9625,52087,11870
46041,64265,10902,30210,6287,40512,17687,59151,56800,1306
27610,35036,49522,8879,53063,37945,48839,18849,16889,55733
27034,4870,12319,53736,53297,1078,28754,24567,55281,29531
18668,7865,60274,29109,5020,43458,15997,8457,54965,2087
53696,45228,15431,2255,59942,59337,27080,59814,28876,45813
13464,53209,28319,62534,31456,49597,9889,22288,22751,59923
19071,18437,23901,21386,62842,9578,9995,7388,23373,24611
12104,60921,8211,61269,31384,63747,41987,30931,35014,41209
38211,54955,16271,39068,35049,3285,9301,39673,20236,52724
28411,41093,13859,38429,45388,59811,19952,32968,45453,24076
14159,14252,48758,16344,13717,17957,12091,42772,7541,56754
51726,42440,61282,30511,21663,51766,9627,24619,32433,32626
35307,34288,32230,22124,54235,3700,62677,42765,62577,1522
1914,61831,46644,34629,48153,19959,27110,26802,2670,49269
59997,5497,62586,22503,24977,18407,35513,34010,8736,1125
46759,4505,40347,26253,7077,39601,31612,63394,10187,51839
19471,22513,31686,53378,60699,9782,49617,51740,55796,22859
57689,3643,19909,508,52296,14844,45022,42366,15604,47958
11575,52311,61262,16179,45099,60262,63511,3940,8920,34045
491,31935,61880,63960,10768,21772,18314,13150,59353,14166
31938,13521,4266,12680,57319,46472,21983,10461,19203,50185
29417,38640,49957,21586,29942,32438,6853,18873,54567,51412
47668,964,45464,64627,57341,51187,25861,18349,15688,33156
58306,24405,31023,58460,22990,10940,63267,55174,7494,39493
58211,19343,54151,59269,60162,37845,46689,61766,18432,7036
24434,49812,9537,41868,597,55017,14088,18232,47691,14021
42384,23684,26015,10747,63095,24045,12297,21613,59322,18767
15857,46863,39868,61844,47002,34963,62505,28781,62558,440
19685,7350,28126,39674,32959,14823,43170,3320,65391,10721
28187,37038,57353,23002,16195,9555,59990,35184,26480,32500
28633,29433,40526,27683,57006,4911,59522,20726,58278,27187
60201,27760,63244,48018,52623,32841,52938,54841,23753,29161
6317,12145,8825,47283,58690,34191,11297,28629,38894,2557
52815,56199,63090,39838,12471,3472,19841,23304,46813,17124
59755,57654,24231,13793,59721,30942,50650,46326,28895,50387
51164,9227,45299,43221,31845,32556,64466,54850,33090,27437
27376,59375,29880,58736,28065,40017,60796,64697,27946,17057
13619,37203,34141,19078,23377,16034,59813,62342,32103,6553
34023,969,1602,49915,51080,54435,274,5332,1871,62456
10077,6669,41202,37799,4323,50115,37720,7567,64086,41407
63520,33581,11564,37420,57579,45230,40846,10027,56566,50587
51465,6658,19770,38866,55158,35144,9999,178,13232,12709
63741,41024,26124,37592,57728,1250,47590,11681,28078,29917
6753,3424,26029,32010,62259,20562,53865,24162,11757,32821
5692,30413,14540,6811,7469,54825,26800,21020,52203,12619
20399,17830,45738,35064,40983,60271,44831,34339,24077,65503
52860,16992,63745,62685,40394,53958,24022,7898,19749,43196
44327,63498,56309,9107,57720,53059,51928,28675,25255,43049
16995,41146,22096,31370,28200,9706,51658,30473,57809,41799
26720,5560,7806,43776,14373,40502,65029,14502,61358,27964
23981,39157,5722,55271,7332,30428,58275,24947,63045,1851
32695,59619,15864,39085,54861,47356,32740,39254,62532,6689
3356,51386,27690,25836,61504,16472,36544,49861,7762,8025
14847,56991,36033,5279,18837,62866,63538,30376,2329,49225
64854,1653,17692,15057,61465,32739,43118,48142,49925,58460
19968,8440,621,44505,57771,26866,37150,29141,40227,57583
40839,39820,49715,11330,36560,62724,41263,27643,29615,50220
19015,4158,8879,36741,51233,18449,57536,25079,28021,15821
61833,41192,598,37111,57035,26481,36464,28243,64512,65429
10860,13801,9200,18115,50466,22210,53990,50891,51934,22435
50188,22777,39171,39547,193,9307,62616,19926,17091,38255
36308,3647,11254,51715,57628,41618,64928,46461,60603,58274
34753,30696,12426,31294,50506,64608,38214,12600,11220,4637
28899,38538,31723,21976,63008,28999,49542,13617,22948,6522
2443,5436,18190,2128,9777,14031,52137,47785,15331,53511
15512,4805,10188,49507,14329,12342,21704,33522,41102,19505
61207,35241,22842,54172,64226,24115,1087,27751,64679,30151
53168,47430,2084,18993,17498,46239,59035,55900,64390,17542
25197,11953,37424,65344,8493,53950,39499,48844,76,21116
2162,16825,11004,61571,22602,46264,13398,32323,9915,23311
55653,57088,28526,45900,3405,26057,58173,39844,23095,19232
54132,1111,54886,25530,278,3916,9756,3526,48163,19433
14890,10562,41138,19085,25670,40432,14404,10888,41576,13018
9362,33126,47776,45406,61973,17677,39928,43516,5524,56377
28619,8655,52384,39489,35098,43930,60713,57446,35300,21305
52435,50333,62985,52241,6553,46441,32035,60406,17539,9371
11530,64694,38508,8087,17311,3530,58321,2088,64848,22223
35387,35448,28108,29733,873,62369,9095,18362,38127,21542
33109,27193,49389,12564,57539,37795,30078,531,43061,8529
18778,17436,21254,1535,5921,53122,54845,59491,47347,17432
61841,4735,20107,52920,16880,4894,25499,56737,30730,7005
43252,44016,21654,37803,25057,14986,38320,8809,30159,41964
62095,64853,46597,4355,65525,63264,27510,7703,49614,4277
25971,3004,65264,53642,37519,58347,38505,52387,9529,19552
27110,15442,64539,5324,17763,20183,49972,58028,37446,53825
50235,14914,43454,61942,54436,14708,59230,11034,19822,22240
50816,49071,8200,44327,20103,56368,51343,807,30638,41869
48770,11284,28783,28613,13145,59978,7194,31470,32569,9558
64886,27557,62575,55585,29506,681,47813,529,40616,43689
22735,32467,44182,20664,65441,54676,36165,27489,46064,33983
29095,31324,48390,58337,29734,63938,57122,15120,50270,60334
58446,46598,50639,7170,8418,2797,56057,3661,38114,7497
18194,21045,7698,16125,19096,15802,25106,31190,46120,61805
22082,36231,47612,44665,14739,27440,28561,17981,57321,59466
16909,57844,53207,9574,21817,34285,64711,35717,36216,51456
37362,38664,35811,58868,12110,3759,35379,41491,28165,38543
46821,37382,42113,6510,41762,14557,49305,1255,52184,34474
36909,62750,55219,1672,8395,24302,42240,32458,27705,17945
18229,61783,21254,63178,59425,4276,36779,29709,62136,7901
43472,32072,57191,33358,20487,10548,29369,14302,57808,54026
19937,59535,47519,25303,30927,564,46479,316,47918,1851
52641,18626,62802,15600,39585,61590,64958,47473,31184,14986
187,36863,56830,24447,8975,2364,5446,33902,19643,26017
48241,55200,26134,14893,51810,49934,60196,4282,16053,45189
37483,27742,58950,62621,18286,13659,13435,38720,29469,9148
760,30172,10567,42452,47821,34523,22686,30553,44099,15116
46631,17829,44245,4624,19947,30877,56855,46061,26297,53895
64101,55405,2382,52988,63886,5813,59550,25403,29052,14453
35284,23866,28328,63611,44847,25920,33607,2173,56556,64915
23459,49999,60032,49722,63609,6030,15174,16726,45116,5202
24496,28827,61897,28070,65251,5607,33529,13013,30192,7146
53289,12834,62405,21081,7930,33638,20483,35144,3223,27734
38271,16068,63293,22627,32103,40274,59802,53311,11618,63375
52082,31250,47142,39042,20996,9280,19172,27557,29198,61717
41831,35672,8692,21399,21390,7631,22479,44043,6156,15176
18223,49989,50180,14996,13360,18800,10114,58853,20421,37891
1887,10970,23428,53295,61722,25728,64766,64459,44157,10549
33500,11668,44969,17735,39516,44804,13031,20936,61811,31037
4295,56186,27866,37568,54319,46246,42615,29241,9733,63152
19991,4925,7093,236,25548,64661,2660,30607,32410,28959
46560,52776,59261,48066,8646,26352,48494,43633,54391,48394
38736,60708,57148,24312,22530,7271,51575,33565,35728,14350
35292,4061,38219,6025,16651,27335,41149,36118,26289,32158
47112,27997,10153,25524,15813,28297,35440,61666,49610,38103
48697,5749,39529,14439,4268,58417,6492,51202,49300,20428
7444,27628,60193,4567,28186,16815,53492,31769,40376,33834
63805,32169,42890,208,30870,21331,61613,32473,6472,38898
63634,15812,38599,30712,18872,47912,29260,5082,56515,56778
18758,59175,26726,62120,25586,51539,59138,4440,19607,22355
38192,52677,29881,48605,57709,22774,25359,57101,24145,28253
19147,20576,5992,2561,40810,5682,30215,57897,18477,57778
43128,31246,49874,12461,25069,23051,15478,56990,33493,3637
52045,38795,9289,39363,9120,34714,50375,47523,56759,29366
17513,32919,26526,35748,42200,52974,41506,45133,34815,54749
16704,24235,44482,64803,37749,61615,60357,26605,63754,45525
44964,41424,13806,36050,55734,51379,15944,63745,33911,65492
20231,1192,45388,11305,13997,43949,23042,1738,1947,48884
43713,29326,44626,14725,63780,39013,42550,1591,46234,37380
64830,54817,52243,58890,59070,54498,63336,17307,30290,21724
46361,34388,6790,51614,7730,65141,59057,42170,41814,52179
31102,6156,27731,10460,46052,36992,25366,16207,44839,32434
4678,51109,25442,33888,52080,51300,62263,11158,41522,22645
57513,1822,55939,61610,64499,43697,52546,45127,64390,27112
23679,38390,2394,39411,28960,20722,11886,57339,35652,3144
11468,20760,38934,23969,9028,44775,3775,62085,59522,3746
51059,27051,41339,32924,21960,18160,36927,29125,52404,43244
43192,45107,8329,65440,52596,55483,62333,18150,56963,7930
42375,56500,30403,30034,63461,45389,60281,31153,56641,57140
15982,58683,7935,63290,40878,4336,2497,35679,21713,56291
62802,24926,8010,19854,804,30694,12333,51521,34001,47338
6863,7664,52020,23231,18987,13175,47142,56280,12722,53510
19551,52626,35122,9263,36173,64502,27465,61478,26348,51640
14787,57790,51935,35793,54139,36092,46738,60403,42110,17283
6281,50061,41335,44572,9078,1605,56661,15860,14034,17317
52736,2675,44439,20322,59197,62175,34768,18705,19683,38934
46345,34664,30834,41639,55157,26302,29497,3852,10273,61912
42630,5320,21576,9634,34489,18679,35966,38590,65349,65432
41791,11683,52114,37398,38846,57818,52893,14626,61714,38361
3365,24146,46942,9238,11746,43783,6070,45414,17845,7977
4149,7545,65244,32170,22111,22477,36197,16395,64962,60681
48571,20398,34667,37113,54180,54622,39319,26496,32841,30835
31439,49531,32255,44852,55824,55042,19300,55446,28714,38588
59934,7004,107,5771,6251,35912,10270,49748,47730,37
50927,23312,10924,21249,7470,44053,57019,28313,40401,36137
26031,30304,27209,36063,35352,45794,34278,61510,22319,53000
25514,10649,10618,33427,8557,37548,35521,8719,13814,62924
13507,53777,27392,49972,55787,58647,42943,7014,30823,62591
41692,56991,3891,34229,29710,31490,50229,62431,59882,51815
61829,64211,58434,28497,29746,31802,16720,53008,2867,56759
50221,22022,5881,4630,60569,64517,5973,1377,22098,29958
253,32349,32091,57899,20614,3055,49197,30756,63719,34177
39155,28994,17452,56448,5386,17480,11939,37819,56513,10394
54395,5270,48274,39254,33127,14122,57004,57584,37409,55183
26816,63462,37158,20344,40642,541,31897,5020,40536,38761
21678,3051,11684,13793,6231,23856,53448,60925,8602,8940
49421,63542,42576,46459,37851,45975,26493,15956,40417,51478
51281,63248,52321,3041,42361,46194,44914,27058,8367,60069
44040,31974,36273,45204,55196,50886,51871,36423,14367,12920
25985,10423,24961,60310,52546,19630,54333,13082,9942,14981
13703,23037,13144,61684,27027,64966,3280,26465,61227,39697
59995,5746,63103,11652,50710,26096,56270,18388,48743,43655
23075,2361,29801,7240,26004,18688,11712,903,31123,53712
28446,1923,54138,6208,63548,27970,59514,59167,52940,55877
61395,10414,21208,49587,50749,6564,25939,7873,37219,48871
10655,58916,24232,51274,13530,40622,55410,39740,55759,2998
44004,60496,57379,3968,50498,61027,10520,19719,40694,45044
52204,61673,57057,14908,3839,45851,17146,45688,19926,46786
35076,52194,24923,53584,51283,24642,47458,2752,63061,37411
36128,19998,62419,24262,16732,22446,55980,46634,54538,47048
14824,39354,50920,8534,26106,25814,42393,45899,48764,1248
20131,63211,12856,47912,56047,19119,64536,24522,64435,47372
35210,35258,30059,40798,5949,36410,44260,8062,44382,78
5384,65014,25869,3395,39084,7122,31450,29662,13196,23158
8474,41543,50356,37068,49593,27479,55588,9454,58799,56188
30077,33697,26505,50794,23049,680,51119,60454,44423,22038
8213,30865,1903,3133,64010,11339,57007,43061,18424,35816
64232,63451,27307,63095,40107,64867,40720,47258,32956,24170
20396,17422,55884,36645,47820,52835,61535,13213,33946,56443
46458,47545,33380,34098,9739,4191,11953,64451,30687,8882
24673,18727,6473,56563,6705,27489,56420,53715,21113,57019
23048,43548,50861,35087,51813,23020,57829,3801,41078,26547
30619,26251,26847,30824,4283,23041,44405,46306,25661,2001
16786,20106,49765,48790,53770,64642,7532,38346,55064,61448
42045,45156,23331,52817,30795,38047,22119,9157,8313,61437
14843,22124,51927,62546,20660,37451,60159,43282,18612,27047
33439,48726,39347,2131,23801,50685,19969,60770,1901,39462
54802,53488,49129,12016,9816,55692,5380,8260,36056,37515
6244,55505,9297,21719,11620,23344,5564,45746,25881,35934
52202,19284,44983,10616,42516,42708,30662,65383,21700,43936
60733,59095,19938,56037,15462,35060,55410,19965,50282,19805
26472,31264,14635,18981,25470,43706,2753,42988,9017,12240
47317,58443,16285,56682,45634,12063,11464,25763,64871,26871
20427,17253,21405,39922,56415,50445,56225,3295,30384,62786
35179,15231,29400,327,50151,36224,7692,53065,28241,51026
21565,41336,41580,12052,30567,34587,23852,60644,21768,2560
57762,36313,7267,38403,14850,35351,36659,65120,41424,48967
50829,9576,30305,38602,53920,65390,50255,63697,31900,10893
24382,40820,40459,29745,41119,27394,39809,7906,64216,31505
19833,25127,62650,29123,58794,21581,37546,35359,18302,39455
13626,57306,17961,24425,29587,43388,3671,31158,46938,40393
8995,16377,42403,53511,5302,40556,40582,21478,6210,37962
45742,38492,4374,23721,38942,16205,16237,58250,54342,22657
4451,52736,52902,53992,50134,34,28151,39954,47298,52354
10951,3311,62730,5514,12535,34633,10802,16791,40405,41029
62066,12194,41046,63069,16844,4057,32533,61896,11948,43042
37546,31841,58816,17581,40499,37846,27501,51103,13516,47741
43690,16418,5849,21977,19132,14733,54329,581,34279,28188
36752,34216,5958,26083,26009,58892,2013,62245,41893,63625
9,49334,43530,36501,58658,13751,18299,6667,19427,62738
45914,23969,40818,1861,22102,10295,55292,3026,11399,50458
43691,50703,11329,24383,20316,10003,620,42388,38573,34906
6196,57967,50997,43517,50205,27591,32169,2044,1139,28138
48221,4345,64174,10561,10463,22278,46348,37214,11575,34142
19590,52118,42824,33326,56621,24946,65452,918,19447,34270
18137,41614,25690,5232,53879,48690,27472,48974,43709,33615
7662,8726,19095,14191,47539,5025,36510,34006,44718,43924
2721,35324,47061,16319,9398,61114,15379,59551,10768,25228
48237,18972,25834,48948,14929,24213,58890,3433,7017,13322
28798,51729,46661,28435,7529,28725,6383,46139,17184,10302
59288,36801,36114,51024,53410,15309,9574,40894,38663,19299
21142,22599,47720,4766,41014,64631,23089,50720,35849,24456
33861,54554,32522,58643,12994,17014,47964,35338,40638,18591
32465,50233,41864,63446,2746,6318,26743,63610,7253,43184
33772,5825,32566,58231,9203,61602,34275,53430,59641,27962
11992,51709,3478,21581,52610,39519,39256,22309,19683,53328
41152,1192,12606,13689,56820,31996,2753,1656,46622,9418
62553,57437,48329,61034,59542,29636,39985,64072,21258,64426
8759,44335,12722,33251,23641,40258,24030,51396,38165,6266
24504,16577,19218,47067,26185,3131,29059,20860,44858,24237
44241,51795,57654,47608,24925,43010,15149,21967,41778,46470
41383,14824,18861,35607,38843,32091,38472,40755,64078,15212
17848,64907,49642,51422,42828,2131,9323,14467,34560,28637
137,28706,20455,1777,53597,40897,34737,21421,27000,48036
5154,49484,30439,49500,20601,50616,20975,59273,49589,8861
29816,6959,34129,32663,18520,32420,4127,3023,46891,54579
46311,14795,24362,51365,64924,15333,36508,58076,41482,3941
64129,23667,57424,50261,51397,47181,23042,24856,8669,4585
65459,46928,7972,44768,55069,4774,22268,41657,57582,36634
60671,54379,5089,15894,8794,3994,45304,29552,56082,1987
8855,16743,24426,49420,62068,49768,40899,11301,26703,44420
7690,62517,27688,61169,42706,18934,32687,6021,20372,29562
30792,57777,60870,24748,48224,51802,57371,29960,14618,7580
61928,334,18973,10948,61968,42507,18364,64916,16645,6225
27115,17029,46726,63441,10528,11951,54453,47193,58752,9462
7955,30206,15223,51542,60135,58215,62101,38876,62004,23945
10148,6658,53628,60849,21186,64173,14617,64459,7871,26044
37549,4163,50297,57445,54567,14843,59966,19830,4242,5813
33083,54340,38794,62785,5313,7283,1313,23401,21058,65317
25924,46383,5174,1830,13541,54167,43590,40060,36218,49165
57997,61833,56872,8478,30816,33124,47327,41328,26367,41444
4459,57146,54367,3413,24281,64486,11502,40887,1448,30990
49823,44804,12823,26279,29830,43243,51949,16957,17477,14260
23621,42162,460,12260,23418,8402,59480,50296,47736,50534
27759,41207,13191,20300,39083,43910,30520,37722,17872,24087
3642,13500,55787,41823,59021,30373,36876,37249,45307,51217
26695,62204,28109,1451,52798,33365,41396,47768,58666,57126
28845,65229,47275,59620,61551,23249,19100,33262,62072,36990
10391,49847,37882,51030,54823,57781,15781,14533,35389,7483
63533,39635,43301,57539,62894,45423,14581,63754,26560,41740
62575,55372,9082,17761,47951,27598,23840,41261,3414,25958
19171,30355,35341,56643,35548,12571,9914,5950,16749,23389
5626,45978,7061,8699,44144,9033,17162,44601,54277,28293
7058,9704,20050,12659,30625,2771,14719,16759,30813,7485
48159,42749,48133,21958,23878,281,29287,58645,1425,5412
53911,14016,8106,39157,15102,17996,10774,249,35608,9187
16865,32508,42120,36878,64519,5890,50707,56225,53103,10949
12988,22298,14732,56673,23159,1847,33012,9508,19649,14995
57775,33323,65524,24716,38610,9773,47315,33926,60996,21017
41480,27220,18215,44773,778,10886,24386,29603,59610,28730
54175,15295,41366,39471,26046,32345,46193,12545,39098,30180
65285,18744,35061,60907,36315,35019,13588,48552,49149,19723
10384,9272,52324,47064,24976,62085,21217,30526,64673,43850
38233,14624,20317,60690,6656,39671,6877,46912,26769,7657
10116,27930,57279,58130,9946,13465,59213,23094,32700,40784
37924,32068,35348,45061,21340,39868,61790,52103,27352,52082
15492,38902,53113,20617,50363,64996,47837,39249,10202,48913
3402,14308,63151,28080,64572,26280,25468,52201,24357,41859
36917,46334,34197,48447,9281,61416,24114,3622,41023,44131
853,25178,26822,62704,54644,7214,34772,23152,20806,46801
7878,26907,1866,57724,4328,9648,38855,54662,62386,47659
50156,21506,20648,37189,21272,52968,38328,57339,16060,16956
11468,7394,62772,30236,54158,5078,22580,39146,44452,28253
43910,37611,7893,28901,20926,46872,8172,27222,6023,1123
30011,50047,14316,47376,15378,44227,9319,32041,27705,63154
16107,18886,29772,49086,49389,40501,64233,49868,57712,48344
1784,44886,1790,15249,46426,42960,31618,48279,61208,19785
42371,28292,55915,39289,52771,9020,63731,63089,7596,42129
47892,64424,21594,39753,11950,40385,47447,19583,54832,4706
39538,573,33754,2938,19809,7330,45542,62107,15042,57096
57484,32139,10715,63765,30488,34366,12636,24248,30934,61153
7350,13884,11698,36224,10579,57550,25999,33807,8194,33081
7556,40995,2369,64075,3702,4,9002,92,50237,19914
59185,1254,57258,39108,23012,39394,18880,38105,44775,32008
64598,25355,34127,59992,61992,54194,25021,7382,39872,58702
3783,17454,27501,29586,46740,3429,15024,36441,59666,15310
41656,10840,1597,56362,968,30382,16649,47289,58313,44931
12541,31870,49649,4180,36720,17465,59237,49617,18619,24232
22567,41294,36753,5404,37076,34904,27674,52120,49294,2116
17130,3160,6458,64378,18909,8035,28926,388,57446,34004
26147,11718,22910,40929,17112,59690,8851,18725,33922,57911
21101,14415,56466,48876,4667,49694,24614,60361,48870,2276
4889,33083,45805,31548,35392,45560,40976,831,6196,24853
63199,42356,697,58719,13825,10157,37723,43730,47493,47163
38292,2127,20658,28149,62398,33908,34296,64150,49566,17248
38620,53392,9225,52324,22447,35104,37861,44459,57893,32593
41545,56843,40441,34526,40811,42101,31926,15304,44379,15313
18284,64309,58853,24647,1669,30305,55468,29659,60463,62808
50968,56622,55648,42358,15947,33209,26589,63862,29305,48705
55804,19917,54728,2558,45049,8972,11167,45421,21516,27598
46736,62810,45574,12174,61471,38126,61869,36508,61708,30929
57697,41737,21767,58149,5418,21011,44554,60774,14824,30562
50290,8672,577,43167,46049,32112,51025,57078,33406,12199
6261,39292,42883,65445,2930,18070,24121,48641,3368,26269
48034,37223,48779,45242,41496,62262,47748,55982,53725,62389
34503,62128,60798,7974,43352,4692,54246,27500,18765,40402
53845,14540,33546,60065,58275,63599,64059,40123,47761,54991
12237,970,28126,12909,30922,46845,15822,21058,38474,24029
45204,42767,26244,675,482,7457,2082,64599,53106,64112
51549,16847,47660,3224,5971,7124,58503,35943,55078,16170
24777,59001,49108,6254,64844,47059,2289,1804,55092,28249
62218,47011,44239,38802,54399,7794,35183,25653,15073,54657
41692,1660,53134,2371,15522,35048,9444,5740,30330,15553
8756,31243,10374,48857,27863,18950,7803,49819,29211,57673
22592,64203,31865,1987,22176,175,61323,21004,22666,59524
49756,30999,14994,25345,51514,11988,10704,36350,7665,46472
515,6246,13388,33010,59948,24261,13106,8319,62434,56328
13357,52025,4827,39986,41467,35961,4743,41862,19023,11025
11455,64836,10418,48892,736,19091,56040,60385,36747,38098
17196,48585,33541,18755,17415,4984,28749,34257,31760,36173
38645,25722,29002,58978,11942,29353,14344,33265,33315,59197
9834,59064,31906,26800,39717,1414,19283,29435,21015,39773
11208,48719,27972,29718,25601,5992,35613,59607,22812,36618
41328,61523,26668,28857,45199,16132,13617,55313,12635,64649
41539,28730,3056,59093,45520,37731,33817,54104,46886,51898
62214,49218,44002,50393,17651,16331,5186,31791,40253,22550
52787,42360,53366,62009,8445,62156,49428,59423,65482,30767
60594,49566,41526,6533,18959,12810,51601,24068,15101,39605
63110,5234,17863,26869,63358,49965,42059,30607,63931,22856
39123,63059,18153,51906,12210,2587,27979,58711,54974,41991
12739,30412,26396,60541,38583,46677,6898,22813,1851,61879
25690,5289,48471,40783,12689,50680,13027,64760,1731,8832
43313,32,2696,21752,35389,3191,65128,731,11127,33124
31580,34971,36932,5120,40575,13986,44679,1188,30149,53508
55326,53065,4412,581,63414,18943,49940,48174,29026,18710
6495,22924,45291,5347,32053,42530,60147,65285,23101,37644
42897,40386,6417,56680,18558,46867,63081,35488,3826,18718
49569,25767,11315,11005,62463,65284,41459,30099,453,4767
15752,2302,64909,20991,40827,33523,18309,9297,23674,46448
34328,21595,52299,42288,12646,36147,60082,4768,63458,8984
17546,33681,53948,18293,25815,30059,586,47860,46894,56290
27900,49112,31252,62390,53464,54445,36967,62843,59612,7247
32300,47243,46855,63992,18884,59129,61016,31336,17797,15321
55548,53673,7200,56124,4225,48925,21864,22932,38427,63456
21890,44112,30453,20021,33990,49733,23518,48104,46403,31065
51680,9765,37130,16191,37128,2069,21811,26070,15669,62123
40658,43840,28689,63841,21103,13480,15526,57901,65402,34352
45553,33533,60136,21954,59511,45149,7566,25592,17186,38712
58783,542,18572,19408,15471,62929,13873,55887,7085,53731
22850,36009,13369,38032,17175,10101,45728,21384,51355,45577
42957,47176,60338,61609,38167,50312,2809,35820,7451,47213
10010,10659,43884,31829,21860,8828,51442,6364,19995,19025
4921,30522,29270,65250,31670,64665,37908,56640,26611,15708
31873,59504,48108,44414,27111,17563,52147,51783,1126,8942
51235,12815,47670,28088,9851,6207,8753,1205,13388,1723
64670,50767,21192,17407,37987,5536,25429,6997,34577,17979
21984,52261,19142,11587,51778,22348,64473,43354,63995,40802
55907,52815,45244,55450,43788,63908,60547,46062,36746,16907
23774,5873,15098,24813,55060,60120,37773,47913,41591,29317
38207,3052,24350,50499,61691,63504,63357,48454,20940,28049
55467,38481,41719,52395,55084,26006,13934,64377,15872,41428
56464,30321,17107,3654,40032,54719,51753,12888,35114,33114
1746,51885,310,34937,15100,60576,57332,63948,842,2394
39604,43923,30893,37592,25541,12019,17233,4122,4104,21101
63750,49199,59895,44323,43590,2719,17867,7248,21000,11481
56323,49588,47670,50585,40103,4509,29427,2239,59847,40955
61344,54146,21012,7383,33859,64244,3787,19970,46899,13551
27399,12047,62738,36908,19230,9639,12966,32265,28952,27795
16375,57703,43450,24200,50263,19622,13336,42688,59010,18312
20189,54925,49849,33379,19199,8599,23055,7129,46535,57358
3888,61781,3472,51449,48781,44775,40990,3881,57364,1412
31044,36514,35174,64348,51653,42942,48991,6235,47863,42802
44336,40220,24975,9949,53274,33370,26183,40585,41095,62871
59123,24928,22025,49290,33106,42953,56524,11164,15601,39017
22505,26699,9624,47679,51887,32514,20842,9050,45731,64573
22175,24333,23770,19300,24229,14422,5134,58853,38900,18158
40849,49013,52043,36732,28995,21785,19221,36459,25804,57464
22170,57405,4976,60225,25343,36181,3989,3875,52186,4348
20319,48107,3549,4123,62265,28972,40888,18432,60827,19734
47128,30852,62199,38497,44592,34620,57045,17795,30098,39198
9571,57320,40923,16537,13830,1150,45821,3564,8926,15917
8756,48949,22246,5590,65319,49537,65343,61948,19461,59179
14392,9081,27709,17055,15161,28343,15678,27596,1620,5819
49475,571,23638,53289,8421,8688,39361,9935,36701,31589
56376,41310,30650,50560,5157,59566,38673,49060,64087,5987
29311,8689,36964,55199,65350,7790,480,4769,4949,43024
51213,16514,12973,51573,47186,11227,28981,52580,12237,33841
16452,31486,40632,17903,36924,41050,27697,19142,54340,14820
24166,65221,45441,30684,50213,19999,23745,55760,8246,65528
49482,16768,63967,25916,51699,45288,8315,61516,15112,24115
14179,17990,143,51244,2864,44904,9189,39694,40783,55966
41817,37828,62246,64324,8759,38162,55711,8821,38248,2020
46690,46567,50044,5539,36645,35677,19182,695,35628,4057
51063,34385,36685,14892,41913,16665,51309,53406,44669,47535
12196,3740,65513,3956,27617,28314,25427,39583,13698,58812
12210,11706,22789,21220,33030,17460,1758,58070,46353,25876
34940,35855,40900,54108,53241,47638,12909,30946,15907,8555
3132,20138,9156,61744,8843,17712,22862,17042,41625,41526
39008,7872,49775,3741,22631,11906,3489,50708,34698,60342
5337,58538,1348,49390,40170,5116,13557,5678,13497,8479
57329,60244,34220,40848,9524,14716,7235,43972,45512,55343
24431,11172,8358,29171,46689,28983,58478,36933,36948,3917
44981,32937,7792,8885,13730,23518,43682,56065,64420,14603
46641,3815,60174,59715,40066,14170,31724,64037,55427,17223
2192,35011,65385,12078,1186,40936,37591,36893,11650,53831
29391,54405,8591,47293,60610,49208,34179,12664,50091,38346
39681,22408,59929,58288,26092,32479,57002,15456,57263,55066
11450,23560,8907,42783,36627,61285,7052,6865,10689,26929
13953,7239,45743,56247,61796,18440,61156,56402,52082,41579
26320,6131,36731,56084,37512,7227,63253,24529,50979,31867
14824,42231,52113,61304,23902,5497,8907,29281,62904,60686
42007,25461,2028,63103,22528,25180,2074,25914,7941,58941
43103,38964,18616,20635,64048,10414,57663,62900,12948,46549
29005,21598,2046,63863,31732,31110,39823,22356,31248,36494
45361,36611,40204,20608,48753,11156,47026,17058,4654,6837
26126,37465,64473,14051,6964,23849,50777,5320,64536,1293
50340,53980,43695,110,53323,15194,48541,33237,20685,17287
24188,18988,16925,23491,34341,48823,25028,47375,62988,13025
49777,56070,7194,55372,49963,30580,23613,956,32663,11641
57933,25015,23728,2684,4641,55839,15812,35984,37027,36865
17913,57586,53214,48340,11385,39287,14219,59374,38485,44585
5514,40062,42392,35804,62897,9904,11171,16071,25112,16099
63172,413,57476,11755,32575,56302,39379,23790,13105,25917
59588,14444,22067,57728,13894,6809,19125,50811,4785,10782
62517,56598,4044,42090,63758,43676,48598,19017,47921,61933
32083,64437,46999,56319,26558,53566,57228,52463,42416,12454
37149,14009,34956,58629,11315,23959,53734,52269,30532,1298
57746,17975,12849,26980,17031,64501,61691,24254,53183,42416
44107,60310,28436,52135,50450,48624,36099,43157,53253,14257
21143,37122,16750,20209,38821,33668,47371,60557,44767,8843
62352,54302,15299,54167,7054,42929,11731,50185,35975,410
62552,13857,1780,24224,30807,12777,62306,23790,16300,44736
24946,26766,7366,17920,63589,19946,18237,31463,24767,10551
45686,41824,26878,50622,37159,40335,14158,38442,35015,3125
39313,44387,18521,2562,52315,49433,32850,16117,26216,18507
14135,59921,50298,31287,31000,26450,47566,39278,62235,56011
64592,54839,53335,43356,4876,2356,9018,50366,34735,36508
6513,12184,24031,45093,48451,62315,32496,42371,6569,1784
58731,52922,32324,42954,27920,49832,38704,30994,58697,5911
22940,40603,17316,13357,28368,47878,22165,21721,20017,9854
27388,1167,52173,39465,21338,25614,54190,63576,10516,33807
26154,56192,29790,50029,46575,40628,6841,31303,35540,23677
42384,48561,22080,486,30111,15440,5331,51538,12034,61996
14656,62698,21001,22972,19029,33268,52662,51300,20684,62561
25023,37678,33174,9489,46845,16912,52217,4860,24536,29672
33101,64078,16622,5627,29802,35979,46444,12204,60158,59291
8368,55462,62933,45058,4087,31655,23736,44364,36071,22288
48081,4729,48116,9718,19924,31842,65102,6184,17107,20876
46928,39481,2690,11753,63407,54295,46598,5500,31856,47974
288,42197,40650,21977,33280,46065,39627,53172,60337,63663
32040,48751,18382,37115,43955,20311,64235,36387,38907,18179
32748,47371,2499,4749,887,64264,53422,18467,53533,52193
55927,36281,22818,1342,33016,62521,62907,16422,1380,6582
45423,47,18044,51108,44234,46295,12924,38970,45948,2195
491,9238,45122,59615,59119,49281,62863,291,10244,38227
18675,7437,26035,45984,56045,5179,27824,39075,50973,45506
6460,59771,38589,12734,2099,45784,5127,13380,60859,59894
14413,40975,28732,3042,10482,21614,12801,15752,63422,14757
5620,1769,42128,48176,27100,14140,9396,56105,31218,5623
52707,48147,2274,46531,31930,25598,37873,46365,56896,32681
58826,48051,12460,59916,63180,4480,11147,36268,9942,27630
41407,37530,17971,25515,58087,19811,47900,37941,11382,12977
33034,20239,16574,18070,44013,14375,11262,1665,12193,63839
56101,48335,40387,40477,23282,56654,6628,10817,18402,639
10610,29630,64782,59641,31117,16723,59922,33423,39983,60886
35802,62719,58568,21877,46415,11568,59604,48001,38337,21373
7653,23945,5789,59100,25597,45112,1525,1088,57354,29969
33158,29128,47696,9436,58906,29698,51760,60198,37883,7577
8453,10677,3764,25504,15063,58516,3731,47885,797,12968
36521,10775,2775,50680,40659,11374,22182,37327,9652,54041
27705,53862,40418,2106,59641,54754,34744,9197,42844,60166
58398,15314,64254,60131,59884,47893,12652,10062,4282,30291
9463,21658,57322,19986,2258,40689,27634,38179,64866,30978
30086,23028,43529,58469,56474,33558,48580,31669,59035,24745
2599,6837,23619,20712,4619,53150,39025,32633,37396,52472
30047,55027,28150,33008,12536,13314,47800,42743,40891,40768
17775,53307,40653,29145,18317,11828,50196,15500,14570,56606
43792,10946,3123,51399,42058,38379,8487,25779,4681,38827
53568,55531,65252,40005,45265,48605,7648,15440,64140,36659
42098,47636,49281,62964,12806,30310,24708,50137,60174,18636
43038,12643,4302,19822,24488,29819,27874,34075,53063,58145
43250,34998,39791,35703,58319,11852,13525,34609,11585,52203
36891,28631,50228,36604,26192,6430,52856,47891,1697,12311
32637,37715,8218,20942,39015,21139,17597,43402,39804,43087
41485,26901,62609,442,27036,38389,5454,1669,22617,587
8817,58897,4270,50064,57021,59852,43679,39469,62961,54263
46541,63498,51363,38291,31710,37039,28466,28864,27963,64165
30889,44718,53180,44719,34026,62515,44366,35868,5891,9665
62739,36491,52258,17831,32193,28395,32482,48181,54384,41350
55853,41188,36577,24708,24260,15908,6699,18835,9920,6906
7441,11170,62708,29230,43419,53911,37384,9129,26619,47049
38944,20145,19453,9217,34973,45803,41242,20662,64159,43795
29761,51786,58795,27676,48028,27737,53333,23229,15857,24458
33288,2831,35359,10545,18893,184,34427,43931,19648,9680
24009,2968,35322,62183,42266,4308,38910,44697,22653,50203
49278,17770,22267,51725,10317,22570,3685,49586,13467,47472
51955,20058,8160,649,23069,61410,35070,55983,46930,2645
40755,10301,26941,15691,49391,10934,1625,31225,17775,9456
50586,8110,21677,61049,28141,2511,46078,19434,25835,64542
27255,6098,43011,49065,37509,48729,18889,3249,29158,60064
38915,18263,63726,41725,7572,11196,59906,29076,59234,26453
21669,9290,24736,32364,9761,59093,64441,3501,60587,31212
6454,31237,54688,63945,24613,6412,20707,32710,39206,11870
23341,27190,15396,29253,6667,5181,45387,42095,17675,42795
30288,60646,53826,5575,5732,33339,54425,874,2393,8616
37537,19121,11409,27543,36274,49040,48757,60571,55364,3959
64321,59152,36167,23665,2883,11368,40391,55356,22610,39453
60013,58145,18021,47503,37542,51504,51954,5455,28395,55584
20565,55523,36122,6850,35909,65292,60590,63340,56878,47271
39661,64893,35148,64868,23328,41063,45933,51693,43210,58517
39264,20820,63719,29597,54983,50754,22787,58036,24778,44078
22829,63782,2872,32937,42709,46903,32986,13506,42881,50833
43485,32162,40721,10707,20656,45308,27022,15887,60367,28622
54019,57817,17035,55799,44756,33309,27938,64163,44392,49836
39433,26481,56271,8145,46959,57439,37862,56735,54835,12200
59776,2554,34635,27476,26485,7713,48866,10067,63685,18935
59735,59836,21549,38279,515,5366,12548,45735,47108,26790
25150,14691,65467,54453,39759,34484,16745,1013,34333,24273
13224,21807,31183,34310,32478,45447,15783,61653,11447,42053
7590,10654,6854,4876,60381,13993,13878,2403,16091,35062
28516,3636,11014,62339,34381,16167,51433,59453,52769,54412
34896,26269,44674,37154,49335,12123,25595,8538,10970,27308
6200,56127,64817,51353,25810,13404,65052,47547,22356,28027
60073,42643,26027,47086,41275,57340,42466,37636,13248,33992
30873,20111,56799,12265,59874,20497,47182,37447,3401,50589
33505,28667,50868,48780,29255,13380,34431,32783,128,51377
21580,23527,4679,61278,10563,14155,23238,27486,25584,64965
16113,8351,39047,55632,8693,65136,30770,40298,65135,52024
7660,41287,55391,49987,49122,59241,18891,3140,12533,63806
44321,63851,26874,54906,22122,11951,27429,53291,50558,45283
29314,65056,52104,26728,45996,6503,51464,39886,11445,24789
57323,18766,10137,53681,61778,31935,60237,52832,11804,11005
55241,4262,10227,61514,46793,32604,59671,14354,55256,44377
37354,57897,42238,2450,32271,50404,42632,4025,43173,53763
62087,41049,62694,19049,51088,39227,1760,63842,59831,12159
33579,40417,2197,16027,40798,60912,32120,34901,18509,2203
12640,25322,63450,52637,18104,48464,31123,13990,10808,36818
25183,29364,32668,58330,3373,13055,47236,45520,55903,29429
26757,54217,27416,57004,43123,55393,58275,57939,24910,35259
114,9203,44324,51363,15448,54892,58602,7251,40992,50410
37228,1126,57654,58207,59720,43145,47778,64671,53006,2706
38411,12669,3566,22401,31231,54925,3668,5633,1378,53673
63657,17692,55915,10590,40557,31966,49595,49931,8966,33504
2699,50649,33427,44330,62110,53069,3982,57778,47303,40782
32658,26249,41900,51520,55279,48517,7626,55473,14433,60130
22430,27051,38359,18135,4296,31502,25990,63956,63903,44892
7150,9398,63578,64504,59334,47851,7724,27776,18730,33164
13847,3583,51070,32400,30474,50046,24345,34635,64543,38690
38023,6693,49022,15860,44638,30932,57214,41523,10401,8249
1902,64119,6507,54782,46851,11718,22160,17755,53248,42621
39279,38898,42769,50234,12640,50184,17982,57981,6046,41332
8406,54914,38058,21785,39525,40066,10963,48625,3746,36237
30659,29309,55436,37139,64952,37330,31878,58658,34339,51936
64419,6738,34531,9628,42806,55518,37562,36497,61219,59874
25175,8317,32337,51644,39920,42164,18112,39366,1126,54139
38457,17636,4663,23786,47503,16099,19508,56163,63643,58315
59228,13039,50312,37321,14083,507,20288,1061,37439,33250
46819,54441,48409,63524,65530,60821,48656,36986,33516,2904
53749,46303,37007,45791,61158,63644,15616,2756,53621,38540
53839,22333,36655,21178,48441,1658,39560,20611,49770,23962
33584,14289,20072,63198,53494,58405,38295,45006,54846,56074
49722,11505,18654,5250,20217,59737,472,3849,7192,9554
36243,1555,19762,43699,12607,5722,50318,19315,2356,29541
45388,10665,29477,36235,48686,7398,16922,54798,55623,28227
52927,52764,37637,59173,60087,56806,35473,50339,35047,43562
731,19575,51429,26289,2537,47536,20127,25969,1202,11521
15588,47872,13290,60536,1596,12970,50631,58435,33952,22317
41211,42474,33593,55693,419,20325,50978,21582,8638,42487
35151,39142,29419,65487,45752,39462,28692,60443,55557,36933
33174,36016,690,38784,20084,26706,44884,13616,45258,35611
29803,33592,28721,21436,31636,34478,24424,15460,44763,43846
26425,57778,39992,44051,48299,32621,1610,35111,42374,27946
35452,43807,16875,3632,22349,49368,54387,54453,43382,28543
32911,10356,54490,38446,18376,5295,27345,25380,62356,25311
50960,8911,6230,33203,14676,44635,62963,14218,16096,30629
32945,58713,28880,16717,26191,13845,56905,31041,34685,19204
20456,29153,22092,42777,35641,62311,42783,44071,25144,52635
9361,33137,52720,7867,443,41179,61745,61911,52478,34772
53877,23290,15867,57554,46425,23661,28879,53463,38017,27712
29400,36175,53,56841,25325,46474,33583,33509,63997,13511
61542,46470,49633,58199,30081,37683,1302,52297,26127,39558
27421,35802,11935,19513,13855,55838,12034,62306,44465,55859
52753,34933,40191,22551,22183,3621,58109,60014,58544,37881
59433,16114,55171,42244,26440,31539,53507,18541,36121,30307
63661,31754,12367,42665,46189,1747,18419,24999,13657,48034
4421,9499,28009,18165,61375,32902,19663,46511,14948,9051
29385,9885,34690,62428,35105,58665,22154,52561,16358,3143
29956,59337,27956,65037,53600,46348,37047,51841,64649,19702
9193,46471,55106,50773,44348,9531,7316,49911,51912,23992
32835,39023,27504,64497,56651,2656,59547,33980,41274,60306
7076,22486,49175,14116,38400,15593,62094,20480,13892,29799
52432,61494,5637,63698,47033,47254,38545,1955,59189,61641
24531,26741,25335,30283,11382,47353,3918,55732,40788,11956
62381,60514,63881,47221,10676,62093,29852,43123,46900,27948
25308,52996,37445,9527,59297,51532,7423,47754,42522,21884
46516,8632,38365,45513,19124,44020,59541,17002,14482,45735
19105,58933,24433,26022,41082,53762,24439,39905,12448,24521
47417,30055,33737,29100,2649,35498,22876,35022,41283,48950
9104,34485,42936,8545,25496,43114,13274,37605,12068,19963
16497,16733,52855,41502,16142,23359,7947,40901,22204,10667
27915,39939,10283,1600,62658,21204,31088,13871,36570,47131
46789,2931,49404,40534,36217,25513,20055,24002,57287,37984
57044,36789,18067,15597,42126,28699,10770,23830,24818,22249
14848,29539,13034,13617,39610,55135,7478,45731,17698,5745
21652,60682,52649,20042,9233,57669,54005,10169,33429,58345
20877,30540,51411,39768,41426,39704,41123,17968,45452,2285
15409,5972,42777,44935,48843,53442,58256,49074,37421,36251
2288,48108,31045,15682,37604,57307,61824,39806,21040,16708
43431,36680,60922,8720,5510,36014,59102,53165,48188,13490
64289,30288,2974,35595,45783,14963,36233,25145,30713,20190
12761,24797,43794,28763,29247,19113,25308,33645,661,30501
55080,61186,41523,1566,38701,30704,13152,6758,58102,7711
29180,60831,56399,17380,33656,18184,32327,33358,23052,32886
28243,62834,3610,5564,4751,20021,16838,15265,27476,63407
22441,5643,46875,21192,55209,51489,63520,34127,4557,42183
38288,30674,61731,16087,10025,35473,266,44523,11931,54595
62506,65105,36270,18154,5402,9393,56082,15588,10776,37939
17323,12289,32286,27072,55748,3196,2088,12618,10748,61103
43070,26963,33392,35259,39094,35229,46447,59531,56189,57628
7461,51046,31845,62690,27474,12566,4652,23615,58804,31332
4452,30969,51175,39978,32331,38405,2724,5810,31814,62618
59397,125,11265,10566,50442,3827,40124,49564,47281,12229
9847,22020,4177,16708,25941,62529,2933,3952,25117,54427
10463,49030,64670,3646,34185,8741,57004,21253,52545,33734
26851,56812,48462,47512,27518,20910,31490,18045,53443,42361
7676,8501,22840,21525,57663,34900,5813,16588,27279,56738
33885,47406,30859,11410,41088,19651,14030,13302,1031,56866
44312,35877,15579,54617,10076,63931,46105,63231,11583,32942
6069,30835,61298,30009,44205,8398,43359,28170,42709,620
23763,8763,835,26993,52548,39360,40178,63209,15565,25292
29239,38096,20639,60203,42752,45483,17568,61972,63903,43747
39507,51734,28132,20613,4224,11089,4131,53954,2990,18964
49827,14330,23818,47600,40503,23451,24855,34042,45286,55604
29000,10844,32082,14638,735,58381,11920,53619,38396,5353
2109,11699,12638,51538,8209,28859,18643,33159,7860,3129
61288,53819,9347,18576,64086,51272,57410,55778,15808,47631
47278,58624,44544,17560,59433,50492,62423,36702,15341,43664
16558,57187,45480,12391,38100,34064,63876,28197,27189,62971
44563,17363,11558,39788,53760,19726,55898,10893,45647,61338
19270,51569,63514,52435,31220,59507,16259,55180,60109,35153
64497,56785,55236,14922,58073,44192,31884,61511,35535,38483
24794,63073,16342,10186,60104,34300,55411,21520,16785,35996
22044,16218,20016,2068,38282,19502,27489,28326,13260,41374
57163,55193,59488,46522,31971,4471,43651,17493,24220,25516
46516,58938,38813,43763,16159,55326,59738,44649,33364,62622
61910,5150,44317,25592,32718,14400,28387,27610,54538,47212
8008,15767,58182,16629,53638,42756,24997,2758,20725,59580
6143,56468,21017,53357,46350,53777,3561,1468,32301,5822
36014,26860,32525,31105,65383,65468,27481,10723,8532,11851
23920,10444,55471,10572,34912,5285,64678,28389,4721,47824
54257,29665,64574,20081,51904,17502,6214,13250,29998,25097
59036,20192,1652,12517,7200,56216,22546,1561,61796,37756
23710,4677,61205,50087,28374,18392,42312,48077,63750,20259
49736,54541,19139,29951,39620,23700,13730,49143,63247,47127
65129,64085,15390,27054,50289,35793,22651,40443,18944,11035
34634,20177,20154,8982,42373,62587,9410,32923,58470,59859
54845,7798,31152,43365,11387,21399,40906,55483,2909,62145
14355,4362,2957,22592,10158,43021,56118,55725,35895,5895
54957,37290,54455,55972,59296,56590,13787,45040,34782,9762
25260,34961,48185,25484,41258,1767,17575,53282,3574,39612
45396,14245,5573,9370,13063,8678,40818,23081,36933,65154
31215,20592,38725,17917,60375,53331,50721,9545,31897,7203
1903,57226,41633,11995,34604,3845,33543,32645,37442,52882
46432,12039,63272,63364,20719,15995,64145,964,53614,35404
61576,55064,3304,55584,56544,63579,38910,23990,817,24413
44958,3206,46988,51840,47834,39425,5753,52189,10013,33574
22917,12235,46778,60603,42759,39960,60138,47251,6479,49782
30552,45399,52866,15003,32020,26776,25697,12389,8153,14702
15235,21794,11081,10967,19149,6873,34632,23401,51051,49257
6652,40553,27022,30587,5311,24333,25624,43085,19704,63925
34559,52955,27679,5734,17717,44213,53448,62935,62724,38010
6170,63357,54117,37716,64529,46552,16492,55480,63550,37356
5728,53055,14212,63501,16496,8667,51404,11210,18248,19133
30215,16878,43635,62924,29151,26903,23047,25156,9984,14727
8966,62259,55146,26644,39405,65528,47502,24757,24226,41215
50073,30747,62332,7182,5006,18743,60548,49062,36058,14820
45281,55171,19164,17335,42266,43951,19942,17524,51141,28387
32813,26276,37513,12725,51639,41653,17997,46594,60205,32461
18241,4227,44022,39683,53019,56511,6146,46263,54627,45425
32267,51707,2760,55272,43284,29853,2352,3164,48559,49981
4493,58529,47116,9991,61062,27892,40110,62039,24695,19996
52404,7388,19044,34748,27253,52973,14344,25669,43238,34398
53676,31833,48840,36155,65181,12341,10990,8737,53542,14173
18081,32100,52203,55696,8014,43898,9024,44383,60192,54615
25977,26190,57538,56943,17065,3037,54220,9309,18957,6328
27722,51898,53646,43939,7729,5005,1201,12251,3135,7887
7205,17659,54705,6882,8515,15764,48686,35674,57106,40992
28787,15390,57709,51873,62958,47808,10451,59549,33722,26454
2045,64428,34356,8757,12309,18022,24362,52161,48467,57978
1138,393,42319,11320,64789,44694,63510,9033,60548,31320
52976,9612,20240,50714,29034,65315,46118,50928,11263,11727
49936,50923,19117,65329,12136,41261,37524,28300,26309,55564
30443,8141,7347,28120,19503,6638,2072,41287,1904,31681
16197,20274,21674,1417,33770,44198,52863,7745,30308,62292
40958,18487,27706,63600,22030,46359,9503,4767,27162,44120
863,20959,11380,22768,10485,3617,5111,62139,1309,10091
63743,47833,47084,2827,14676,9274,1806,27786,18020,19574
18037,25952,56257,57650,7341,56361,16782,57266,29060,32344
38221,10143,25643,20062,20280,20787,59953,61939,29231,23955
26416,46748,53903,47978,36517,43533,24727,62764,11699,8384
9824,30816,38005,37540,11848,4530,5441,35017,22064,42038
309,55929,29833,37710,10086,19411,22113,55224,54208,64276
32270,63163,10329,25159,3987,5740,56419,36153,56092,26933
48194,47667,51892,3739,60795,36223,51904,2827,46280,50044
22006,22770,29159,16775,33474,52763,48434,3516,64852,62508
11080,59196,10950,12161,51301,53860,31983,21564,22743,10089
18421,51369,64976,22896,50839,15105,55291,53217,43592,18405
26635,23791,61015,20993,53329,50303,9,50165,9005,9274
9549,14950,58588,29909,56376,37551,17486,16531,41147,37043
9583,63899,21543,52120,29495,4939,56155,19290,46973,24646
30303,45911,59501,7799,1539,22826,19196,44475,42135,15340
39823,21461,18632,1873,35637,61353,2148,31568,64867,8733
34919,63770,56008,13839,874,45464,41602,14779,16938,56661
3948,6552,40435,60114,40403,62049,18111,31250,10932,49632
4981,57477,5120,49028,25354,32630,32055,14476,29891,48961
52854,10786,8922,5867,13543,32157,6501,12286,4988,41711
18752,50552,53913,41344,29948,10152,18745,24646,19255,61604
29718,31063,25357,19784,54479,61438,64606,8225,63345,53566
33527,43849,61312,582,50001,1345,11930,61190,51129,37796
35868,44653,13527,32386,28979,57241,64988,19405,57619,37682
384,63314,50792,12218,23384,48620,45215,3319,3126,6785
34357,28155,47809,32251,11422,11255,38046,36429,54524,2954
27476,50335,1390,18049,59798,43091,31360,38034,40992,939
45625,23240,5076,46759,54055,53584,12657,36647,43659,7436
35657,14891,8735,3478,45044,36436,13912,19412,61180,32879
43870,58358,26752,64175,32899,53510,9794,59451,21855,34577
38150,3826,59133,15768,58918,41914,4262,60810,177,61755
18841,52753,60568,9900,39582,32282,40927,63833,35117,18549
20403,37586,65058,57788,33148,36355,61001,16824,35548,65118
3783,2065,22981,2641,22155,6336,14387,19756,10302,3042
37265,2621,65443,50994,14321,20556,28619,28684,60701,2626
18941,17438,25060,44750,29880,43870,42140,18177,3847,59022
27684,20581,1841,31794,11475,3998,32508,50053,37140,50369
40706,12668,6523,20391,53547,9066,31587,2029,3430,52926
42006,62891,32643,60930,22800,58060,7467,6364,19175,15910
31929,60751,8242,40829,56466,50853,39316,56085,59071,10717
14632,25818,40005,19927,35066,18497,20817,16570,20508,16821
25511,57945,47133,19369,20817,36090,424,36346,25689,23483
39634,18556,60694,10030,5795,46502,29326,48294,13304,64982
1767,55019,28127,44216,21204,59720,6817,38712,53514,27023
53048,7208,33539,43716,38242,42370,47611,5811,17745,33365
29282,55094,17258,48367,61086,31437,10941,63646,14381,57699
35746,46965,24658,59211,60340,5739,37631,44242,24172,46468
4013,62311,55672,15038,50406,1191,52041,56001,64121,17733
19703,37701,28805,38390,51064,63824,20236,37902,12214,44777
6083,62933,11649,57294,56968,21840,56435,4529,18029,35277
47970,22047,25777,29662,58609,45194,65352,37506,64321,5927
56841,30829,33969,32303,58597,1462,61536,20351,11864,9123
13872,25147,28563,45693,16120,3269,21725,4238,27860,7673
49172,65320,64066,29846,27369,33781,3976,33491,58123,59132
6691,31669,65296,31531,54436,1601,44010,59336,29626,50454
31750,32130,46960,3853,56794,64686,15601,59223,8584,35955
20283,2408,7166,8460,26912,34855,16475,54471,20084,4271
14340,22323,37204,59523,62648,33032,26741,39667,31656,48370
45200,4473,8821,36912,18878,12410,6312,61388,43569,18124
38570,51596,3500,51017,50784,6102,13321,62070,19368,44767
43647,11461,49028,59516,14589,12340,48111,54347,6060,35600
6849,48982,8734,46439,64557,44428,31721,23988,43316,52072
17099,22120,18909,34170,15714,60334,30335,23669,24366,60010
10182,44880,35353,13020,30212,6261,55853,43427,36616,9940
12856,1909,47699,38016,57404,1552,36999,12978,40914,58486
59639,16644,18312,7753,41426,59938,52760,10789,64221,2150
11396,33442,61858,8470,24109,61210,33912,54271,21741,48069
16777,48871,54084,59432,64283,23837,33217,64566,23015,56722
11107,56437,27914,23604,34623,34124,52488,53858,21745,2546
47531,44814,4444,15686,5829,12811,14662,43682,49081,3031
9998,58646,51638,21159,10025,48864,28293,8746,52663,26472
22883,1940,39713,58220,38217,49993,57252,58741,21153,18451
55234,11161,40429,12885,44524,25810,62521,6278,36449,45583
51057,54216,25119,27140,7963,19289,5750,42662,16667,32223
44749,25668,59155,37523,27870,1995,30590,44125,14035,31092
30519,56075,54627,58577,58546,47337,44879,11346,15038,31297
38510,15894,49203,33068,43248,22510,36307,50366,245,38574
21474,1412,38675,21291,60402,46715,40417,54416,38016,6259
13046,19382,37631,51545,44305,20528,22253,41822,41669,17894
12193,49512,21235,35685,38548,63371,54037,13096,63403,460
42930,22586,2882,47672,344,35584,34635,36040,38624,8796
51816,55087,39639,44753,14170,22137,41440,61910,58354,45340
24291,8344,62175,47059,52183,16953,47067,19753,52166,55849
27275,40108,12623,6506,1861,9397,26847,3510,6264,14750
58193,2445,42967,9168,5401,42079,27223,45782,51133,10716
33892,1215,19366,57899,18300,45181,43288,43082,15232,4210
19615,3019,30302,1569,41495,20606,59401,46279,58518,8447
64373,1529,59236,27571,34237,41020,57243,60648,16482,56828
56496,26192,4313,46579,50551,65522,41195,13199,9333,39024
34126,54507,35542,29787,55660,23102,29347,5008,9302,14957
50944,39603,41084,6835,34852,19070,50416,34117,26882,51976
10506,53079,59079,40448,21065,14343,12148,20615,12127,54981
31515,20899,9424,40650,30907,23800,44565,35055,16456,21268
61409,50856,1075,40245,25555,25260,46902,38971,57473,13040
28942,44552,52576,30312,263,53836,17952,61114,27310,38898
15816,31376,59424,54779,6125,15092,1088,64375,126,7346
35544,45825,28001,49937,38571,38453,32618,20,17312,54418
27491,62491,63115,31094,27609,61921,18349,19568,7043,45321
40110,56884,19100,35101,54480,821,24304,64877,32564,2938
40126,61928,45236,7676,55774,10787,22971,50091,55748,11971
57909,26607,20849,25357,1693,39777,19201,38719,59188,35443
55141,47093,19612,4514,2967,63508,58438,39796,62321,23513
47828,16329,12145,23272,21205,58298,16916,55273,43223,8471
64613,38169,39209,15517,38476,2939,62889,59935,27531,43355
47681,57289,14879,28778,21563,50103,19068,31290,59305,8509
22356,5395,61393,45519,50437,16357,17781,6082,63454,3213
31669,10172,57348,23298,19666,1117,60722,18187,2643,30581
43370,19748,1595,56636,53429,5081,7177,23678,62534,54648
5692,16541,58169,19672,59498,20182,11463,6571,50636,13699
21865,47054,11287,48918,26073,44425,29688,50408,22239,21234
63611,39437,24175,12027,41315,29786,33050,26839,25758,44478
62024,6309,6848,61811,27541,10545,2906,10097,2886,57239
51627,40750,2604,64805,39105,43212,17480,23988,3574,49564
60420,15583,61830,44603,6936,22875,42700,4459,31775,43880
48163,44153,57304,61135,60317,41773,58798,11240,30583,3641
57237,3220,63459,8709,58418,16726,32377,19905,47810,42341
43466,31106,25830,16381,2134,58895,35602,26449,55054,10820
44889,9530,34496,38033,29552,31305,59575,29590,39255,19773
64963,22313,44169,42567,45442,19436,49418,27984,10822,50134
997,33304,13118,46684,64473,3838,35094,15938,52535,43919
34900,20519,55166,42892,5674,52627,63877,25684,14038,52563
8777,49230,18612,22890,53904,45036,11494,11210,44154,31210
64824,19204,20224,52149,60135,27871,59756,17759,58913,13830
1819,52057,33847,47520,35926,13918,4562,36819,30282,65096
17090,39517,14113,21931,41451,12679,6690,20344,25774,61861
33762,54383,44881,36416,5424,52350,28238,47522,28945,61437
43554,54875,63007,58835,27038,31714,10080,9044,1053,65407
55857,773,33788,37507,60861,61987,25161,1254,44311,43618
54826,36749,1181,48176,20152,65406,36119,21154,47272,43059
49428,59722,19253,30994,36326,32975,19401,35378,4450,9567
10802,41072,23909,51852,54636,53334,6156,64880,49918,5739
60658,10628,14479,52964,21644,59059,27138,14396,19083,40987
40664,18150,4273,35787,44819,60709,63130,31958,53058,28100
30070,33528,23334,7990,35164,29819,32345,60287,1810,18387
59871,39377,58848,10127,61242,1814,28344,39243,21164,9765
